3a845617-efa6-4f58-a11c-a203fbaaa140,0.94081555,11.01238243,40.43659332,10.83385115,11.36962565,,0.94081555
61cddb86-b5f2-4dfc-a208-28bdb07b2b7b,15.49739034,43.93710321,9.482089712,26.85404416,26.12413865,,9.482089712
e2871479-1344-4a63-8b43-faffae22641d,9.64737622,10.7743706,41.01885305,26.6754804,2.568585927,,2.568585927
c4e14ccb-ca9c-4c1e-8223-65423960550b,26.97808034,33.51473108,12.77323372,8.023719897,27.23044441,,8.023719897
30340f0f-a131-4345-8722-cbac6e11266b,24.26036797,26.97254242,12.39023682,30.31417216,41.78473894,,12.39023682
8f3fcb08-eda8-41d3-950e-fed8273e4564,3.893022596,1.454632582,1.90957083,3.144441305,2.142379034,,1.454632582
fbe0a930-5ce5-4e6c-a8a7-c29cf57698d1,0.633508663,0.642383171,9.395191888,5.502614444,5.999382977,,0.633508663
6347cbe1-284c-4854-950c-5b182c0f5873,23.40920724,22.09210582,19.33384874,21.21481809,23.16655368,,19.33384874
cf6823ee-9b68-412c-a057-867a40bb6321,15.18051602,36.37241672,25.95958342,16.50026167,2.445249776,,2.445249776
29469bc2-c583-40bf-94fb-de919ca21601,15.32833691,19.04480128,19.65520783,18.24043937,23.33323378,,15.32833691
3a0d9d2e-d55b-4794-9d10-ca43828f86f0,2.508281291,22.67086066,12.19917274,51.81251217,5.852190645,,2.508281291
343511ef-93f0-44aa-915c-cfd3749d5b20,15.10125136,1.450578277,18.13931361,1.153052915,15.80993491,,1.153052915
921aced1-d724-4d21-9acd-7473bd7f0fa5,15.71894636,19.08532375,17.75679913,6.496424142,19.54707048,,6.496424142
a7ae59c1-8c56-45a7-998f-e43d429bf5e4,25.33515673,15.71843579,14.97980902,16.26903716,17.93689517,,14.97980902
ef986aca-5823-4c81-9909-871444188f84,12.42481178,17.56774936,25.61136147,22.60226242,28.9071791,,12.42481178
27d4423a-3f8f-471e-bc2c-7fb2957be0b4,30.34939622,35.27078133,15.27423458,12.52498494,12.94385413,,12.52498494
e24999e3-f8e2-4434-b7a9-fea6512d8f7e,6.288559783,11.37361549,9.932776862,15.89515982,16.20806251,,6.288559783
d8bbd0bc-4eeb-4d11-9fbb-b77752314dc2,6.714284671,24.46594006,5.745006171,7.4256453,7.162990886,,5.745006171
7cc107f5-84c2-4f70-86c1-498a01d5b2cb,4.290810371,12.01657039,23.47576898,5.063912623,22.55757692,,4.290810371
4ac91b4b-b547-49be-a842-06f173381376,9.875057802,34.46460556,9.296468725,15.74099444,17.68018707,,9.296468725
59a88b9d-9721-4284-939f-df1c9987f8c4,2.308046106,7.855861395,5.986577072,10.1832624,6.656805686,,2.308046106
11bbb7d1-610a-4203-9793-98c4298fb698,2.47934007,7.682335916,7.103739247,17.11631343,10.47181505,,2.47934007
86687009-11eb-4c5f-9f08-00a1c3ef71bd,3.606452259,30.75620714,1.570750074,2.265486988,6.17296034,,1.570750074
14e179de-3c11-461f-a8b5-446a0ccf8a31,5.145846258,2.395174393,5.577619109,8.475317837,3.270793547,,2.395174393
78eda59d-0ab0-47f2-86c1-f8b1b48f75af,32.94132143,3.385333012,5.497761218,6.299541497,1.802061559,,1.802061559
09e059f9-1a64-4e54-89ee-457b3c715222,16.38482483,5.715122834,3.009096338,17.08681231,3.28114703,,3.009096338
05a6f69f-e707-4267-b9d9-49e38a159bfb,18.2968505,12.86713309,24.37631964,35.61740055,10.77176781,,10.77176781
8d24e5e2-386f-4186-908c-d94fc79fa988,23.3442116,19.70581175,30.43149053,36.74157362,20.43897649,,19.70581175
13caeb26-cf24-41ce-b5a7-55036f293f5d,35.1871003,34.62356382,30.99269952,45.42401403,9.127433443,,9.127433443
935d891f-b90c-4bf0-8f4e-75202c39ee0f,23.23494363,19.70431282,30.30466616,36.54801684,19.92433365,,19.70431282
ca4f90a8-379b-45b4-bbd3-d1c3a52f77b4,23.26662149,11.01612883,26.95970367,19.83099404,18.02789302,,11.01612883
46aea4d2-6a0e-41ff-8f0c-e892ae6d9c00,0.775406814,0.325774437,13.81217634,7.624000306,2.697555581,,0.325774437
12cf28b2-f4ce-4061-8c4e-5f9d3a17ab66,24.74070088,10.48662357,17.01333064,36.62224131,43.77348771,,10.48662357
0b8b8f92-4872-4bf8-9a8d-d42d56fe6b9c,23.6096252,48.34831873,27.27252338,11.38438088,9.010238759,,9.010238759
df186dfa-f443-4a42-9f5b-5b9ed39190e6,4.22113726,3.16792734,2.020134004,12.75224254,7.854556117,,2.020134004
37dc100c-3b09-486a-802a-a6d19580ea81,37.54947937,3.437338417,3.577230434,2.621321422,6.9246095,,2.621321422
8f6419fb-238c-46c0-a20d-144b8cf6a068,2.547355275,36.25208246,29.34157713,2.214573164,9.646168733,,2.214573164
1768b6b4-0c0c-48c5-85b9-3475425dc3bc,3.796112608,8.144487002,1.299469858,1.556916218,11.73715779,,1.299469858
987e5113-d7ff-4828-afeb-b387ca10abbf,10.0999262,18.20367653,34.105253,13.75861734,10.92903676,,10.0999262
b68dd977-4388-4d6c-92ae-63437efa12b4,2.090799971,2.218680513,45.48400044,37.03095854,16.4111179,,2.090799971
652666ad-1159-4272-bd0e-8e42fd12c277,20.43309007,10.82799863,10.08950318,1.725915915,20.16277656,,1.725915915
f049c3d6-3d82-4f46-b6de-3ba624a70db7,35.40322018,18.00169109,33.64655216,29.47115387,33.22309713,,18.00169109
fe334acd-5251-4eea-b489-fbdaf15cbe5e,6.181162954,0.926910121,3.895284513,5.434044933,2.959555488,,0.926910121
aa9ae40e-bac5-4934-9f04-b6f2c72460d5,0.628689992,5.191127922,4.445600243,5.557533498,1.407216171,,0.628689992
c80686fd-12e8-47d6-989e-cd9975d8bf72,0.800004403,7.442451192,8.113902116,10.29193101,13.09761628,,0.800004403
cdf393c9-0a3a-4370-aec0-9c00383a7b12,1.23329489,4.24792994,1.467011626,2.912268214,6.49126826,,1.23329489
e3ba6483-71e0-4880-8162-747f03067e16,44.63528993,44.69307276,44.22892368,42.86757553,19.96852911,,19.96852911
cc4fd775-8f17-4b50-a9b1-f3098e7d2d9a,43.53654097,2.042111987,45.56605422,41.8515453,10.31770619,,2.042111987
d12007f4-15b9-43ca-93e7-eb7e41e09f37,3.037687975,1.72506457,2.533203865,4.227584777,2.69956399,,1.72506457
8b1cf0cc-f2ca-4465-ba07-cc8daec47bc5,9.133979086,1.918873025,10.0615169,6.705998349,9.814206444,,1.918873025
bc27fcb2-3bd6-4b86-a4dc-82affde9f619,0.790263537,2.177648141,7.970038263,0.607751175,3.46925368,,0.607751175
c74874f2-1a3b-4db1-bea7-2fde96b41c14,7.533577436,17.73050609,16.12169935,37.67799926,14.81647373,,7.533577436
b0f9e057-4996-4205-b7dd-7f4292bf5393,9.467444233,17.61383149,16.94260884,8.205324646,17.93841559,,8.205324646
829568ba-e1a4-42d0-8cf7-83d0f008b7fb,1.62136694,16.77583706,35.84904151,16.01763515,17.3217703,,1.62136694
f4efccca-a0a3-4682-8304-47ebd9267adc,1.675400557,23.53978188,17.81612969,22.19264273,14.97152697,,1.675400557
986cb042-8a8e-41ab-aa44-eaa330d3df12,1.720092643,13.44082913,11.92987638,7.318803434,13.17457559,,1.720092643
0e79139d-38db-4f89-8156-bdb3b2f67d74,8.352861081,9.920633631,0.835543156,7.617346429,2.777066096,,0.835543156
fcb201f2-227f-41ec-93ea-46beaa7a7fb1,9.019277689,5.451357211,7.01378972,5.816810394,15.10771073,,5.451357211
e40b88cc-6211-4873-a13e-b3494103c246,1.434269727,20.47457167,19.94440919,13.12038434,26.07757791,,1.434269727
5e397a23-a252-4c83-ace0-53178a2d71d1,1.772892522,9.774657428,9.983622436,21.24073365,14.45347508,,1.772892522
b869f745-bdfa-45ce-8faf-2df0b992b453,1.025423619,0.730864417,0.995401158,1.027451538,16.26855941,,0.730864417
9770cd46-d9dc-4af6-9baf-0eccb17cb3d6,38.03039393,11.86357139,9.963744287,21.50117402,12.69368077,,9.963744287
e555cd17-157d-41ea-a09f-8d69ae48570d,17.89415782,5.305365389,11.36764881,3.222007642,22.36659525,,3.222007642
c3e3c128-ee1c-4cb4-b230-b21df35976ed,26.27985612,19.61161047,24.3261954,20.54697494,18.65902366,,18.65902366
b0c33416-e191-4460-8f89-1397db0ba843,17.20895633,7.614479403,5.384392178,13.02677071,17.14314782,,5.384392178
51db8360-db40-4683-892a-f0fa709298d6,7.939641522,9.707449987,6.437578724,7.92464628,12.90567675,,6.437578724
9d86c17e-dfdc-48ee-96f6-33b6b34ca039,27.31811472,25.47608737,25.79119923,0.532763738,6.25295598,,0.532763738
245adeed-5017-4d41-927e-beaf7b80b98c,14.06323641,14.59509742,34.06261436,14.83921431,17.51051076,,14.06323641
a8e38e72-7867-49e7-a535-728c8179f389,32.88080039,32.74945273,33.42584576,34.62290649,29.266118,,29.266118
00428822-5200-4668-a527-e523963b42c4,14.0933321,14.1488796,32.16394968,14.1637652,14.25024012,,14.0933321
b3a6bd71-b9d3-44af-9b05-67f96ac78fd5,31.64396119,7.381736234,9.376372637,11.20397522,11.82426891,,7.381736234
98206081-10f4-4774-9bb5-87807d9fcb92,34.18791619,34.51032181,2.183276559,34.52016657,34.25990292,,2.183276559
1cc77818-eb2c-4707-ad7e-df559b6ed361,10.72120715,17.10626502,17.10257373,28.28305288,11.28845137,,10.72120715
703d1ca4-08f2-4982-985d-6d88048c70cf,31.37171103,32.20125414,1.946474039,6.612303296,31.72764976,,1.946474039
2c800cbf-d9f0-44dd-a9aa-de2a93abf372,9.332092481,20.78256667,7.446373806,19.50953499,23.49134975,,7.446373806
0c8f6a3c-8f02-46d5-826d-dffc57ad0bbe,10.98552818,13.84641657,6.305445354,16.20460983,4.511621448,,4.511621448
fa96b86b-0fe9-42d1-9613-ec81a882aaa1,2.382009789,7.082462495,2.967764016,2.203378795,2.521228165,,2.203378795
0e035de5-bbec-4289-bc95-c85b20d180d2,8.302519719,1.37373831,8.119989195,5.451090145,7.517309288,,1.37373831
606ba1d4-9adf-4177-90e0-919dec8b5fed,1.154357032,1.264026228,8.551437346,1.852009325,8.709266508,,1.154357032
15f5d8c9-8363-4405-9d91-599b976d18d6,1.025624342,1.382657551,2.087420097,0.378017056,1.700840262,,0.378017056
e2b71645-7d14-43a2-9b6e-acce7bb388ff,1.562997461,7.145244173,16.40534508,8.175755948,2.966032172,,1.562997461
118c4c3e-3fce-4330-a7b0-81c004fb8ff3,3.580698053,3.695920125,0.842243105,4.950510335,1.173586133,,0.842243105
d3556cd1-8935-4143-83f2-0a273709a2e0,27.28592015,15.76158884,3.742735246,0.742132231,10.62933641,,0.742132231
d402f81d-6b09-438d-8e81-131bf6485bc9,6.270826359,4.272381317,15.37867737,31.16931108,19.25873022,,4.272381317
45ebdb5f-2884-412d-bd50-1bb064079213,5.035329067,19.44820082,24.57354429,0.961779003,14.46381178,,0.961779003
092edf05-2627-4293-a1f5-ac61b4515607,5.888947176,25.75995517,26.67041883,28.45430784,10.58190075,,5.888947176
6f2e5b4f-978f-4e0d-9f88-af2611878939,31.409253,30.59941484,7.856189015,29.87952406,12.97587364,,7.856189015
2579bf6a-c1eb-475e-b568-0b8a767b9881,3.310324523,1.817738022,2.043736769,1.628296484,2.864648422,,1.628296484
290b26da-28a8-470f-bdb5-d687575f0228,3.314727647,14.32472689,34.5671705,13.88173657,4.959808981,,3.314727647
02912140-ae6a-4233-9a2a-3e287ca53d07,4.088938737,2.606772541,33.71628615,30.69570968,28.17765731,,2.606772541
4090ffe0-c3fb-4344-97a8-a1f7965cfa4b,0.488419818,1.279516709,3.794269113,42.10896544,2.531165028,,0.488419818
ddea7953-804e-4e63-993b-cf275f4c74be,0.517345645,1.373478063,0.952253475,4.012041315,6.139935224,,0.517345645
63104a85-d58a-440f-ab7b-ef23d28acc13,0.555471114,0.594722288,1.182525487,4.372871994,1.699393562,,0.555471114
8af1da4a-fdac-40da-a4da-65f20fa4a806,0.547520863,31.60861694,11.72317324,8.576156373,2.269822585,,0.547520863
e36c8616-2416-4f21-a019-156cff1040a0,0.595896686,0.526464174,3.866150734,0.502839279,1.126240943,,0.502839279
8a844b6d-7ee8-448c-9f24-62f7d8705414,3.799327737,0.505765964,1.322068505,4.514460362,7.636114454,,0.505765964
4a7bada9-5951-4dcf-ae5c-ead9c668bc11,20.35538948,23.82053445,14.57656925,19.58122537,12.56991642,,12.56991642
4c210dfd-8791-485f-9876-ba047d3acec2,9.600946877,10.35626429,27.00813463,11.60401502,7.062164131,,7.062164131
074512cb-b2dd-4c75-a29c-4710ae86ffce,14.41101891,24.38533608,23.12157055,28.52541747,26.81649348,,14.41101891
9abd9b0c-b774-41d1-83cb-9ebb4fcf3c24,27.01336089,24.89487652,1.961941825,17.34333941,23.52994662,,1.961941825
337bbf2a-ba45-4050-9c06-57b7930ba7fb,4.390760567,1.545859852,4.494617051,4.827810517,2.933125887,,1.545859852
ef6659a2-1e17-408a-b809-4f6550400ea3,5.603570012,44.77359225,41.84151251,46.5824472,1.761069073,,1.761069073
a14797b6-7a40-447f-ae85-233bac3be7a2,2.57794955,4.928141031,5.523762939,3.228734043,6.868417855,,2.57794955
51ebcbb4-a35c-493f-a92b-3a392b91fd8d,22.60774,2.249328223,38.07337627,8.314914513,35.17863917,,2.249328223
a6107eed-4eef-4f9f-9975-6f05bdee4532,13.24811215,0.785541827,24.53916645,23.62026171,12.42777391,,0.785541827
8ee3a5ed-c970-4481-b5f8-ad82204b2397,0.819586867,1.7969418,32.62972604,1.763529611,29.4454758,,0.819586867
023ae42e-cba7-4c6b-82c6-898f9423e411,29.48674503,26.13522873,26.2986215,0.833840041,2.375318876,,0.833840041
2af4091b-528d-4fe9-bee7-09d172b607b8,6.947096554,15.93591451,6.112913981,20.18874723,18.32285714,,6.112913981
c89f2682-ca2e-473d-a02a-db14276e1282,16.98095644,10.12237877,39.49030843,12.91456883,36.80643304,,10.12237877
ea83ac07-ed3b-40dc-b527-b7897d387c14,22.78732063,31.21812485,32.99761879,16.76850378,13.10936565,,13.10936565
a6c01b9c-7ad9-4373-ae68-fb7a4932a669,26.31564491,19.93175461,17.06030531,12.3867987,6.993452928,,6.993452928
3a48b83d-956a-4e3c-9d9c-48f363b905a4,5.336361494,5.070472673,4.261564415,4.198989616,15.44899323,,4.198989616
6128b758-a61d-4128-85a8-3f81daa874ca,43.80747515,43.33748714,6.944482732,18.00689603,11.10463626,,6.944482732
0139d630-765d-4fd5-b61e-b6c57ad13cc4,17.74800087,3.260047933,6.865649388,24.26275427,4.731871482,,3.260047933
3cf8dbe3-f1c5-410c-b269-8afb79963ed7,12.56112333,11.42524971,54.42223093,52.08871874,48.9783538,,11.42524971
4ca5d00c-6837-4d6d-8add-938a0b6a8672,31.84510625,27.41424222,20.32130107,21.72664176,23.07488299,,20.32130107
5bc95868-ecfd-41fd-867b-d0be47a57605,58.37630259,7.499485379,39.46859631,16.90760165,9.896504338,,7.499485379
c1eae7b2-bf52-4200-b8fd-fe0a1aec21f0,14.7008939,16.08047715,11.73432075,10.97547318,29.32056844,,10.97547318
8939b1e5-f223-4b22-bb2a-f3a63f780f2e,3.869273734,25.33957968,30.1969593,2.939917672,7.846609587,,2.939917672
cf5f86d5-2874-4ec0-adb4-e0083765eeac,17.41660601,22.49221562,22.31262648,10.67688064,12.17698928,,10.67688064
0328a521-d80f-4af2-bd94-07112f949647,25.24006139,32.08701648,25.76105524,10.36345234,28.91033515,,10.36345234
d3c2330f-fe5a-4ec0-a522-4163ba687818,6.305508677,14.08064164,12.78773788,7.775117388,14.12699191,,6.305508677
16aa6f75-5ee6-423b-bde2-ca27284602a9,32.82560687,33.34248038,41.48552692,33.15955256,20.20696212,,20.20696212
ed880e9c-6b64-414d-911f-9f521cd0ac45,21.57951162,46.92274212,3.950231635,29.30261049,1.670849566,,1.670849566
b25bc5b2-500f-48e0-9926-e6dd97b3d457,33.17877821,10.91511583,0.996619781,33.30545479,2.381267786,,0.996619781
f9de4325-05c7-43b7-b1ff-c13c6504bef6,2.088660508,2.77443818,15.55770174,29.17872358,15.1771059,,2.088660508
2eaeb9f6-1387-450e-ab47-892a790cc3c8,36.76801894,39.02756865,10.69629441,34.58943655,34.57117176,,10.69629441
dee39c41-2db4-4594-9df6-c285343823d6,4.697151311,2.091958964,6.413781375,19.66093074,20.81631994,,2.091958964
da4f914a-b566-4c50-953a-eaa001ba9023,29.29497608,32.14308972,2.964580996,28.91081546,31.63939049,,2.964580996
9c13ee0d-94f2-4e49-be1b-b612a67b72eb,10.77759797,10.68036618,10.28191011,4.068211897,7.088278286,,4.068211897
5eeffa61-62bb-4244-beb2-e434c0306240,6.849918011,4.38532739,27.82402389,9.911482561,12.65339252,,4.38532739
84d777d3-8117-49ef-b312-3698e7266ff2,6.224982717,0.400335315,0.721107103,0.745562126,3.162640567,,0.400335315
87aeda16-d17a-43b3-82d1-e54c5fa40fdf,10.55261585,9.445744632,6.347255886,7.981693444,24.20066497,,6.347255886
06337bae-0bce-4f9f-acf0-25421ffc9884,19.19245604,12.78586151,15.65275816,17.72996822,16.54325747,,12.78586151
910c6aa7-16ce-42f7-add2-dcf06ecfcc19,0.829822837,6.910935235,26.20849395,1.29278468,18.23896309,,0.829822837
63ae677c-2054-415e-99f3-ffa8c5eff642,0.631950159,0.306855774,0.643207934,0.733657773,3.759041708,,0.306855774
14f0344c-f7a3-41c1-b509-fc3ed006c0ad,10.79621578,13.12652556,5.824892668,13.11909436,5.638755593,,5.638755593
15464d2d-6a3e-4c36-8721-3fb0efed2099,13.90563318,19.32851021,13.12064412,4.868236902,14.92471817,,4.868236902
862a1796-908e-4913-b3ef-58c7e349c28f,24.07223453,23.42817516,5.806894042,22.68752544,41.2425993,,5.806894042
2cf1617b-b005-438c-899b-e0a4378c4291,15.17452191,4.056947575,7.611232117,3.280579102,17.06458372,,3.280579102
ec9b00af-8d15-4e16-81cc-fb84e1851ef1,24.21478376,16.40553156,2.61638543,5.513283273,19.60154432,,2.61638543
1587c334-3318-4a3a-9e15-73d90fe25985,31.01030324,7.745411098,2.320113676,1.683692905,28.72325652,,1.683692905
6e1a1d7d-b326-4cbb-97e7-b73caab59c0e,1.589595556,2.946012887,6.078146008,21.30446727,1.391409435,,1.391409435
77708fb2-487d-4364-9fa4-37b31b51d1fe,2.419216414,24.44923541,23.95183356,18.47593803,13.6975124,,2.419216414
ec20b43e-24b3-41c8-b0fd-b5930ccaca56,1.403944121,1.331883918,0.781306203,1.382168712,1.91982682,,0.781306203
d9926dba-d2b9-4c9a-a8b3-3d84798931fb,1.751454343,4.988700374,2.239937184,43.97481201,40.18078951,,1.751454343
387c920e-1134-4d48-96a8-ab636f55807e,15.23509017,18.40962123,19.57857815,18.33160418,3.386951001,,3.386951001
19a9fc6e-f74e-452b-aaeb-9b7f37ca7297,2.770437038,36.30868782,14.75155429,2.704040129,1.638608101,,1.638608101
d27aeafa-8881-426f-864f-77b26ffbe5df,5.084514974,18.54878679,14.78597664,19.15933315,20.98503561,,5.084514974
212cec54-8b6f-4c2a-8162-5052c0d18dd2,27.11682027,5.147478925,27.46048055,8.086746442,25.19336135,,5.147478925
81f03966-ae2b-4b34-aa4c-1694aa6aa255,53.00348997,45.64731132,31.58911289,44.42719998,34.56059354,,31.58911289
248496f6-8f9c-4a78-b21d-c26ceb0d2277,45.93314243,31.73516284,26.92021873,44.67538794,39.57068703,,26.92021873
caa4280e-a807-4b35-8a66-453f7a9990b8,45.76732459,44.51790763,34.60064482,31.60477332,39.40685926,,31.60477332
614f2284-5e4d-4ebf-8e8d-0d9a91d389a4,21.24303906,18.2936902,10.39324463,17.26245037,6.377034842,,6.377034842
af836ca8-337a-4742-a4a6-af7739940b2e,25.86025728,3.267863527,4.209372075,3.419306184,5.155323789,,3.267863527
c6af6ecb-6158-4506-8d67-3c1964377f39,17.6199724,7.31042166,18.49912204,10.14719262,8.177278815,,7.31042166
7f761f1d-446f-415a-8ab5-21bb7dd2b377,11.75469807,14.1576665,10.03216023,11.68515061,19.74964192,,10.03216023
02bf96b1-5419-4e4b-b9de-b0d1cc68529f,11.20251427,10.99832222,7.044404852,30.07448456,4.70692358,,4.70692358
78dbfbc1-5f88-4a83-b564-374d031d2ced,12.96035171,13.05114787,13.88033443,41.25668894,20.68887374,,12.96035171
766efe8c-5cae-4d6f-a32c-bb08ce278a3b,10.41109164,9.518513814,27.71301476,8.743916867,10.72486258,,8.743916867
adec084a-5400-4ae7-8edd-392a1f85a90f,21.01445886,30.49690601,19.84127143,24.34434606,12.78193522,,12.78193522
c1d73f0e-585e-4bfb-a98e-2e4dc8a4d9bd,14.66655705,27.17415098,15.84349901,23.44961892,37.13600099,,14.66655705
c0cb9c0e-285e-4094-b434-6fa25bdd86ed,1.815575201,15.32659007,4.871907096,16.21667082,4.930708188,,1.815575201
031d813c-8be4-4019-9434-9d177bcce075,3.379040807,4.26693453,3.842101954,2.482859374,6.369774806,,2.482859374
44aefd0c-950b-4f55-b52b-6116529f6718,3.483338675,0.704772279,0.870613368,7.384968075,2.433386026,,0.704772279
a5b47845-6b3d-4acc-9fe7-ce0e0d9471f1,14.60586381,17.15687475,16.94327284,27.47575633,40.25239625,,14.60586381
788d3c33-8141-4d0b-84be-31ca4fe6c7ed,10.93050626,28.34007784,2.791482043,5.064345014,5.698847764,,2.791482043
4ff74355-9443-41e0-8037-7125d84b92e4,1.963356878,2.173241968,15.09435491,23.89323194,0.805000716,,0.805000716
647e2919-35be-44b5-a020-f07c88147189,2.502856531,27.52610613,18.12441173,6.871626794,13.78929231,,2.502856531
14655b1c-f364-401e-875e-244c59f91219,15.59372718,26.33843756,16.33800806,17.0154776,15.18621745,,15.18621745
79119d91-eae1-4b16-a564-0a05c6a97b82,7.292821258,2.980413592,10.06287181,1.206770433,15.67804878,,1.206770433
6ec3838f-8ac6-4c9e-81e6-bb66b95eef7e,25.87790729,33.86665807,4.493318482,22.01196887,26.72794499,,4.493318482
be9dea53-c730-49d2-b3cd-7251e336f548,23.96495352,34.14098884,2.868882959,21.54476461,6.827677249,,2.868882959
e0093445-cc54-4a93-bf6e-bffd1a427e68,1.226230379,1.114098516,32.57290888,30.73864559,17.55433876,,1.114098516
82d4bed0-98ed-4f3e-8f19-d7b475c3bcdb,0.414301695,23.75133957,28.11672622,27.27952884,18.83043384,,0.414301695
ca73691b-a6f4-4e17-b2e2-9017b7d02440,40.56404896,1.183399444,41.34642319,26.51983599,38.720285,,1.183399444
d668520e-5313-4ff4-a8f7-3b014ab71d01,17.92425914,3.211768452,4.776633936,13.39062036,17.82570186,,3.211768452
459922b2-327d-432e-9965-67d154fed9c3,1.04701245,10.55798013,38.17287612,20.93015873,0.915345404,,0.915345404
8dfe8fe5-b46c-41f1-8a3a-3ccfc07a005f,19.92283243,14.14416527,13.92498195,3.885122731,17.5420023,,3.885122731
c77adbce-8c1a-4561-9997-329e64170435,42.10719962,42.86761518,42.51509404,2.791520463,39.96333498,,2.791520463
60afaf4d-48da-4f2c-a4db-2d44ce3f647b,2.013497347,38.26711521,4.247509852,41.83991228,10.57066942,,2.013497347
1fa6220e-c676-4df5-958d-8d39db6e1108,22.64613484,5.006813172,36.26737152,18.4410146,35.25625026,,5.006813172
797cdb4c-fd53-49b2-9170-c8dd271ab02c,4.77192535,7.170482924,9.668343598,5.6062893,19.25993191,,4.77192535
7cab320d-cab0-4ff7-b56c-6ecf92f831ee,41.79964269,39.75794879,3.898915968,41.87441381,41.64940092,,3.898915968
5b36ae82-622f-441c-9f5a-63aa14411f6d,27.80832433,1.552464743,30.53541645,27.30127739,5.33365391,,1.552464743
2b674806-ed56-43dd-a358-874316a0a222,30.10041411,13.5237969,34.05963613,29.74488768,26.00695303,,13.5237969
6eaa3463-4839-45a1-a154-eaf6cb58e19e,22.83053444,32.52384695,28.57222212,5.003207473,16.50141039,,5.003207473
29fd2dd8-c0a6-4d8c-ac8a-265a9275d8e8,0.86804909,2.927934255,5.614435471,1.979085302,10.65861121,,0.86804909
dc018cad-8b62-4047-aa51-11648187925f,40.5159915,23.54968024,24.36586041,41.79808192,10.70415579,,10.70415579
a71516f8-c3f5-417e-801b-dbe0191c9cdd,18.39689276,28.02701267,16.2801189,33.69132265,31.01891063,,16.2801189
b42f3a7f-f012-4562-bd94-5e0517cc658f,8.112449558,12.90971681,11.51136948,9.293783387,9.221547567,,8.112449558
34dd5a5c-bc16-4625-bc4a-ba6e0aa382c1,1.791006992,3.958512362,4.457581803,2.338700551,1.853414566,,1.791006992
06535287-6605-4dc2-8de6-c237b8851266,3.427127751,3.703914686,6.083268537,22.35546881,1.744335796,,1.744335796
de436d48-8eba-4d64-bc04-9da5f13b566f,5.524072238,5.631026153,10.28062395,20.68307527,20.83694791,,5.524072238
17fe98bf-4724-418d-85ff-eafadd4a3edc,6.20838916,5.824508296,4.057481686,1.778222841,16.66163056,,1.778222841
94f17eb0-f7c2-4102-97f3-560f5c8cdf23,2.041011024,2.539654947,2.358018302,6.2456897,1.401852111,,1.401852111
0121b31f-002f-4b08-9e8a-8f1a17502760,3.048201954,7.807386921,3.526748294,1.843669146,6.134492219,,1.843669146
460c8eff-eab0-4059-b53e-89060c52bf73,1.698741571,40.0688905,2.150317811,39.52890778,1.622439119,,1.622439119
552851f4-87e5-48fc-8f96-cdef03dc5507,2.618450352,38.67355952,26.72988783,4.749719773,17.4695869,,2.618450352
f1f98030-9cef-4ab0-9ac1-5a99216c67b4,1.164688012,1.397308334,6.291952961,4.907722001,2.484499717,,1.164688012
f745f5e2-cd4d-4d9a-a55c-347188739549,1.228477579,1.405651592,20.76543766,0.491802091,8.120076033,,0.491802091
d2275ba6-cd73-414b-8c64-9d037558f12c,28.90430455,22.8720734,14.2301781,23.14873143,25.5873938,,14.2301781
b7ade901-7bb4-462f-aff8-67227ec81f7d,13.54038073,24.1105579,25.39988406,18.14627397,46.80673187,,13.54038073
f74cea30-8956-433e-9d1e-60148b968f3d,2.810332608,2.255017345,11.58102342,0.979105375,14.309249,,0.979105375
c99f110d-81a7-413d-888f-992336d69343,8.574399251,8.18143072,5.49502946,10.21190666,7.884510173,,5.49502946
8ba6b43c-d555-43f0-bf08-d77da6761d1a,0.455799127,2.243217224,1.677841805,2.392880702,2.516147211,,0.455799127
169e21e7-da14-43dc-b830-705218c10417,0.927638857,2.505789355,2.037665384,1.186511363,1.538429956,,0.927638857
8335669d-a9d9-4bb7-a63d-4aa66a1d7013,2.00882837,0.570612118,1.169658945,1.853929007,2.285651181,,0.570612118
3e744e7b-82dd-477d-adff-093e7764f4af,16.69748061,28.10231145,5.226842931,13.97428202,22.30248132,,5.226842931
5a65b147-9962-4c5c-9222-051cd5ea5c9a,1.517848881,1.722149393,0.745285302,1.945740654,1.267001774,,0.745285302
0b689a63-baed-4240-8da4-7bfca5b5c1a0,0.68477585,1.414461303,1.940736164,8.928662226,3.526383558,,0.68477585
7c62199a-c2a0-49c4-9f55-7d467902d27c,12.83270534,14.58425087,15.40743223,5.333547066,4.822255577,,4.822255577
596e4c20-87dc-495b-bd4a-4b0668a2a3a2,0.659976822,1.391879216,2.229957639,1.820753396,3.441510749,,0.659976822
8520bc39-9881-4b54-b00e-ba37b1e10771,27.62066483,26.49030388,10.0768197,6.351719624,9.911066996,,6.351719624
d8c9fc2a-c83b-44d9-b9ed-361b480a5e99,4.088168204,2.419995574,24.00300594,11.22571758,23.40145978,,2.419995574
a59be736-022e-45ce-ab64-330f571ec8c2,4.745755559,18.30466697,18.64428598,18.57103553,25.16696847,,4.745755559
f580e8d1-e187-4804-b95a-062553d321fb,25.08289731,36.17555469,10.85468636,38.32334419,5.447996771,,5.447996771
58ce8c71-d47d-4764-961e-b1cf565520f7,35.10273097,15.01021301,15.26384995,36.65929493,35.15040242,,15.01021301
cddcf749-b8c0-424a-af4a-e6fcb9bde424,24.62762507,22.61983331,22.22723116,13.72869402,33.32548543,,13.72869402
eaf97e4b-c755-4600-bcee-cc29416020f4,2.720867648,4.508229403,15.46586314,44.14309744,41.38020678,,2.720867648
a8a57274-5322-46db-b77c-cd0b94c8d345,12.79606069,32.09776657,8.67793161,7.609483514,34.01150161,,7.609483514
18cdafbe-267f-4325-ae55-1b56955f96f1,29.0112437,16.79870881,13.12520615,31.09386412,11.92297194,,11.92297194
d37405c3-447e-4bc1-9151-5fb0e339051f,18.21363683,14.29517982,29.11466286,32.24441924,28.41731449,,14.29517982
dae986e0-e069-4009-aed4-c642363970ce,25.38732967,24.96714803,2.444202585,13.29298368,3.311528483,,2.444202585
36475433-6ecf-47a7-83ba-7103ce5efca6,12.94742139,45.03347051,12.50102677,43.25668039,3.799635491,,3.799635491
58bd299e-3f08-44c3-a0ef-05c85f769272,38.30813612,3.08732981,3.599903741,41.1384427,2.138084567,,2.138084567
0de3b2dc-39df-4ef6-9d13-9f6e0a27e167,13.91339725,18.57207889,13.7582734,10.79129606,11.52742079,,10.79129606
c4c23756-cfb3-4e7c-a247-668f5c54a007,7.632045171,3.162180207,2.978216743,3.90090838,2.66917538,,2.66917538
5fabeb29-a73e-471b-957f-b30b90fa2806,8.645580329,16.50233868,4.321310429,20.77116518,16.76589652,,4.321310429
f9b29886-9603-45fa-9299-e88e215c1b73,48.91477994,48.00000075,36.28769628,24.63048058,30.27927077,,24.63048058
cc2e202a-6b12-493d-b8ca-6b74f5c751e0,18.06415075,13.4927116,25.11217983,1.677224314,23.03611465,,1.677224314
84c552db-07c2-4cbd-a271-cab08f398f0f,0.807952926,1.822259786,1.5329254,3.576222585,0.308722653,,0.308722653
5629b479-0ae4-40af-8137-2d76599ca17f,1.244117351,1.551429593,0.574922011,11.07048035,10.93266126,,0.574922011
fee7cbe8-b32d-4a81-a9a7-ee0be8473b1a,0.376286392,2.077025478,12.99092912,1.346286418,42.34347358,,0.376286392
b321824b-d37f-41ac-9c51-fec08c3335cd,24.30638875,15.57643534,23.82083869,6.631471084,8.283401551,,6.631471084
3bd87cc3-a37c-4a81-9f3c-a083ffe9eec1,28.16846408,11.88735927,13.59219069,16.98355888,12.93609087,,11.88735927
70920262-3ecb-4e94-a0c8-2993d437843e,40.17329883,26.73624693,21.96203385,22.91354631,27.09305427,,21.96203385
f16bec05-b935-4776-8b11-ca93572d061e,11.9800507,29.84705026,9.578691942,30.59391921,30.11835724,,9.578691942
0c41e9e9-8743-4b04-b9d6-366455dc8d2c,20.54278117,12.96196201,31.22726303,12.16397684,14.94631251,,12.16397684
fa7a644f-7ebd-4cf6-a9bd-b8d0e75f2721,9.309559446,27.81349714,27.12929657,15.03048536,29.9693193,,9.309559446
89013dd3-a4dd-4cd4-b755-a5061a6bded3,10.3151241,29.14759896,18.25225497,10.16461357,10.18944672,,10.16461357
533e2908-531b-4eb8-b522-c6165578c33e,4.575744929,1.576409147,1.02392084,2.445254313,5.334591618,,1.02392084
ad9d6010-1638-4a2f-be9e-9256db8dd67a,2.459077851,0.965369359,2.561813126,4.652379869,2.755943853,,0.965369359
13df10e9-772e-48c1-8e8a-8cb53adca0a5,2.566813657,2.040367398,1.727989396,3.114522704,4.856101345,,1.727989396
4dca7e00-baf1-45e9-8d57-460594cc9da2,4.97639905,4.445879577,1.366151846,2.878084667,1.816768458,,1.366151846
d3e1c3b1-fe9e-4a21-b2c3-8e9a8618c21b,2.415868194,2.005794679,2.826440215,4.39473128,2.372129467,,2.005794679
ebb5d3c9-7352-4a5d-853a-5850efae84f9,1.622691482,6.373135226,9.024582526,9.70059989,11.86025622,,1.622691482
0e8b007d-7d5b-4e2f-bff1-d3be59694a97,1.825024858,1.166737793,11.68023671,8.475505019,11.6574925,,1.166737793
6a99d84e-797f-4024-86e5-9472d13a1c8d,51.32650265,3.343595462,3.995301971,3.297270539,3.902202445,,3.297270539
a0cb153f-81b4-4cec-9221-98a1b2c28b69,39.56161588,33.40819954,29.67932255,26.55291149,38.40218933,,26.55291149
0910d1f1-2bb7-4b65-8335-950a7d97985b,28.43969727,4.923642123,42.9143,30.62202922,33.75563165,,4.923642123
089f5bcc-3203-45fe-ad6c-db087cc42a9e,24.96882669,11.5187381,34.70048807,33.49856396,36.74252788,,11.5187381
6b5eac63-8334-47e0-9d29-3bef826278d5,28.39055244,32.22215038,41.6297507,39.87765686,31.60030507,,28.39055244
8a01ab03-a0a8-48f8-a5ec-28ab8d1e8dfc,23.63643476,9.551407536,11.98743799,26.84370659,42.33236535,,9.551407536
dcd05ea3-d31d-43d7-af2f-ba3eecb9b539,2.518094167,2.954503612,1.480595147,33.07199516,7.468768048,,1.480595147
30680292-2a4e-48f2-92e5-2810d5225183,3.354741641,4.99821038,8.834737406,17.38484239,4.239412971,,3.354741641
ae0c6529-d34d-4e78-b37b-2baaee5fb1ec,20.55058401,15.39269922,18.860621,14.79947786,17.89796782,,14.79947786
df007689-a245-41c9-a7cb-c3af50466dee,14.67729849,13.42968699,13.99209777,13.39166829,13.94384075,,13.39166829
b8a00b2f-a6af-4de3-993e-70eea6488493,14.05911687,14.77348116,13.86514521,12.3270759,14.08795625,,12.3270759
ab82ecb4-e77f-44f3-bf64-905df8533261,9.616437901,9.288895747,10.8746925,8.375300038,10.58509254,,8.375300038
d7a0e084-1a39-44ef-aebb-0451a08c8a91,9.25581414,11.69610516,10.9883177,10.11354854,8.887960885,,8.887960885
e4e400cc-410b-4552-aa7a-55ac94525311,0.745175367,0.62080997,2.800573148,23.998047,3.065279826,,0.62080997
af88021d-e36d-4b51-9de0-9fe0f7694aa3,28.10292545,4.844139245,4.702492695,29.07819926,1.809669003,,1.809669003
bf10b27e-63af-4751-b475-94eef16b83d8,22.08458942,37.56026183,41.26246762,36.92360348,38.94811439,,22.08458942
8e0ffe66-6254-429f-9f0e-4f81080dff9b,2.195189578,23.60387318,2.110598015,2.304853961,39.28825198,,2.110598015
4e7abd7c-1ea0-4729-a418-4d495f9f8471,39.13946917,36.18408216,2.613655623,3.244835171,43.44757353,,2.613655623
9e2b512f-bfa7-4c89-9f79-f90c61f49672,2.306338123,42.16280395,4.918077529,43.32414774,39.78479173,,2.306338123
5a31042b-d3e6-4a44-a486-0e5d5825fe83,20.17323648,16.45840161,41.54552869,44.32904287,8.948565162,,8.948565162
571dae55-8476-422c-b0e6-c8b32a68c1a8,5.244634374,5.897486683,10.01402625,20.81994419,6.546444873,,5.244634374
0f87ef01-9daf-49b1-9976-4b86049948ae,4.120830366,39.12285729,3.053361637,27.13854828,24.94011162,,3.053361637
f1a5e3b3-f643-4283-b5ac-2acd3600eb9b,3.874331619,28.33662162,3.637666352,28.62580174,16.09916789,,3.637666352
06efc144-1818-4fe2-8492-4314f0ef75dc,2.274987712,4.064962391,18.35011611,20.92114177,4.340629199,,2.274987712
d008bb2c-3088-43f3-8a2c-244ca15a18ec,6.67372352,5.386945034,3.603677976,11.27713327,2.151147814,,2.151147814
c58ea611-d198-4be7-ae5a-f06066ec25af,4.003872805,32.4991896,18.54565146,18.29141742,34.31083015,,4.003872805
82cd23f0-c29e-42a1-9b10-d1418df01cd5,2.769705501,1.406776157,45.13110939,12.25137575,12.37518946,,1.406776157
2e537002-ee14-42fb-8779-9cc0a934f922,18.14140273,43.03304684,21.16797076,9.475004076,4.957038269,,4.957038269
7d8148b6-9ed3-4739-971e-950c465751e0,32.18720982,42.72310148,8.002013083,5.129895415,32.63051995,,5.129895415
36efdf24-fb3e-4438-9270-58bed442575a,29.96159932,8.369836914,27.5485915,1.059509729,23.90207749,,1.059509729
b2c2eb7b-1d21-447f-bd2e-21519e0ff022,4.934685537,10.32867847,16.48433233,23.0065486,21.79287655,,4.934685537
6d94539f-3a10-4735-8f83-3c712fcc5afa,6.882014291,5.118868832,29.89676961,5.205447723,17.81734166,,5.118868832
438d3e5b-01a8-46f4-bae4-1ef04d9004f5,17.39263324,5.822645273,21.02478095,4.67077651,25.33262409,,4.67077651
e2f6fb13-aea7-4be2-a529-7e2831a1e3de,7.321117934,13.28478497,32.22482237,44.89968201,37.09490765,,7.321117934
4a0b51ff-a878-4897-958b-383ad8c43c56,10.28838031,52.24570699,20.56717545,1.106908812,3.409930134,,1.106908812
3dba9f2e-0c32-4216-8bdc-41e573ddbe23,37.88301927,16.96873416,20.45739039,21.73940928,30.665343,,16.96873416
a38c4bed-8a09-490e-ba02-5228c014fadc,46.24286935,41.63097172,42.75968311,41.68734467,36.22915053,,36.22915053
6341ddb8-2287-4731-9f8d-8bb04a374779,1.374754937,6.581199421,1.070259669,2.503478319,6.913491954,,1.070259669
9bd7d51b-4d56-4058-86bf-2475da71c288,28.13792499,12.8794754,2.263540479,1.590771755,38.1953174,,1.590771755
d02eb100-b080-46e3-9c2f-656446d9b3bb,45.85896892,45.90707474,43.7372054,5.131997892,20.50977258,,5.131997892
b1964636-f3f1-49a8-9379-b9779bb6a693,17.48101884,22.19677806,44.18810693,30.19313723,52.66788133,,17.48101884
819a1769-9680-49df-82ad-08d146ea15bd,22.62391947,17.03187643,4.593763317,6.00473725,0.691464988,,0.691464988
d9ea8bed-e71f-455b-a6a4-7b201baab449,2.953942025,32.33284771,17.54812349,42.3963322,3.249840839,,2.953942025
9439756b-5e50-4177-9dc0-a1c7fbf5947b,27.37437154,5.404421043,4.914500794,23.06994405,20.70985774,,4.914500794
db4f1969-2e74-4d24-bc13-702360fd8885,26.83097363,1.086659216,4.001746489,7.90777066,11.50697567,,1.086659216
309bfbc8-ff99-474a-a27d-cdf3f2ac7f47,1.738350109,1.051280839,0.768191673,42.6591757,5.487615266,,0.768191673
c2a82530-c59d-4109-99a4-41aeb7315aef,6.441298935,8.942576669,5.875877718,10.26401302,5.798458377,,5.798458377
b2efd102-1d50-430e-bcc6-c9a74e583e8b,1.100133863,2.559151491,9.603053185,16.95283591,13.76607828,,1.100133863
b9d7eed2-7338-4d28-a50f-3742d2ab8fdd,33.86600196,33.03887666,32.39614331,30.3690483,30.60253143,,30.3690483
6688efbc-7311-49d7-a76c-ca126fc01f23,13.31459657,15.53133745,14.69629883,15.61151188,6.197019237,,6.197019237
d48c985b-1782-47d8-ad1e-c1754efaca9b,27.68213088,11.21364581,30.2099324,9.984688019,37.83293503,,9.984688019
201622d2-5ceb-46f3-8cea-fdd52db80225,26.20442432,23.89486886,12.26851847,22.3066276,18.52632361,,12.26851847
de157fdd-65d6-42fc-be22-5647285d9480,18.55622639,15.73439179,6.421884469,12.16516159,25.50461034,,6.421884469
c243448e-35f9-44f9-8e84-45e29c5d9456,23.30320904,30.66286631,24.74419873,17.3167897,5.865100051,,5.865100051
16447ae6-30bb-477a-9251-23c16d517eb3,3.971211969,3.498851065,7.802531502,5.876107099,8.755718238,,3.498851065
ac95db42-6069-4a23-8bbb-5ff61a9ab1bf,33.66820921,33.31437529,33.85414754,34.06531293,34.13787632,,33.31437529
5a5e51c8-bc32-4fd6-a944-c71d331bc785,10.25274567,9.135880457,11.6702055,10.72256019,9.510441831,,9.135880457
a6c18744-4b89-44a4-82d9-12da55f087ba,10.92093251,10.71762971,11.97046895,11.84041926,9.926738354,,9.926738354
f1ab8f30-a429-45b4-ab86-131089908c5e,21.15599266,7.168550647,16.22093291,16.47331844,22.66860882,,7.168550647
375f7ecd-d196-4fc9-bb25-62ac3dcf3dab,17.94017764,2.512990539,13.71367614,27.98817001,23.50471961,,2.512990539
e3a3996d-def3-4ee9-8ce6-3847229104cc,3.261256295,17.56730858,14.96061896,16.22137334,12.27419182,,3.261256295
e7fc2658-5aab-4d62-a5dd-4342228e7bc7,0.84702231,4.122734873,3.250012147,10.07712767,1.884433117,,0.84702231
e7ac087e-4ebc-4263-aedd-b5c928aeda3b,1.169447509,3.500754163,5.856831,7.236371545,8.095466162,,1.169447509
a26ddd5f-3a6d-4bcc-b854-bec6f1ee3390,0.847384373,4.180145986,8.199907762,7.86881222,2.248511102,,0.847384373
e2da7b3d-00ca-4a4e-81df-778088e512ae,21.16179265,18.60890657,36.42662183,2.15196068,24.14954959,,2.15196068
57565958-a631-4a44-af9c-01b5e8a18839,3.234569162,4.394421246,4.27508045,9.463586105,4.888891508,,3.234569162
743a9cc6-57f1-43eb-929a-bcb29e42d3cd,12.9015727,20.46266791,19.46054439,14.05333768,13.65790809,,12.9015727
3706653c-16c4-41e6-bfaa-cbf5044a2666,2.499535151,4.056292882,2.414139088,5.992147222,4.182484999,,2.414139088
35c59e16-fb70-439d-b9c8-9eb79e22cb06,3.09947505,12.15841045,1.311638962,7.327077628,3.017111023,,1.311638962
a9eaeeb7-5a4d-4aef-9304-83f15243f66b,13.11256682,15.9291509,21.90423134,10.78665652,6.792409935,,6.792409935
fd39e35a-10f5-4740-bd58-082cbd3208ee,3.337636742,0.415312061,1.609018767,1.151567241,2.26108202,,0.415312061
43acad07-3c49-4280-89a7-4b70f640e265,1.202252271,4.203855068,5.401207099,32.9549796,7.759590055,,1.202252271
682a901b-907d-4ddd-9938-e6e054e5ea83,2.560765057,23.17243827,9.627304573,12.78579149,24.60887106,,2.560765057
d795a3d9-20e9-4222-a975-e1500bce612c,11.1431441,7.898796191,16.6443462,13.85772105,34.49006356,,7.898796191
ed5ca838-b5e1-48bd-96b0-34352ada7f3a,8.65624239,7.368888448,27.18553538,8.566944601,29.43589114,,7.368888448
190b21f8-6a16-471b-8119-25936c705482,5.249164292,4.879455628,44.1313111,43.14629784,20.01886575,,4.879455628
c7371cf7-d73a-434d-99d3-232f7cb71333,7.488409983,1.171888432,3.001494248,3.428445751,3.056697058,,1.171888432
6806362b-d00a-4270-9bc5-5faa2ea305e7,3.49292949,1.366081753,3.777537089,5.149341414,39.21102059,,1.366081753
96e3246f-7be0-459c-bd6f-8c226c2b67b9,1.617798526,30.36394309,1.411474639,40.91958125,4.231160609,,1.411474639
dc73dc40-ffd5-431b-b5ff-48d26a982710,28.83146503,1.969063755,33.44596283,29.00039935,10.30083932,,1.969063755
5a27bedd-15ca-4643-8765-417bdf5d9057,35.67355696,10.28728201,37.0371638,6.777157147,10.68777195,,6.777157147
3600431d-6ae5-4f7a-8abf-7f1c0f2453fa,16.53141173,28.06372356,13.30369314,11.42292315,12.91689593,,11.42292315
388d4edc-2e8e-49dd-a8a1-52d0d4ffde7d,11.97171751,22.81342087,38.87800176,0.995459627,9.593193045,,0.995459627
49b5dd5e-a651-4339-937f-2b40905a72e2,12.59584511,24.08912699,7.628734294,7.387886742,3.090757777,,3.090757777
cffbdd15-7192-49f4-8689-27b2cc4ea008,2.734812058,2.839299964,8.341031445,6.23897725,2.374080174,,2.374080174
b1b54ee3-5722-4b46-a4fc-b781631d066a,1.821112646,5.989404033,2.908078406,3.479229787,2.76033632,,1.821112646
abbc0511-4e3a-49e4-b44f-0fde75a5eb89,3.606081355,41.9384619,41.94169816,42.06859377,13.96510249,,3.606081355
75680aad-58d9-447f-80ef-d7ffaa6ea41e,3.474267051,6.418116115,36.64944066,21.43699532,3.090024086,,3.090024086
6cdc9d23-0d16-45ed-8c48-23059279ead4,5.689397895,2.33967221,42.4399747,38.84059033,36.46316316,,2.33967221
,,,,,,,
,,,,,,,79.22848665
