14cd719f-ba14-4472-ac10-6a48a541ba4f,6.619269381,47.11748128,8.279532598,10.74545152,5.878013863,,5.878013863
a68e2c4b-9996-4b0a-9449-1d95acdb4e83,33.01850434,33.01850434,5.536777615,3.263099361,8.940664101,,3.263099361
d0e64864-0c2d-42fb-ae90-19cde4911bf9,9.834479765,9.834479765,76.74023194,87.71549896,10.52205505,,9.834479765
5739fb75-738b-4e07-8cb2-a9da809aa0ee,3.975702581,6.616679123,31.46040322,30.63522617,31.03207527,,3.975702581
d8e8ba15-87ca-42b6-b6b4-6ffed3ace30a,7.789953435,105.5061783,6.421261247,5.221339804,90.32842585,,5.221339804
85c22d97-e6f5-41cd-90ba-03389a84bc1d,111.983875,115.5789259,118.9712398,120.2373561,119.1673894,,111.983875
838c5fdf-a724-46b2-86be-0e9c2f18ad30,5.631641596,10.71714736,8.081249461,8.035145271,11.17683455,,5.631641596
668ad84f-7670-4876-a599-011588f36f55,30.81348102,49.95045154,41.23356102,65.91765994,36.81123338,,30.81348102
af414367-ed3f-49a9-bf99-0ce857ceabd2,41.29649695,65.91512345,49.08429238,19.18521948,45.10711691,,19.18521948
250825f5-882e-4cc2-a1d0-fbdaf8bb964a,33.58453914,41.42869135,11.51459289,14.60806002,34.28800876,,11.51459289
3d4dd87f-bcfd-49d5-b81a-864dfc75cae9,56.61144008,40.3675789,31.29559666,4.592348336,25.57398829,,4.592348336
386f5902-7473-4ae6-9a01-a7deb905dcd3,17.98887861,29.11213095,12.95085899,8.815012969,36.40253954,,8.815012969
aa4d426b-2a0c-444c-afee-65976182344d,5.477909188,48.26109239,9.292966699,36.44096098,3.479082714,,3.479082714
85930528-456c-4ec0-822e-61e3a7638de6,9.227904878,9.273106364,9.273106364,9.078283565,41.90423876,,9.078283565
d046e01c-3962-4745-9138-810995ade80d,88.83056272,7.283176521,17.06327242,17.06327242,9.147536611,,7.283176521
f90a650c-5927-4654-b11b-71bb6544a4b1,39.52351204,39.52351204,30.00055672,56.19991932,60.97560617,,30.00055672
1d356b6c-82d4-4390-bfd4-e43c00bd56b1,9.450634736,8.466196045,89.11144139,10.48559734,9.970668582,,8.466196045
9ae8582d-b4d2-4e81-932f-c8bab8e59093,48.78833453,32.98577886,32.56569064,35.38958851,36.72594694,,32.56569064
f00ee03c-2b83-4f19-a4bb-236d1789c3e6,58.95717143,57.87451206,9.584305632,6.590900086,65.83435571,,6.590900086
578c2778-c5ef-4471-bfbe-43807b78e391,4.515907298,4.773876337,15.82171242,44.83545322,32.46160034,,4.515907298
acd171a9-652a-4c7b-ac93-26165c642e24,49.02060609,5.801299225,9.047379433,9.047379433,44.01958341,,5.801299225
ec8ede54-1917-499f-b3dd-5abe48aa78d3,8.974555774,70.57980001,70.57980001,6.568189154,83.82765067,,6.568189154
647d2b02-68c3-4f95-be14-5ae11faa23f1,21.4875864,21.4875864,20.21339654,16.66192288,61.86027413,,16.66192288
eb38e1aa-345d-49e0-95c0-9e535de075e7,7.582175417,8.961370115,39.76149299,39.76149299,11.89680261,,7.582175417
95dc25dc-db1a-4891-b392-cb0a80b9c797,31.5587318,8.305913608,15.34015595,15.34015595,54.65446504,,8.305913608
4b2c0ba2-431e-47c6-ab15-9d97184d20a5,3.630235392,2.418790102,2.418790102,5.042203273,5.042203273,,2.418790102
06cdd65b-321e-4b62-a347-c62b28d9bfe3,43.80940674,43.80940674,38.26067266,38.26067266,44.69804528,,38.26067266
e3c61ab8-bd69-43ed-9818-d86be4b6594d,72.28948844,65.7039142,81.17406843,28.03296465,28.03296465,,28.03296465
a6e750e8-4113-4dbe-9671-cc50c0ea540f,1.452372052,48.81014239,3.868969532,35.92337149,1.059746349,,1.059746349
2619b1cb-ea89-4df4-95a2-cb7e41578b79,20.24503574,24.28306966,26.8564519,26.8564519,14.63805825,,14.63805825
bab9d14c-dc5d-4145-81ea-ac6a04b48873,34.01474581,33.62315414,22.44344644,22.44344644,20.74116057,,20.74116057
528dac4b-708d-4bbd-ba39-60717ccc1e3b,16.49339451,9.759579635,8.073271846,26.76738442,26.76738442,,8.073271846
5c8787d0-cf4e-4903-81b6-11b6c681fc2f,26.99681889,11.32823123,10.47173033,6.388118513,31.02733286,,6.388118513
4eb0c597-25c3-4566-b207-8a8aa297edbc,2.636293234,58.14252524,48.63762793,14.63430786,24.18670474,,2.636293234
b2f5d20a-6f94-4f8a-a5a5-6fef6cd9d35d,18.91005754,2.799388919,2.799388919,38.44339231,38.44339231,,2.799388919
4bb46314-77ae-4939-82fc-7d2cfd819ac5,3.387295356,6.805024356,27.69042485,38.97239946,3.401602761,,3.387295356
41f59b0f-2060-40d7-8ec4-6bf92d30ea1c,4.476084573,39.01200584,44.93753229,15.17972672,5.801409808,,4.476084573
f83f112f-c383-4b99-b796-eb896390faed,3.168968508,2.965866874,3.174083538,37.76396848,37.76396848,,2.965866874
d8839ebb-7c80-4c41-aff5-ead10862332f,97.76255238,56.45050211,50.04040015,30.25906217,57.00793973,,30.25906217
85411048-1187-4303-9e4d-b7bbea0cb14a,51.7058395,8.353063971,6.308173127,6.308173127,83.61929122,,6.308173127
17b1cd1a-eba4-4bf9-9317-a78f44fa945a,3.352610121,13.73718205,2.225540517,8.593971748,24.12666791,,2.225540517
368e402a-41ca-4767-b336-7bb2872e9bff,96.94637167,16.82955945,101.9372883,98.1179947,101.6456645,,16.82955945
18f11ef6-5223-4f06-a8dc-9b19fb12a060,60.13644169,14.60221301,112.3993532,34.29207093,108.6042888,,14.60221301
c38ab344-9c6f-480b-9654-fd7c955b76b6,12.82985937,12.82985937,13.67386418,10.46505958,14.56496527,,10.46505958
f33a5be7-9566-44e6-86fb-34454d8647ca,25.30661923,14.73768512,4.659623223,3.101414434,1.70915799,,1.70915799
7f727e6f-61a6-4b7b-b451-c9c800fba0b7,11.30383897,4.877248241,3.750906159,11.16591948,13.42670437,,3.750906159
fb9f38fb-2067-4200-b5d3-6841030273cd,17.6392558,3.724833664,11.64294256,19.73584849,20.34034864,,3.724833664
d2cd2cb4-24a3-4f6c-8652-4add06ec6d7f,12.59699618,97.65318833,97.65318833,12.72460623,13.00541008,,12.59699618
6f653c14-6369-49bf-9355-12f9b9eeb286,13.55091391,39.14677764,11.49267269,9.262271172,14.19812647,,9.262271172
6c311362-376a-40a2-a40d-9d77f219674b,108.6389015,108.9705946,5.409694322,104.9875047,106.6693563,,5.409694322
cc12e03c-6532-4335-939e-6cb7341ab833,36.83159341,8.00110493,40.19661459,15.63574363,33.2657113,,8.00110493
ef8a1729-f1aa-490b-894c-a276191d67c5,80.76221236,15.41594032,70.87098407,72.24711766,89.2162191,,15.41594032
92e9f01f-6e20-4312-a89d-26bc80a0d88e,111.8672737,108.6476573,5.211497532,108.1358986,107.0211194,,5.211497532
f41a8ecd-3acd-47ca-8b95-f5fc9bb73cef,13.14924962,108.8054567,104.7382196,103.555319,100.3501059,,13.14924962
95d673cb-9b40-4eaf-9fb7-18d8577136cc,79.4711354,79.4711354,2.402589313,30.57203383,11.99309911,,2.402589313
aaeee0af-cbda-4a84-9e41-6417caeb5fd1,3.231464444,2.520065901,6.711521079,13.34032286,13.32292495,,2.520065901
defe455a-4ebe-4555-93f2-52d8591872b0,78.28219417,78.28219417,8.746231646,98.87534643,7.145913495,,7.145913495
dfe056a3-d34a-4366-b016-e18751a7fee4,13.97736153,3.948072139,5.866734961,5.933783535,10.81799505,,3.948072139
ccd2658b-51f5-4a02-b511-04baa6e94982,2.823509872,56.94287343,3.271022179,48.91403073,40.16751432,,2.823509872
862a9d72-a500-4793-91fc-8a0977164a64,2.079044574,36.34306522,45.09542541,4.470643718,70.66498047,,2.079044574
18d44aec-37e0-4691-8748-964d99d1352c,2.55750951,9.574807395,6.935295415,9.19045562,12.08144812,,2.55750951
ebbc2dab-7291-49b2-b6c0-7c86fa3e324f,4.199962936,5.017979612,4.524252212,5.480334753,21.67020333,,4.199962936
c076db38-bfad-4992-90f8-1038e5244df9,19.17903476,14.20175191,33.37287127,31.3083504,27.13820556,,14.20175191
6c5aaa54-002f-43a4-9d1c-b4890d227b45,3.518079091,43.21284308,43.21284308,7.320800422,16.86487293,,3.518079091
578e8e8a-2c43-4a89-831b-f1173faaeb71,38.47840677,38.47840677,62.24483698,6.776027337,41.82247447,,6.776027337
5e0d2f3e-b3e6-4962-a7ac-d7fa53c343f0,58.45560757,9.696267167,71.36552597,11.23073023,58.38379383,,9.696267167
86bb48c4-5ef9-4070-958c-b61183eafa93,24.1160152,30.99032934,30.97836458,60.73005967,5.186393152,,5.186393152
9f0949a1-4559-4882-a325-f253168012f8,10.11775191,4.501177466,4.501177466,7.622204192,9.641789354,,4.501177466
67ba6903-5af6-44fa-b421-78d85da8a293,16.73340745,52.72796259,59.32550509,14.29138489,69.29723815,,14.29138489
11ce90b1-e62f-4763-8cc0-0d7394290544,1.902614816,5.298321154,3.568439397,3.568439397,8.7870622,,1.902614816
2abb041e-2609-4156-831d-adcea4a7eab6,2.081547522,75.8842077,10.05379983,10.77088271,4.560042013,,2.081547522
b9e605e2-83ae-4bd6-8796-63bd388c5afb,12.40941862,4.712402817,4.712402817,10.90576954,8.968075903,,4.712402817
c730babb-7441-4bb6-ae81-a082d8354b9e,2.695373886,2.695373886,1.792377025,2.430881313,4.812964839,,1.792377025
9459466d-6262-4018-b3ec-8f4148e02742,8.672908899,91.33837411,91.1636411,87.14808371,87.14808371,,8.672908899
b65ef4f2-d018-4ed5-a2e2-a1646edc8fd8,5.016948695,5.016948695,63.12919376,60.00987312,76.54561115,,5.016948695
713c4586-9ab8-40b1-9d5e-3858f8f32fcc,13.80350702,13.80350702,14.76394328,11.67622028,89.78923295,,11.67622028
1ade6a5a-ce5a-450a-bd77-93aef4878a58,13.85376486,11.77265934,1.89250419,54.19042749,54.60375796,,1.89250419
559bc3bf-c6ac-4ea3-81c1-ffe466aa206d,5.84276781,109.2401329,15.01026553,4.215280132,102.6309987,,4.215280132
7f41acfa-f1c5-4ab6-844b-e59a8d8d7ee2,9.362790655,3.67560382,24.4073904,86.87610628,13.01935013,,3.67560382
e23649ac-0377-4bfc-9fea-7b7b7f8d9b20,1.454137055,2.055823063,2.055823063,3.187200235,8.987282632,,1.454137055
71e06a67-beaa-428a-bb0a-5778d6702b0e,41.44287403,89.59083629,60.73356034,76.63727892,66.29117317,,41.44287403
762f40d2-5cca-4988-9b7d-a76fb7953c67,16.1765264,56.023506,41.70271603,54.81474636,87.32193719,,16.1765264
3230e013-5283-4870-b150-1ec78905c348,1.505781328,9.351455515,9.351455515,43.9470928,77.45686181,,1.505781328
2684a06d-82db-41be-aa9d-59e0413a6b96,30.51085988,4.603172196,4.603172196,1.734962383,1.883073266,,1.734962383
f75c505c-4814-4cfe-9fa3-8aa5c43edfeb,2.06661576,29.88067437,43.09025686,43.09025686,41.17313359,,2.06661576
ebfafb05-c566-43f1-9900-54eebdb8abb4,88.15422541,109.1413287,108.1402475,30.40393954,106.404939,,30.40393954
4d1a1080-8778-433a-bffc-c16a07a15e46,14.38821704,12.99018073,12.99018073,33.72981209,30.39912886,,12.99018073
9fc58334-a499-4992-b0af-8b9ba90ce039,58.79952128,41.69953127,63.33283118,3.558729477,62.76591777,,3.558729477
c00f20eb-8d1b-4409-a699-462811d81e49,31.66838144,4.870873307,35.2259601,2.756102993,2.756102993,,2.756102993
9ccc1acb-1bfd-48b3-956e-77d05e7c1303,2.219179099,8.632042284,12.66238318,12.66238318,64.36373757,,2.219179099
91d74428-9853-41a6-8bc8-d1167992d4b7,26.09503668,51.45355306,54.82226293,59.07301953,23.43581406,,23.43581406
e92d6387-d41a-4239-9761-94bce0b6eff6,10.08063737,2.614577532,12.83909869,12.83909869,0.87834753,,0.87834753
bed7ddf8-adb8-4eff-8008-cddae9e1f941,3.720080587,64.92479214,86.42993712,108.8182734,95.4643419,,3.720080587
dbb72537-6e98-47d6-8141-0472727fbc21,3.866577216,3.866577216,72.69639171,69.60811929,56.35791083,,3.866577216
d48934d7-f13e-486b-8baa-09fb3b6b3367,24.8256399,24.8256399,4.435905658,10.54230963,28.05729537,,4.435905658
8208c508-4dde-40c7-9e65-ad3f1eed5907,30.28156289,29.74897011,75.4568869,82.59845853,37.41757324,,29.74897011
4e34f97f-85e5-4210-a78b-ce5bbb412bcc,27.66980505,27.69609218,29.35156649,23.45848249,29.02139219,,23.45848249
de84ec0f-5579-4b51-8d41-369ec4f09e07,36.00913979,25.79473717,36.07757363,26.41782691,29.23662594,,25.79473717
cfdd55a7-94c9-4853-a172-c104d582d32a,9.325995716,10.02270206,10.02270206,13.13352047,45.65306573,,9.325995716
7c1599e2-72a5-4a2d-9ae5-08a54e1c2b1e,3.739533824,3.405147488,7.429933964,17.77381375,41.99402586,,3.405147488
f8e1b7c2-9ac9-4ad3-ba1b-81f129a10227,3.263484718,10.49715291,3.136037128,4.189038151,6.995707028,,3.136037128
5269d9b8-2f43-4563-9abe-ee65e97b9cd6,97.91574897,102.8635204,102.5773647,102.5773647,43.62859139,,43.62859139
8022abdb-8fab-44af-b347-9f3ce4668d7b,4.906958204,43.13062545,40.80204021,9.341503065,44.9867005,,4.906958204
21078ac4-0fc3-4e3f-a3b8-de40e6a05c51,73.54355629,17.91238063,60.1517222,12.52290706,66.6657191,,12.52290706
8cad8e1d-830d-4316-99b0-5cbdb4633d07,64.02873212,72.57567675,70.86840512,57.52087516,98.60754882,,57.52087516
d8e6b279-a438-4f79-8321-a6f7e5df5cef,49.44658972,57.08016669,57.08016669,4.703164957,2.537794808,,2.537794808
0d3c5a63-9608-490b-ba12-8e3b4e42c36e,9.228894101,9.228894101,87.89586864,51.63661397,58.30877309,,9.228894101
e6d88d21-af8e-4298-9ea7-061902a6e50b,2.76983532,21.35375807,3.608925013,19.85287351,32.58039652,,2.76983532
315023d9-362a-4488-9458-e3be00037788,1.188245222,20.49717736,20.49717736,29.37364666,15.43936843,,1.188245222
7569804f-4d38-4fba-a13c-35d8bc2249b2,1.504946619,22.74392668,22.74392668,2.516299008,29.85735056,,1.504946619
6727fc16-5892-44ee-9519-75e0423f5b16,1.61387747,17.34108323,16.06567177,16.06567177,22.99966285,,1.61387747
f49b31de-2668-422a-babd-7be5fb47d3ff,77.57987567,73.76764519,74.57654888,19.40658873,19.40658873,,19.40658873
ad0fd8d7-38f9-4e88-9c87-25c70f276bbf,33.63565385,5.063781488,44.10102482,31.2219079,25.50128453,,5.063781488
ff164df6-449b-4ed1-bba2-2eb1ef165c71,6.167146056,16.23168651,16.23168651,32.27307228,5.599948491,,5.599948491
045a8788-6b27-420f-a431-b8865e9c91a1,3.297831675,100.141578,4.6326419,4.6326419,25.96623217,,3.297831675
af443e7d-b0b6-4586-b660-84b7c0667521,10.63595285,53.72714055,8.112809156,5.541771045,5.541771045,,5.541771045
68b1bb8a-e350-4d28-9a62-99668e818871,4.634823527,4.634823527,13.79138889,25.07358875,13.6718855,,4.634823527
f5313a03-4348-42b1-bed7-5763bd87955e,9.878185754,9.157763159,3.872749525,43.57017563,49.49367109,,3.872749525
8db7e22e-b39f-40f9-9e24-11dc3d89ac2d,4.853823418,4.853823418,12.43954585,7.597896439,23.60328209,,4.853823418
54084a8e-a254-443b-9ee4-7906fcd34011,6.086210531,5.95740496,27.46703358,9.564981003,98.16946217,,5.95740496
549f4137-0b25-4811-8098-220f31a7b6a0,6.589167778,7.447503035,26.94004372,5.700569146,5.700569146,,5.700569146
ff3f870d-03f9-444c-a7e2-3c7cd935565e,55.55938018,57.61764901,57.61764901,45.25962345,11.50379714,,11.50379714
61438c9f-5d52-41f2-8d01-4d4cdf10dd6d,6.569825833,7.215396152,4.561773845,4.561773845,21.86500739,,4.561773845
63cbaffb-7119-4fde-87f5-46d6c1cca424,5.141016538,5.141016538,2.53620536,8.866141148,8.866141148,,2.53620536
127b7e4b-ea82-4b7d-8961-4d02409025ca,5.847086191,5.417555994,5.417555994,8.071044201,88.96458011,,5.417555994
666ee713-f306-49be-8763-60390e4bdc8c,37.20583175,45.73178067,29.0116304,64.19353319,75.03359514,,29.0116304
a3e1783f-7a1b-4f05-bce3-55cd2efd9b0c,13.92085497,104.6863369,14.07132624,100.649189,14.36873457,,13.92085497
746e5881-4c18-4ff6-8ef1-80825330a48d,9.347399235,100.1702973,104.7384241,108.8051694,12.1993782,,9.347399235
903e0110-119c-469e-a733-4538f1b55a13,103.0274479,10.82726893,11.41570291,11.41570291,11.58115521,,10.82726893
1ac34f1b-0b90-4942-9156-11308a2e3023,11.02879263,23.83928899,37.44289403,101.6918233,101.6918233,,11.02879263
03699b05-1e58-4290-b684-ee89939cad52,33.22812453,121.5876775,121.5876775,118.1106173,118.1106173,,33.22812453
cb73d9dc-780b-4ea8-8fd9-975dd416a1d5,109.1814397,105.1348559,111.0833046,104.5103774,112.3357831,,104.5103774
c10b50fd-abb7-4b3b-9ac3-31111c37b4f6,106.8433683,14.70756899,111.4151896,108.392673,8.385351768,,8.385351768
1c81afe4-32da-4127-9ca4-78d1d7fb2c55,32.65930673,30.0258965,45.95640952,31.36575011,56.04438685,,30.0258965
9c8204b1-acac-4bd9-880e-581853639111,33.65724977,9.851068656,34.34431617,34.3560149,35.7800763,,9.851068656
6caf2aae-59f5-4fb4-ab3e-07310fd01f05,31.79094473,3.130073454,45.80296101,6.918452463,32.75143418,,3.130073454
00818f57-142d-49e9-b20e-959d781ff863,117.7018374,58.91924482,35.57929269,65.58320394,34.95517814,,34.95517814
5cdc0e25-93f6-44b4-aaab-189adf9fddf4,29.47751966,32.46459552,121.4663192,122.848587,123.0091287,,29.47751966
66134c95-4ead-495b-90b9-9f0fe8aea7b4,18.3513909,18.3513909,49.34298888,6.678920262,29.40151461,,6.678920262
728e850f-3b9a-4f16-8d80-c0675d6cd30b,28.14393994,100.1942259,100.1942259,57.0506728,15.52864249,,15.52864249
09959757-cd38-4afc-b919-721724609eda,45.97982712,26.50635468,20.67705343,11.65772511,29.17382708,,11.65772511
55520fb4-0965-47c2-bcfd-2fb538af9cc3,72.52982687,74.8976314,74.8976314,70.35366429,8.09974381,,8.09974381
2984470f-1437-4fe0-91a8-3251c5b4a1c0,48.97045465,5.048287367,44.3247348,49.58415897,24.84448845,,5.048287367
1be38eb4-b5bc-479e-92a3-9d13fec0fae3,15.06529319,48.31579831,45.75371458,6.105548236,18.44667701,,6.105548236
94c8d51e-f687-4ba0-a1f8-8b3cf14c8ff1,27.24065086,20.44229089,92.64942239,92.64942239,32.43138732,,20.44229089
303ace4b-aa17-4fd5-9f67-d6ddd922c4ab,9.156822903,9.930997708,1.90720025,3.564285827,5.634612039,,1.90720025
3af75cdc-afca-4872-9b95-cd3dba475ef3,5.19440113,8.897749186,33.77067202,13.08065562,14.34876139,,5.19440113
677e6164-df1a-42dc-b700-cdf6addbbb3c,2.990144824,3.858157911,1.439497618,8.651650237,48.47211851,,1.439497618
d5fcc84f-e61c-4b8c-935f-07e659c45a08,7.109454989,111.2683305,7.244841893,82.15382754,35.08073461,,7.109454989
e6a8686e-86d0-4d2d-bea7-c0d5871d7570,4.928629833,30.81376631,2.757731324,33.96375601,11.58083047,,2.757731324
e9081205-3c16-4721-8bfc-a62c702d974c,59.4429951,46.15778265,52.81372776,37.55411021,105.9443581,,37.55411021
dea9733d-3315-4559-b77f-17a4e3a011cd,11.1574688,18.19648108,8.066859557,11.73030138,9.385201281,,8.066859557
d0571033-64e9-4d94-a058-d2f4049e45a2,6.588098866,58.42794076,52.01378785,64.73787281,58.36428388,,6.588098866
053e6f22-082a-4952-b5d7-0674f18116f4,47.03076521,47.03076521,21.89534175,55.92319468,23.41368615,,21.89534175
d300d9b1-493d-4b0a-99fd-40341c623246,19.19423148,90.85754656,56.18700615,7.629664186,7.629664186,,7.629664186
f48d484e-9d82-4048-8190-ee93b93ea89c,14.63123927,15.58592494,56.50734553,65.60418024,50.05047808,,14.63123927
4185cb7e-4ecd-4609-9a3d-34b9383841ec,8.935832231,11.97791541,56.57131103,12.92430131,12.92430131,,8.935832231
a0423156-6103-4049-aba6-ad538b006297,37.81955609,1.862285721,44.16042825,26.39600242,8.637641537,,1.862285721
e2412de4-4846-4142-9593-c9ecf44c5278,13.99128495,13.0497266,3.801916491,3.801916491,13.0227638,,3.801916491
fc39ff27-a77b-417f-ae56-204ef17b478b,4.531059825,6.743742836,96.0873711,96.0873711,89.72472962,,4.531059825
654e58a9-785f-455d-a7f5-71ac201d9023,4.420344016,4.420344016,1.599563131,1.599563131,6.589727265,,1.599563131
c18e8b6a-e047-4069-b8fa-34daebfe1a2e,2.161288483,7.919194533,5.170611192,1.216620376,7.588756525,,1.216620376
dcf1c8ca-1a39-4e5c-835e-82ed5c9aaace,1.519769655,7.251004725,11.52540508,8.977647875,4.367635886,,1.519769655
bbe7f376-26e3-48b7-9341-3ef84d3215f0,1.959663848,4.384176691,4.384176691,7.917984473,4.434878521,,1.959663848
c7600a84-7bd9-47ab-98d1-4816b3b2e984,13.57505695,21.11775595,10.47628359,10.47628359,11.63644023,,10.47628359
ee9474d6-75ea-4336-9883-c89bf20d7e32,5.427111661,3.215370954,3.215370954,20.3901764,10.42594092,,3.215370954
f15b6ac1-7d5f-427f-bba2-b785e53f85ac,12.32449781,12.32449781,28.8187285,12.10169236,25.74314053,,12.10169236
9323eadb-abbd-4314-b628-44b73356e420,4.732925173,9.974833791,4.276018341,4.496548139,4.496548139,,4.276018341
028cff90-c9db-4563-ac6c-93e1bc529e01,4.635093241,4.635093241,75.1385958,71.40909581,30.33806817,,4.635093241
407f9a3a-a58b-406c-af10-2ee906ce634c,9.138673708,9.138673708,29.23644052,8.481616582,8.471277141,,8.471277141
44d79285-fb27-4266-9d05-39c5e050c571,6.01951556,11.72341822,9.621526759,7.201647727,16.34506631,,6.01951556
2b537c2c-9201-4383-a2e4-706d9566e84f,58.68423031,4.114495928,42.58255592,64.09908686,33.42367371,,4.114495928
ebd2c06b-39d7-4896-8444-ca9ebe6b984e,40.9424166,11.34003883,16.82599132,91.38802943,91.38802943,,11.34003883
bf545319-4122-4873-b118-ee2b70f8e45f,41.72835771,9.899427225,49.86424292,13.24249924,12.44298739,,9.899427225
cf14f33c-8837-40da-9299-c5f68df553b9,7.755646155,87.48829881,30.73634301,49.85436902,66.0566706,,7.755646155
b620733a-2d1e-42df-a6b3-ecc0067e4246,14.881915,52.2158931,52.2158931,18.08393656,8.409736306,,8.409736306
4e7d680c-9cf2-4f6a-a34f-52a2c631cb60,42.20380754,101.3261571,79.81759389,66.88555052,56.53413755,,42.20380754
10ad4091-8c7b-41b6-907c-c1088ae0a0a3,50.00804764,66.78610708,22.83227713,35.12103993,12.80943166,,12.80943166
ac4f5355-9984-4ae9-b6fa-522b0f2cbea6,24.59596985,31.26676512,26.31881156,28.91779747,43.18025313,,24.59596985
bed7df3c-b038-47b4-8843-ba1839f78a82,12.17663732,9.807009614,24.90891974,9.027304338,21.86263499,,9.027304338
8e31d503-8560-4c21-986a-eb7d3bd54920,2.094923983,6.954468345,4.383693012,54.86004939,9.867557425,,2.094923983
15707dba-12e2-41d1-b2bc-0e75266c682c,25.28059204,10.7473853,11.63747049,21.22235775,60.47527792,,10.7473853
deeb61b8-9786-4374-b414-7382dbfabd0f,9.683798211,5.621321157,12.3053866,2.207741649,10.92659124,,2.207741649
81557a30-87e0-40fc-99f2-bde8938f2ebc,2.39147332,2.77077238,3.070120927,3.070120927,21.6689949,,2.39147332
6ccd8a85-6509-4fcc-aeeb-4e359d8418d5,6.004405955,65.39819426,10.27062298,2.132294235,4.312020046,,2.132294235
ff8bf6ff-e2eb-4c3b-95db-b23fba97f3bf,53.83330808,52.13760724,89.49646913,44.97057973,46.87432235,,44.97057973
b86737e0-1249-4643-96e2-7ab0a003ecdc,5.840562499,2.963810229,45.68577061,115.8991953,41.14020662,,2.963810229
2188989a-3a31-4ff5-b180-ecf5320c6359,53.23314915,58.59072499,44.84174114,44.84174114,56.97417752,,44.84174114
9e74a77f-e5d0-43ce-b154-1c990c7ca41b,119.2258532,11.62447964,117.4322832,12.87503265,111.1460042,,11.62447964
966c708d-c9d8-4d21-9d6a-4d63584ab002,48.26603391,38.31013912,31.19455927,46.12278157,54.09308649,,31.19455927
f6ff7543-5d0f-4a7b-ba62-4be8f773a802,120.7402105,118.3735596,120.6619854,122.3280641,121.7556903,,118.3735596
bddba06b-cf97-4337-8bc2-892620b1f33a,9.110592956,43.14836473,120.1307091,107.1691274,117.7423374,,9.110592956
444c3d7e-a25e-4867-bc3e-cbd7c741d06e,1.810492847,61.20975152,14.39488489,3.958632577,15.38409532,,1.810492847
135af311-2ffc-4328-a952-568e5bd303d3,56.35919379,2.590644802,1.885905304,48.32860748,72.30665219,,1.885905304
62b0a8ba-02dd-4009-8d01-5f66e48a7980,3.322239767,2.777114513,6.914486619,14.61273699,11.40100786,,2.777114513
e1004dbc-9ca4-4e6f-942f-14e4bc5d219a,2.117431771,2.748425562,6.409992351,26.50721634,26.50721634,,2.117431771
20db3b6f-7f9f-475d-a528-5746c2ee5e80,5.659356314,3.318141256,25.85450181,2.737264915,10.00184656,,2.737264915
2c023773-4fb5-4280-b766-ebe637c0a1c4,3.330634437,27.22442419,27.17088406,27.17088406,4.365357653,,3.330634437
7315b86e-b7d0-49a4-a3d7-c97e552d1257,5.130274187,7.613082278,35.02494043,93.56635419,58.8027697,,5.130274187
0cdde756-d108-4a03-b9bc-77e0be216517,4.359212226,4.359212226,4.841853191,6.245298533,20.08137015,,4.359212226
e47e2acb-f3ba-4dea-9273-901957f3aece,85.06614516,18.18718861,18.18718861,3.598705378,99.13297253,,3.598705378
b8b244fe-dae1-4706-b12c-a648fa1d3f07,10.33050053,6.33506346,39.75575566,9.881704576,49.93807666,,6.33506346
2f43c9fb-4280-4cc6-8971-4b332ab368e5,74.06307503,82.28107805,78.15388401,83.28885467,81.62821,,74.06307503
4fcee496-c12f-49d4-9895-dda47420f9d0,52.80630066,51.54029114,8.801337209,4.911282279,4.911282279,,4.911282279
c9ddf6f7-90ff-4206-9496-f21f4cba408d,6.797708278,15.26305838,15.26305838,7.058350072,31.43262471,,6.797708278
d65f8a04-9148-4e19-afeb-49ed9048b1e6,23.57129478,15.3426659,22.62902377,6.129011983,6.129011983,,6.129011983
3a46499a-c439-4a26-a842-0c71e759f4bd,10.18444109,10.18444109,40.96312327,68.26651522,26.7747168,,10.18444109
db6bba3e-9ed2-47fa-91fb-ddba92f4eac7,25.53025662,4.347498639,12.74001088,74.68323334,26.32863999,,4.347498639
bed2bc8d-5507-46e2-a6cc-a4fb7299548b,54.00068603,6.235622246,9.355072594,11.76151753,5.267317689,,5.267317689
df842297-951d-4a63-91df-0be493f601b1,22.82241413,5.594929041,5.594929041,5.276172077,5.276172077,,5.276172077
5210be8f-3880-4e28-b86f-692fb10152d1,5.983517992,7.842988618,42.01899033,42.01899033,64.19818089,,5.983517992
35363f14-5e0c-4834-8c13-d015c399c4ed,16.42833483,99.02828524,58.82157395,103.7075401,103.7075401,,16.42833483
00cbe811-2ce8-4820-8d16-f23935bacde5,21.2839379,53.22525801,61.64463637,50.60519383,52.17174442,,21.2839379
f06470e5-bb97-44cd-845e-7db4e3523d29,9.270996822,107.2088097,8.471816841,14.74125637,35.48643804,,8.471816841
71b90666-8c89-4137-96d2-add7cc681292,6.084523555,15.98471151,5.584369548,53.55848332,4.742516729,,4.742516729
76eb886e-53bd-4f84-9989-9d85976b7221,5.825856119,49.79796615,5.929522778,6.889919007,6.889919007,,5.825856119
c87d2b3b-d25b-4771-9521-e2174547f507,20.38497744,20.33379295,54.7638405,5.639038754,16.112376,,5.639038754
98ac2aa2-e8cc-4ca7-8538-4205bcbb1c93,15.25675099,42.66397515,14.83413106,96.32676455,89.53627845,,14.83413106
f65ab659-a1b4-4406-87eb-aefcd9cb1ea2,49.31391073,97.17966515,13.56981209,13.56981209,99.96994538,,13.56981209
40e755a1-1b87-474b-9dd7-003e2d8a8c47,2.369117851,36.44650953,12.60177161,13.4079036,5.377251802,,2.369117851
b6fe4e21-46bd-4816-9885-0415d3c1d0e7,1.039792985,2.473770533,35.26140853,35.26140853,2.073653532,,1.039792985
2700d4d2-d7eb-4b22-8a57-690bda61e226,4.162603354,61.25986482,100.1657819,89.62982397,44.50255253,,4.162603354
94b463fc-a995-485f-b5fd-b885d62e20cd,36.94529142,36.94529142,17.78740198,41.05824322,19.33261355,,17.78740198
a8ab782f-a25b-47cd-9fec-c294ada6cd5d,25.81607344,25.28092551,33.43503019,33.43503019,5.39283559,,5.39283559
e797d7b0-1915-4144-9397-91f9f28e43a4,31.14669553,31.64195192,24.52947536,23.15562664,23.97741184,,23.15562664
0b44a807-947a-44cd-8b2c-0a00b1cc9d11,5.877768836,47.57373523,47.67786355,13.68755641,27.6532888,,5.877768836
229aa0ca-5fe8-45a5-9619-d2d4a2007561,22.49382474,28.16105961,91.69640846,31.80261021,19.13395963,,19.13395963
063a98a8-4fb2-4d95-b87e-03acb649d595,27.99218662,26.71098543,91.61547973,22.05954197,28.77544085,,22.05954197
46448af6-fade-4b50-a471-83b3f7edc419,3.948944806,9.140899404,54.5227177,48.75564802,23.07087469,,3.948944806
2bf48c74-9c6e-41fd-bee1-cc9d4e9e7d22,11.10846679,35.33127094,35.33127094,12.3267937,9.080396111,,9.080396111
5322f291-215f-4437-8bb5-d73d8cb41639,15.43178283,2.198536668,58.10598479,48.60543792,44.57171995,,2.198536668
a1a59fa7-7a41-44fc-8f4f-15cf02439756,58.28115909,5.855661748,23.66307114,16.94194438,30.77202731,,5.855661748
9d909fc4-1220-48e2-9529-eb0444b62d20,17.76940749,61.06366931,61.06366931,37.79391809,37.79391809,,17.76940749
970d75ab-b4b3-4f90-b64e-c68faa7f2eec,17.50554779,52.87962746,52.86350827,35.79858689,53.09472603,,17.50554779
adcbdf21-bed5-4c12-8059-3486905f3736,66.44068829,74.36694649,7.876470328,69.71417243,7.65259882,,7.65259882
05c19c51-a870-4dea-ba2f-9b540fbf6fce,72.05998821,63.53486942,98.1946034,70.36171948,56.99499171,,56.99499171
33d231bb-303f-4ff7-8ede-aaf9229c4d01,101.6951897,5.242448707,97.75792229,25.64108938,17.2152796,,5.242448707
290d1c00-95ca-485d-b5c1-fdb399175a08,57.82914869,6.232617976,7.651576947,35.32947807,1.762604937,,1.762604937
be963a36-bbcf-42ee-a454-c1482b03dcd1,2.493244351,32.69881679,58.50029665,73.60217294,8.446419743,,2.493244351
271fdc4f-cb79-4b54-8c30-3dd4616a4f42,4.600518073,4.935838065,17.80442973,63.51630307,63.51630307,,4.600518073
cb2e1f46-2638-430f-b8ad-c50a4d163815,57.06818402,1.385402144,26.77894556,7.582503155,39.85869304,,1.385402144
f5d880bc-722d-40eb-800e-93922410b561,73.60635594,17.47952266,60.23139857,13.64456223,108.6886456,,13.64456223
0bde193f-6e58-4ea3-841c-03079e646d65,2.366619122,11.47066719,25.94606574,11.87401271,29.43896528,,2.366619122
273dd3fc-0ffd-422d-8d25-f558735d5cc0,25.86311542,3.369185824,29.15798713,13.39903125,4.128781518,,3.369185824
9b15ae48-d842-40fa-885f-e5f9fbaaa58c,11.34683847,3.836650388,17.05609264,17.30510286,4.383128018,,3.836650388
98ead677-3b99-43f8-8945-70cd9ea194fa,25.48514452,14.2454046,3.322899336,1.848084482,4.360427186,,1.848084482
aeac8c14-e6d7-4de4-9be8-63240dab37bb,9.482277291,9.482277291,8.315605707,8.315605707,91.18524709,,8.315605707
522c26eb-6db3-47ab-aa1e-b8ec97dc9435,30.13672077,16.01857156,5.482679715,5.482679715,8.16351823,,5.482679715
840fb6f2-92e5-4e7c-841c-5e7c4e67599c,25.88010091,77.42760146,62.07046609,28.2105744,27.58061692,,25.88010091
a2ae83f8-917b-4b74-8e6b-e2b2fcece6b7,32.70034764,88.71459775,41.37567881,44.00004485,24.68392725,,24.68392725
652b335b-9d39-417b-b123-8d13b23a98d4,23.49456986,23.49456986,57.32803261,3.932029433,66.05579003,,3.932029433
dfb0eb5b-741e-468e-a14f-712bb629f959,5.248448916,6.916234246,6.916234246,18.68017072,15.57200022,,5.248448916
438df6de-c4f7-4b3f-b759-05aa1434d217,2.77375689,25.78422736,12.36429182,24.74999135,16.94489653,,2.77375689
5dd07100-8975-4226-b119-9a18054a1041,62.37722938,64.89672311,53.88334592,62.44777712,62.44777712,,53.88334592
0e790fb9-629f-427a-b44e-28f5c919480d,65.70943995,73.8068837,52.43471737,16.43856277,64.48570206,,16.43856277
a9f6ca70-44c0-4863-bf34-6f9d9cb5d5b9,6.302508205,35.89136142,29.30617939,27.44897078,7.988895939,,6.302508205
cd616671-e339-4954-ae80-33b9e87a00d5,36.66341928,34.25145907,34.25145907,10.00590115,29.12691856,,10.00590115
4fa9c890-338d-4385-8dd0-9cc50a8d225d,53.93878301,92.94686246,54.46896081,54.46896081,62.45219381,,53.93878301
3075b0af-59a1-47aa-8d1a-1d866948c2fb,24.06805649,58.41145002,30.96027468,33.0589301,25.72958574,,24.06805649
2029053e-f94c-460b-b67c-f9f6dc9dc623,31.67450447,22.53444527,40.34204964,27.76801462,87.34524413,,22.53444527
afc61b5d-05e1-4152-9c3d-a7a31e04c81b,20.33438262,27.54216118,27.54216118,23.59970055,17.64327618,,17.64327618
91dd3087-91d8-4dd3-be4c-6f6ac69bfebb,5.592696886,9.80406999,7.288921479,24.23763865,24.23763865,,5.592696886
77ad577f-1196-4bd8-b2b1-543bc64bbed8,12.20750879,22.36086313,26.3567401,27.59044877,27.59044877,,12.20750879
905d3311-e32c-4fe2-a079-0fc6f9cbb60e,14.0097008,21.39252637,13.81213549,28.55583104,28.55583104,,13.81213549
6c246ce1-ca3c-4245-bb0e-bc0918dd0e92,20.76637479,18.60236849,16.66651263,16.66651263,11.576606,,11.576606
fff8d4b3-f1dd-42fb-b658-988abe945431,14.66049148,60.81113928,22.25963846,12.30431125,45.01482312,,12.30431125
dcad46d4-ca22-4bfc-9b6a-7053710e583b,1.97622425,6.492339635,19.22950612,2.838610438,44.96301958,,1.97622425
c1cb532a-bde0-49f7-aebc-e0394e5d785f,83.39749577,5.758540469,5.758540469,1.923575562,59.1228498,,1.923575562
e387e416-0082-4fcb-b01c-01764f40f987,21.68878092,7.816338927,2.615658766,29.00607047,3.063075938,,2.615658766
dc92a549-393c-4de9-b52c-efa8437f2c8c,34.66655681,5.033469185,26.22156678,8.088920621,71.31655047,,5.033469185
b6b41607-2423-46e7-b5b6-ba86907585b9,62.32104239,35.06389261,56.24561242,58.46114443,24.95989922,,24.95989922
e4a73bf6-9157-410b-828a-db94afd82203,8.51658037,8.51658037,7.563242659,7.563242659,12.3463781,,7.563242659
2ff09429-cfea-4e8f-911b-ba1907d42530,45.40434913,16.87727785,3.952404993,3.952404993,4.25879134,,3.952404993
1cc03c29-1d05-412d-b397-a6d8ad33e882,71.31014245,19.46063111,67.37434622,25.87734032,17.97577083,,17.97577083
112a4002-92af-4bc6-91d5-ce80584ceaf7,9.995660474,9.995660474,79.66902116,4.775352244,28.99619257,,4.775352244
703f6ae3-02ca-42ff-8a14-21635251120b,23.66965917,4.935509031,22.34877672,5.609613373,8.920597787,,4.935509031
3555146e-a198-4462-85fd-87f07e7e0e11,56.56735019,7.14937529,6.456770535,59.31724873,7.236296527,,6.456770535
2e572768-c603-4f42-9bb9-453244127229,13.84031794,38.16239506,40.75468712,2.730887054,42.19953941,,2.730887054
2f106338-297c-4e20-8a73-1462be2f0f00,7.986182375,6.587227665,30.54640836,42.43611501,5.693168356,,5.693168356
7a6a21ea-38ee-4cde-987d-5c35fb567ea2,28.32684325,28.32684325,7.709970074,5.554331101,40.23594998,,5.554331101
a3caccab-3a81-47e3-b68f-97b7870160c5,109.3961694,101.1659368,30.57806116,106.5109235,30.26304653,,30.26304653
c9401fc5-d5e0-4b4d-8dff-82a03c4425ef,59.86773259,5.771781409,92.20026491,6.048920519,4.327426938,,4.327426938
1b530a66-d75b-464f-bb32-7be7813ec4ce,2.004228287,1.34817608,1.34817608,4.27992316,36.04805157,,1.34817608
62a74107-14fa-4de9-84d2-1ed1d7ce06d2,3.521530649,10.18954882,8.713827551,6.403795624,65.81454601,,3.521530649
f06b32b3-4fc0-47c9-ace1-1cebadbc2a03,5.780633501,5.126620665,5.126620665,5.9140583,50.94046277,,5.126620665
7a3f6288-4540-4305-a8f4-404739236f9a,41.64374218,89.87681342,61.02713265,76.92404136,78.22296531,,41.64374218
98014f8f-98a6-4577-8d12-b5818915df28,12.60757546,12.60757546,14.51202095,79.61578843,33.72196207,,12.60757546
4317ef3b-965c-4972-b9f7-183e06eb2ced,16.96446562,85.22169815,88.03783312,55.5076618,24.17804713,,16.96446562
210a7bc9-a76e-4f68-b9ba-1b7e3435b08a,31.8393457,15.41589186,29.18085602,33.57205203,12.81928412,,12.81928412
ca13ffbd-ae46-48eb-9afa-5caf15cb5ad8,54.51583126,4.945525786,11.20968316,5.250438004,3.699135621,,3.699135621
3c70e58a-6cc0-48db-9943-3402bf8001c5,10.20610477,33.34341057,11.47267497,11.47267497,5.323269997,,5.323269997
c873d9cf-5847-4424-9f56-497eb6e8a237,50.18713989,50.18713989,55.59538942,50.43307169,61.84566582,,50.18713989
504f7029-de2f-4fbf-b0ed-4a7e77378b43,15.44054538,3.26405702,3.26405702,10.5095093,2.023653071,,2.023653071
fe5af038-5b07-4088-be60-22b8279d97c8,3.042365531,86.51051626,73.42184479,73.81215753,32.22399015,,3.042365531
d630c4a0-c25e-49f3-83b3-e2053d94a685,4.043110448,4.043110448,84.16480768,83.78142686,90.39103053,,4.043110448
869621f8-338b-49f1-b13b-79cb4ec3f675,19.600277,19.600277,42.43290231,42.43290231,54.57002239,,19.600277
790f453c-5cc5-436c-b63b-36daecf3f9a3,68.36434124,71.0261303,69.55883385,69.60660587,20.77529946,,20.77529946
986f8796-b0fa-4665-a4fb-dd120c42d7a1,35.34982859,33.07801371,70.41845552,41.52853795,31.6231162,,31.6231162
58b44abc-9f9b-41fa-bbdb-1b875fdc130f,62.03042251,8.042254414,5.589643078,60.03797954,9.763170305,,5.589643078
0e629d46-145c-45a9-b8e8-60fd5f3fbe85,5.237837254,60.56554785,6.138409911,41.76482842,57.81614742,,5.237837254
24f486a2-41e8-441f-9662-211d5b666725,75.39840008,9.834035489,47.27664772,10.17911473,9.448534171,,9.448534171
ef500e84-2cfc-497f-940b-1712b92ed91c,63.10251093,42.43658221,42.43658221,63.55872706,32.78168091,,32.78168091
3c9b5b53-e0aa-4e14-8d44-668ca9dc9af3,93.21443021,58.57371357,11.22810135,39.75987218,84.95056029,,11.22810135
0abcdbf5-b3b7-4473-98ae-4f90ba763906,3.992625861,7.550260869,7.994778683,7.254636972,7.254636972,,3.992625861
f619121b-81ae-4c45-9376-a3e6edfcd6f5,9.745304415,8.563413495,36.98833794,36.98833794,10.18653542,,8.563413495
df0d87d4-f33b-4292-9510-1ebd82c18074,38.62841061,11.91990192,10.47608426,32.60349552,7.495700011,,7.495700011
3c0893e5-408a-4ce7-aa0b-c2c22affb88a,8.672011097,26.75729433,6.771066873,21.09384177,20.22611455,,6.771066873
9a610514-383f-4890-9134-f046dbf20d2b,2.538713912,21.88959553,21.88959553,29.13802477,30.69381318,,2.538713912
7a777a8e-ddf5-48b4-add6-dfa854010abc,4.93342566,8.412136847,10.96039462,8.379193021,16.79358017,,4.93342566
74ccbd1c-5edd-4c32-8a0a-03f3b5f76467,2.378212515,21.76131337,21.76131337,29.06941433,31.9416396,,2.378212515
c1710445-1933-47a0-8839-42687ed2cb47,3.195981706,14.57308814,14.57308814,15.8264718,3.200398995,,3.195981706
c63e98aa-326a-429a-a728-6d2734823bb1,12.59049258,12.59049258,89.98493191,89.98493191,17.05732172,,12.59049258
c9cca543-0293-4b2c-8b10-df88e2227c94,47.74093461,3.567013022,1.786953798,55.36840486,55.36840486,,1.786953798
20f5c72b-df45-4b28-892c-c2373ee9488f,4.581386489,20.16672599,2.791520527,21.25378776,12.6154818,,2.791520527
7876d71d-d21e-4f83-bdd8-c66d3ebee1e9,93.31038596,36.64089862,89.28920858,105.0647788,37.19685984,,36.64089862
598116d4-5316-4e6a-86f9-62e71acbd1c1,78.19280972,84.52673182,84.52673182,25.80346085,86.60056634,,25.80346085
fc86b81a-0f74-4030-a063-15168cbfa3d0,34.67941165,41.16836045,41.16836045,86.60181549,36.26755984,,34.67941165
7186aed0-83e5-4423-b61d-986c4c9abfc5,28.83080051,31.89929826,8.250459563,6.115426715,6.781150024,,6.115426715
7acde60d-497d-4aff-bac6-97d8f9e524e3,6.802237777,11.56698052,24.06552224,9.223516317,10.94071285,,6.802237777
c8d624b6-4310-438f-9383-333ad79c8460,7.671323289,7.77440362,7.654977841,4.580174879,30.0543632,,4.580174879
efec4a8e-11c8-4a05-aee1-1b56639244e2,9.286182513,9.036144337,89.13325222,12.71179787,9.68737554,,9.036144337
9da7719d-6042-4a69-872a-6d31048d8a41,1.811499857,1.831557795,4.196102068,4.463373276,13.00497781,,1.811499857
509e0489-13c3-4ccb-89f1-22f4b024e900,4.233894445,8.290823346,7.582325262,14.45775421,16.74178561,,4.233894445
699e03dd-9dd1-49e5-9e28-a8994f76dc20,7.644152493,34.35243014,34.35243014,4.667617647,4.667617647,,4.667617647
c494d17a-afc0-4996-a471-6566bc6e1e6b,13.02538142,7.93674994,10.22540879,12.09876142,81.62250098,,7.93674994
2565b64a-eb69-4ccf-bdd6-0b5b2658255c,5.184042931,21.27069785,22.22542309,21.47611321,21.29843454,,5.184042931
799e3b67-8297-4bfe-8673-b2a82c6076bb,28.30368626,13.58730406,9.156835586,5.138014893,12.85078016,,5.138014893
7ffe83f8-26eb-44de-aafd-f07ed60229df,19.03933841,43.22198133,25.79368344,15.66172614,15.66172614,,15.66172614
faf3b671-675e-492a-b1c4-d1769546a672,37.87632721,4.58482502,12.73263035,10.26788563,73.69954707,,4.58482502
8d0582be-f789-4f78-9374-1a5e94d3244a,16.09124733,21.62049638,21.62049638,19.47713164,19.47713164,,16.09124733
7c138213-30ad-4e85-a108-a4db1cccf0ed,14.70417848,24.57451376,28.10530693,21.30330545,27.68107078,,14.70417848
aceb46c0-3726-4730-b7dc-95b297c6ed72,28.15258145,28.15258145,19.79834196,23.00075516,22.4708506,,19.79834196
857243a5-6f77-4cff-b03f-34cef3997301,24.15744461,46.90444168,25.57953238,36.9960872,32.74347894,,24.15744461
c09c2e5f-9ad2-4e91-b020-2eaf87f76b95,14.83225023,63.1823176,9.034422739,54.33711468,20.22710874,,9.034422739
bd46924c-3972-4911-a487-045705433dba,16.00013671,21.99168935,26.29465804,25.58635405,25.58635405,,16.00013671
26a161d3-2065-498b-87a3-6b5db6177224,19.5360501,9.919960555,15.60306546,15.60306546,21.7233498,,9.919960555
e4739ac9-96f6-4012-a949-aa5b9cab7551,31.07791711,19.91260175,6.375978911,68.64150429,7.104140973,,6.375978911
b5b5a473-5a96-46b8-af68-eee5c7e0ce95,1.063713612,35.4401848,35.4401848,62.51497409,62.51497409,,1.063713612
584010e2-c671-4153-a14a-3b78ac4be879,11.35688903,7.907911145,56.51239636,35.26226513,35.26226513,,7.907911145
8f7a82bd-8932-443f-944b-394dad5c6a99,56.17763425,2.226188418,10.81330813,2.401075691,3.994397534,,2.226188418
f70ae1f7-ea9b-4f8c-8aff-e366e02d204e,21.56753758,39.10300299,39.10300299,10.98823934,29.92920928,,10.98823934
93bf1bd0-cc49-4b1b-b142-31038f242ce9,44.44381596,31.55057184,4.350068964,44.83490934,2.004756632,,2.004756632
807435cc-3047-4dde-aa76-7b0e61237e23,25.62153356,21.62510501,25.83893199,25.83893199,10.53246596,,10.53246596
fb05c903-1fa8-4e65-9328-d06f0ae228f5,23.51602884,23.51602884,24.20212446,31.75098172,29.03083997,,23.51602884
d79bcd37-77a1-4c95-9c4f-8ce5e31fa9c4,54.3907962,24.25987751,6.106794906,24.14744802,17.76512015,,6.106794906
dc88a5a6-de7f-4dce-ac66-f2f71b341198,28.25912335,42.78940092,42.78940092,11.55044188,41.27938767,,11.55044188
9158f8dc-c04f-454c-adf3-1274ae03c6b7,5.031981304,3.011746058,9.07613715,16.5527632,9.778313832,,3.011746058
4f5baaab-3634-402f-beff-f97eca7fd4d9,6.305235887,32.86559862,32.86559862,79.81743057,103.0220127,,6.305235887
963e2216-f0bd-462e-90a6-46aa1d4b5d0f,12.74122158,6.805954871,6.230085637,7.84818848,8.630074691,,6.230085637
373452ea-8de8-40ac-8293-e99b2e8d5461,4.580833309,5.984439158,5.538664275,7.271671473,2.807918787,,2.807918787
f33f4d8b-e4e8-4c08-9862-24b2d91fc135,6.782479951,10.80059702,3.378654114,24.39397266,12.40781248,,3.378654114
8d346d92-7727-4206-a58b-43e107be969b,2.519680361,16.87425966,53.26534047,27.84219308,38.85832479,,2.519680361
3fba289e-f430-422a-b58f-a36c596c0553,2.95417491,6.141540778,32.90774255,5.642031282,59.19705278,,2.95417491
8e30ed4c-82be-4dda-b529-238f70716bfd,5.166629658,5.556600199,59.64812652,42.5737524,5.555620823,,5.166629658
359f5c34-b71a-4473-8549-fd4c8a23c0e7,28.81714204,31.89266305,8.450992642,6.185619321,6.761459113,,6.185619321
084e513a-c66e-444a-9eb5-b3d0b8fdf4eb,11.60546768,10.99513394,10.99513394,9.25263741,6.789586503,,6.789586503
4197d1c7-f785-4879-bd94-46e436f4ff9b,9.03135139,9.005903383,89.06609589,9.736495399,12.71384041,,9.005903383
5bba4a7c-e8c9-4269-bb34-e183ef75cca5,7.767898457,7.871693094,7.754453719,4.452592607,30.11268201,,4.452592607
09bc74f0-33e2-4f26-b2c6-11c5670499f1,74.69831831,10.20521976,31.34547745,46.47329481,74.15597473,,10.20521976
dcb23507-82a3-458d-bb83-6b0b5c37644f,8.818710605,8.236868138,89.63749678,11.21932563,86.14279706,,8.236868138
8a677524-a52d-4de4-b31a-4f17cb834786,18.93110998,18.93110998,49.93081917,7.225247262,79.11207779,,7.225247262
85ffd980-d4aa-4716-93a4-660b1273ea16,43.7959769,48.44837502,5.532851267,49.06624143,13.03342973,,5.532851267
2c3e5f66-791f-4e61-84bf-e6a702b0eda9,72.04040396,74.41609844,74.41609844,69.86998951,73.1336739,,69.86998951
b1a1cdb3-c3d5-48b3-810a-153b15d8c971,26.00102397,45.46994407,20.17118973,11.18029805,28.66543919,,11.18029805
4daa09ef-6c20-43f9-a9bd-9fd20a2176cc,27.14598775,20.83641487,93.02413954,93.02413954,32.82057448,,20.83641487
18356301-c721-4b0f-ac4c-34f70cc40d3a,15.60788095,46.29727005,48.86096485,13.6557638,6.628566862,,6.628566862
46831858-8041-4b65-b851-80892459fc0e,28.40476232,57.31728079,100.4572739,100.4572739,29.7386444,,28.40476232
3ba999bd-e809-4905-99fd-d54e0cfe3432,111.0642736,31.82269553,32.09268475,50.97175662,50.97175662,,31.82269553
83fca02f-798d-45f2-81ff-5398c308b911,51.17580681,49.91354268,32.73937174,12.03383311,48.81957022,,12.03383311
0cfbb797-9281-4f06-97f8-6841c2495e82,91.39964439,90.99645772,54.74098143,54.74098143,12.88839967,,12.88839967
1f1f5cbf-b8cf-4283-b70a-87aea94f63ef,111.2984225,113.7528313,115.3103463,32.43668924,27.32161512,,27.32161512
0198ef29-335c-437f-b0a4-d171c68223cc,41.21442079,46.75923223,9.22718968,12.30438815,60.97843959,,9.22718968
7f900eb2-84f9-4a7b-885c-00d4d2ff4663,6.812085424,80.71398117,82.87440672,56.14992587,79.65982816,,6.812085424
2248ae28-6c8b-4607-b2df-651282de5128,25.01429201,8.453530457,6.138251096,11.07647317,11.07647317,,6.138251096
4ba71d77-40c8-43f8-9e7e-c9a54865f929,10.89540616,11.29874402,22.79033371,19.15711071,11.34620493,,10.89540616
bab1b1e2-3ddf-416f-b3d6-aa71bed8a6e9,4.949710228,5.77054297,4.986784004,9.284251373,36.38636097,,4.949710228
f5f662e5-4a83-4a21-9dea-9c931d906626,59.89018603,59.89018603,9.980018552,55.08353958,51.36070155,,9.980018552
cce9ecba-a3aa-49d2-9cb7-a35d3310b974,9.636671829,8.599947509,9.905912553,8.468955699,8.468955699,,8.468955699
016ec557-ff71-4173-a703-d749571b2552,7.51941172,7.51941172,25.63759867,9.408407786,7.927249782,,7.51941172
715f1e00-28e4-4f6a-b12f-def8cf829f9f,9.613677024,9.018702481,8.50166567,16.89966517,76.62909281,,8.50166567
cf8e1b42-1708-44e0-8f54-ff48ac1ded1a,6.012687305,6.925498406,25.51278548,4.505897154,6.994057749,,4.505897154
bcf1be44-8c8e-41d2-8215-a1669dc2f666,6.845011367,22.06126701,6.297866649,3.969310745,9.969947264,,3.969310745
0f2c3531-bfd9-4369-8ac0-d08cd04c16b7,17.33658688,6.875554175,8.874520683,6.083217947,22.99375394,,6.083217947
ed230d26-a45d-437a-bbea-d7c54a9106f7,24.91337776,24.91337776,23.28395444,9.083935197,9.786267335,,9.083935197
1211b0d2-3eb3-4434-9115-1aa23cf053f7,40.87223698,4.090286549,42.47106967,6.841745811,10.49333523,,4.090286549
a520781b-4b07-4d6c-a54d-ad11b3e8bc70,8.73368605,43.94041963,28.18924983,4.206129869,7.299939277,,4.206129869
d38ecb00-62ef-47bd-b560-3e1f0b33c54d,5.15921566,8.127116894,63.68749045,14.55283276,59.02058412,,5.15921566
8d6c4beb-d929-4e5b-969c-3a2f60b3286b,39.1492474,8.709789409,51.8698806,30.64940719,30.71301982,,8.709789409
efdb8e6f-838d-484d-991f-4fcad459fa09,14.37168809,7.336081313,57.48081476,18.41601264,44.21974566,,7.336081313
e06cfdd9-ed49-49f6-bccc-bf13837bdea5,5.37264532,31.12866507,5.241400831,15.14375856,2.8512145,,2.8512145
1787c285-7c8e-4d82-83cb-d12ce8d206e7,7.622830819,12.07550912,27.16460784,21.94881036,23.72468452,,7.622830819
636b22a9-ac34-410a-babf-1afda2e54ada,65.80315571,33.61490901,52.45893576,70.68781222,63.40608401,,33.61490901
259b59d3-1631-44e4-bb91-29cd515973b1,30.23510899,30.23510899,61.2447619,41.18131809,56.44436407,,30.23510899
7525cea5-92d6-4eda-b2b4-3313415ae8f0,4.253652208,4.98905341,6.518964161,56.60306819,8.11674816,,4.253652208
c37baf18-c8c7-4b37-a497-90ae6a4a58ba,5.168412694,33.47314819,39.54971058,21.9179387,51.7248041,,5.168412694
0cc0f19f-fe00-46f3-bd1f-af8750eb52e3,4.743879565,4.743879565,11.46832805,37.54677341,37.54677341,,4.743879565
dc065ee5-1f9a-487e-af12-ba122a053568,29.43557759,28.60819586,28.60819586,20.55724491,33.75888154,,20.55724491
199ccd22-c5f1-4858-a615-2cf6eeae0938,5.973845463,5.973845463,36.87655173,16.10430409,34.84634978,,5.973845463
79136a5d-2fa7-4607-b898-a9f8d67bae9b,60.97189738,4.170456329,4.170456329,33.01993862,32.18882932,,4.170456329
f553749e-d852-4e5c-9efe-d347a2d5c2f7,54.64450132,1.540590457,62.28090973,62.28090973,51.94973876,,1.540590457
6c719cc1-86ae-4ed9-8b3c-a56128480762,2.39978158,30.55526332,7.760641326,11.73424784,39.09591671,,2.39978158
6fc84a06-7155-4014-9a03-570533df2568,66.76230316,66.76230316,50.73769534,2.993054456,2.993054456,,2.993054456
9819c3c0-9d49-4030-bea8-e5e533f37a38,2.318198556,1.637261263,1.637261263,7.018475645,37.73495711,,1.637261263
a86bb4dd-a4e4-4909-af99-ae967603e881,7.148527093,77.71208414,53.21380406,7.562492236,2.836317161,,2.836317161
b8d55067-8ffa-4fd5-ad93-a1d0ec7f5d9e,79.60987506,82.31502508,42.11345299,44.23768794,13.55620249,,13.55620249
16c41750-d4d7-4442-ace8-4d4696963abb,3.307491685,7.771874013,8.708213949,18.71839882,77.85202852,,3.307491685
af29aee9-12e4-4c06-8f63-8e2b5a77d851,7.189716325,94.49017227,97.32460935,100.2554035,65.7786147,,7.189716325
5253cff1-e2e1-4c8a-9cb3-10c7040d6281,25.3350242,15.09902012,2.682007605,4.96978818,2.162719414,,2.162719414
f4ae0b75-d813-4184-b08b-4526dff2c9fa,26.2769323,2.066562856,12.13359401,24.24892721,21.0021868,,2.066562856
c99c4997-9f26-4226-bbc0-311cf99b7092,18.41656277,20.29646995,3.04174981,12.34459732,20.91872736,,3.04174981
5f11e152-45d6-4f36-8bae-97fb1b9602ce,12.63678106,3.341577162,13.16388066,26.18739254,13.43502924,,3.341577162
3126dc93-2eac-4d33-aa70-bc4027a2641f,25.5407979,23.93590219,38.69373235,38.35256861,1.44444621,,1.44444621
7461543b-be7a-43e4-9366-44a646736d90,2.169458093,18.94838137,28.75180515,6.659464007,21.76964282,,2.169458093
8379b7bc-fb5f-4fb1-ad5d-59b80550e8df,27.19105203,14.24465298,32.0935159,13.21996472,12.49110706,,12.49110706
08c14246-591d-49d6-a17e-c31eeef1c1ac,12.60423998,1.684850616,13.2073275,86.75445947,54.48911124,,1.684850616
36d99363-48de-46a9-89a3-ff7e6c9e5559,3.433971934,3.433971934,64.62712766,19.47969838,56.86838143,,3.433971934
f2a22c45-aab7-4c14-b9c8-4b45d4f4ee58,2.514402749,33.70524663,83.59992244,5.92445361,5.649888486,,2.514402749
cb975074-e583-43eb-b171-2241ddb34992,9.481652716,53.07466867,6.932182041,53.46221669,58.86088537,,6.932182041
2f3ce424-5a2f-4bdb-811a-c5e673309372,52.40215657,17.62676952,9.851021527,34.16586142,34.16586142,,9.851021527
13805f9b-2846-435a-b7e2-2e76f44edc67,13.44691787,10.36858842,43.68997629,43.68997629,24.61295397,,10.36858842
03c2f190-7ce5-4751-b7e9-f1d4ad2e6d9c,19.35207718,53.92631368,26.96865293,51.4304173,45.47686549,,19.35207718
b19588b6-2d11-4736-85a0-db466a7d4ba5,63.08035508,21.81921434,75.82238598,28.52043952,34.58797774,,21.81921434
20dafabe-72c3-404d-a385-b6826b9f3a9d,30.82509859,4.929124071,28.3385413,14.93626703,16.18388761,,4.929124071
e74f1b60-e345-4e98-8a8a-4e5a4e90f408,7.149193468,57.56362541,40.0397605,61.69062846,61.69062846,,7.149193468
16147d0e-8ed0-43cb-a9b4-d6d69932639c,43.70637274,34.37525803,34.37525803,64.57600809,42.01397511,,34.37525803
5a115929-b1ba-43a3-bb7d-bb4f91f7757b,18.75930551,24.58765856,24.643497,24.643497,16.31715487,,16.31715487
bf3c009b-b8fa-4c2a-9fe9-85a115cbc179,21.29974058,64.06858549,4.5871537,4.5871537,29.14337446,,4.5871537
5081e304-6d4d-4640-9061-03c10a04c902,65.86159491,7.948858495,63.1399951,66.83024573,53.02496192,,7.948858495
f5a402b2-ac04-4fa0-acb3-c0c3701cbe17,103.8732228,7.559088129,55.77976555,12.12164122,12.66799857,,7.559088129
2e2402ff-fa2c-4f32-8c0a-9855137aac54,30.54873086,6.114060312,33.11419425,6.414096624,11.92935712,,6.114060312
0d7b3d23-a64f-416d-8306-b9cc38f6fce5,8.797378885,4.704282693,13.41634284,66.09674896,66.09674896,,4.704282693
8614497e-e3cc-476f-80bc-b9e1959a81c1,31.43884189,5.856688264,20.17433555,4.231344833,24.26711915,,4.231344833
f6cc036f-55d3-48fa-a244-cec8aea94114,2.255792783,42.94863212,3.472836893,39.81847061,9.976650146,,2.255792783
139cdd20-d1e5-4d17-83c6-f70b04b9050b,5.88126739,8.616297079,8.616297079,54.55664503,10.3503686,,5.88126739
e1f06d78-7e08-4a2a-8548-a4060e705f7a,8.180876293,6.088401437,33.40322708,13.61906687,3.000779909,,3.000779909
8068139c-f71b-49cf-acca-15c384ff45fb,8.380954112,9.234722,6.152359012,2.044252674,4.417670784,,2.044252674
ddb24897-d8a2-40ef-b64c-1da687f9c80d,4.832591302,31.02530309,11.39503956,34.20608769,2.360715584,,2.360715584
62ec7185-b50e-4168-8c32-18258df38313,8.042613258,111.2180824,34.74818111,8.046780606,81.98718641,,8.042613258
f880102b-74ba-4e29-8763-1c79b71b8293,3.840049753,1.397999572,3.096538556,9.319800173,48.69827756,,1.397999572
e4292125-de97-4854-bde8-cca9f3929cca,8.498019777,66.93641476,32.06254527,54.19396519,66.1824746,,8.498019777
db002af5-d6f2-4be7-bccf-068fab92b53e,65.52436623,65.45345566,62.31298989,69.71239504,11.60822912,,11.60822912
726f64b1-9520-4ea1-8669-5bd1239c10c8,16.97995629,4.373544001,9.065050916,4.578340218,9.257341043,,4.373544001
16af3ed2-03d1-4836-88c3-c37f748456a2,2.861225563,2.861225563,11.44839207,18.38721507,58.97440546,,2.861225563
868d0ee7-4304-491c-a4e9-30f94ef270d4,58.16793569,58.16793569,57.10222502,35.3021005,5.668075672,,5.668075672
30b31e66-3d1d-4863-ad84-d1ec4d4a3690,9.27744571,29.53371245,31.87103306,31.87103306,28.28415568,,9.27744571
0593105d-a2ca-45f0-9f4b-8705129a35b3,27.46006797,28.90179445,28.75213673,27.38357982,23.84347958,,23.84347958
2dfd42bd-9001-458a-b88b-eff190cef12c,36.02544644,26.5841572,25.46807422,36.1166794,29.45854061,,25.46807422
a5e3b822-fb0e-4366-8f2b-6672456389cb,40.30909659,22.47503831,47.73688827,40.76701194,41.61696576,,22.47503831
cc658a30-c822-47ea-99a8-09fdffdb5f42,30.37696932,75.72179374,29.85759031,82.83131744,37.65952913,,29.85759031
95b2563c-62ae-450b-8d16-5e36c2918739,20.93853137,27.70148002,27.70148002,18.25462564,16.4298638,,16.4298638
73cfbb4f-28f8-4032-a506-f068c91a4d9d,15.06950205,22.97480324,27.28110027,13.93791056,13.93791056,,13.93791056
08e58865-328d-4e50-aede-77e42e367954,23.1751684,46.12528034,24.54673288,50.1875392,5.793586044,,5.793586044
2c68f94d-441b-4fbe-ba69-b91d58b6fb63,21.36773829,41.31502524,30.72726675,27.81176868,19.26698249,,19.26698249
c44ee1cd-9678-4b0c-a0fc-ec286fb7fffb,14.22619765,62.7631296,11.6023057,14.07435459,20.67424974,,11.6023057
fbdb8206-20d3-47e5-9735-c1e3084478d5,12.42672675,22.95221458,26.36644826,26.36644826,26.81361586,,12.42672675
aec60330-8515-47d6-aca6-fc8152cb719a,39.10178664,5.138891538,10.73400366,8.232051725,24.54645034,,5.138891538
bfc4f2d8-0817-4746-a8f9-62a087a62dc3,78.28902797,24.33221245,27.35569206,30.82611544,49.53059987,,24.33221245
cbc87058-26ff-49d3-9dbf-635a9b8f622b,28.25207042,68.29912733,68.29912733,26.00221949,26.00221949,,26.00221949
fd0b042a-570a-4ca4-9a22-0cfd4fb33344,18.09272236,67.12550827,18.33717008,18.15146107,25.59155179,,18.09272236
5db89143-4e82-404f-b23e-8495f0c993db,70.46767064,33.29410163,33.29410163,10.37108137,20.56922208,,10.37108137
7610134e-caae-4a6c-98c6-843363d95e65,6.831272986,53.88164995,43.51178862,54.27066014,40.98682238,,6.831272986
43b547d6-0d85-460b-8fab-8499856243af,8.777122864,23.16796657,39.96734732,17.5016621,40.35865716,,8.777122864
562ca6c2-6d64-4946-90e0-59c9c54d39bc,29.31259816,4.870697345,58.29573476,12.22969902,60.71709627,,4.870697345
73674766-4555-4436-87f2-aed72e915dfd,2.814656894,57.91631671,4.285407652,66.23661841,7.519467375,,2.814656894
13d1f8fd-c073-4f98-95e7-4ae2f0acef2b,6.597824742,29.3873987,29.3873987,66.26246192,66.26246192,,6.597824742
b4645b27-6c27-4e4f-a1ad-7ebbc21ebf2a,12.25118207,21.23295204,25.02108085,25.02108085,25.50081166,,12.25118207
0eeeb5cc-82a6-4030-b402-bee2647a1272,0.619130766,8.474861791,3.090730568,58.39825701,14.30145959,,0.619130766
95669d73-156b-46ba-abc1-c9d6e4400f06,13.99985322,11.977013,61.38567843,24.25256501,24.25256501,,11.977013
79492324-b7ad-44fe-bf93-53142c8cb1e8,0.649893442,65.5904049,65.5904049,20.73610818,27.00406083,,0.649893442
0d3a4f5c-ce4a-4526-a3c9-18109667a46b,0.741430887,48.38407109,11.01445862,6.046620996,9.667381253,,0.741430887
dba9b7ce-705a-49db-8333-af13042a5394,21.95616608,19.78443672,4.352969923,22.58975434,3.805007343,,3.805007343
76e913ed-24bd-4c9f-8381-d213bae8acbb,0.73910861,5.158930709,20.74323245,3.898044169,5.52128677,,0.73910861
12c97793-45d3-4cdc-904a-05bd177d925b,0.696022959,4.25841954,22.64651862,105.7968618,8.823421653,,0.696022959
84608f17-8fda-4c43-bd57-23bf2fd38a6a,2.658518919,1.038895529,100.3864573,85.7607809,1.110025883,,1.038895529
de289ac4-6c78-4251-9b5a-7dc0c853371b,4.282402918,7.49528605,25.78325771,59.43141004,3.325942177,,3.325942177
7822289b-906d-436d-8c61-367916427126,9.236423967,9.236423967,102.744257,1.701399177,9.209945938,,1.701399177
f078ee96-e050-459d-a8d7-3bb2fddec693,9.151835766,13.26996914,13.26996914,100.3518969,101.4236981,,9.151835766
0c6d2236-ec76-46b2-a694-a3eafbc31689,0.778402874,1.201148629,31.81366512,78.77562808,2.222731113,,0.778402874
962a6086-301f-45a9-8ce3-3031cbbd91d2,23.09866045,96.68346593,23.66085225,21.9736664,10.56831992,,10.56831992
cc4c4094-b02b-4cdd-9039-5225b090b8cb,13.70703616,14.17735097,25.77705581,78.83576637,10.11352135,,10.11352135
2ccd857f-4eed-4a10-bdf5-c920937b1c40,17.20089956,7.15151247,27.78806735,11.98207998,6.401111341,,6.401111341
1a29b79e-d862-40c8-a9dd-c164c1721177,15.08439879,31.6705835,9.301074711,9.97061725,8.58398174,,8.58398174
4cf23d57-c349-4d68-91ff-f06a71e8786d,31.85884736,89.68778256,44.78230879,25.99359082,42.40342664,,25.99359082
f0c447dd-a1d1-41a0-b210-5ee7a2eae798,25.13630584,25.13630584,58.85566945,67.58337431,7.628153018,,7.628153018
6a8ef953-0269-4cf5-b118-cc9599ea00f2,31.95446272,17.13512265,8.628595738,9.685065257,10.95694272,,8.628595738
f3ddebb2-63a9-43d7-8d4d-d9c7926ee452,26.65036532,27.83081968,28.53315125,55.43487097,55.35784132,,26.65036532
21184540-46f8-4018-a552-767ac351ddce,3.579872513,25.90813249,25.12159378,11.58238539,16.50311075,,3.579872513
dcfd5b72-5475-4184-be6e-6cc5c44c6a15,13.40558192,13.40558192,23.68569591,27.0399329,33.8877814,,13.40558192
5aea98a9-6c72-48db-8515-5312f774fae2,25.14710051,31.51254708,34.24194462,21.12013484,8.247852743,,8.247852743
af1db03c-6e38-4d6b-949b-dd028c3ba0d7,93.46227315,93.46227315,30.99528225,32.73200053,32.73200053,,30.99528225
aa76d4fb-7fdb-4391-a026-29cfd3821470,11.1398213,26.92289917,10.68401668,12.51763533,29.29803363,,10.68401668
7ad19e7c-01f5-43c0-81a3-521de363c733,7.214007987,10.73733304,15.34118837,15.34118837,60.41348325,,7.214007987
b889d700-f277-4f7c-a38f-6a1436520c9c,9.452060327,20.29388986,51.18786183,46.99193406,39.67280303,,9.452060327
d38c3bb6-ae61-4eaa-b11b-9528d2198c54,3.266237488,17.13168452,17.13168452,33.74932278,81.13341942,,3.266237488
caaa8fd0-30e5-443c-8755-eac3cd26f44d,9.318239219,54.46995798,59.55893734,59.23230028,59.23230028,,9.318239219
ef444f9f-9e91-4b7f-86b5-31b49972aea0,55.60955741,12.45547668,9.641999916,26.67604101,55.98762478,,9.641999916
8e13d2b4-8f8d-447d-8749-295ec3fa3a40,1.663953806,30.87073956,81.05154147,79.20517177,79.20517177,,1.663953806
937ccbdb-fa0e-44cc-ba38-2377b8154e33,54.30077027,36.87076587,55.93616271,24.7194503,50.53481679,,24.7194503
497f7884-9748-454e-88b4-cb8ad0d53315,87.48898149,3.077186864,58.41114007,50.04544715,43.59593683,,3.077186864
af864edd-5d03-47ca-8521-f810457ba906,37.7305048,9.971076043,50.6252837,64.05046883,40.66257524,,9.971076043
8159b524-2a1c-4b31-84cb-64b62ec1822a,4.446910703,3.65886422,5.854242611,47.18516628,65.66691092,,3.65886422
78959841-ce26-4093-a20a-be09e03be729,56.82912177,12.36229621,54.73567687,63.6653716,6.354749805,,6.354749805
a9ddca39-eb16-4159-9bc2-9024892d7d20,5.68093959,9.550281931,5.166627493,14.54659751,8.205299501,,5.166627493
ced6c4f3-c987-40dc-a8d5-0d03fb7a8653,77.93870328,77.93870328,89.38820289,30.33680129,80.56444183,,30.33680129
266b86fd-c3f3-4f4f-96d0-db0f3d2834a7,27.94713848,58.68283023,45.18267087,59.2098195,56.32416178,,27.94713848
d816546f-187c-4e13-aa94-074e34438bdc,74.79211783,53.42436593,51.36452905,68.85145766,30.54575057,,30.54575057
357072f9-8430-4fd0-8bc2-90206337cd23,52.68599272,34.62848781,34.62848781,43.9660922,60.66516341,,34.62848781
cbff33b1-c512-4ada-ad03-0439141391ca,5.543335761,3.991856127,3.442400289,7.97168302,5.36751134,,3.442400289
affed226-91b4-44d6-84b2-c6dd35c0ba2f,34.85110599,78.71095458,82.44363995,62.11896446,35.25158093,,34.85110599
416d8476-41fe-4b1e-ab45-d40e16f6e096,4.043449003,4.406988699,3.642956267,3.642956267,5.904742612,,3.642956267
7bcb4cf9-77de-49de-aaed-c4faf9caa299,9.800282102,8.72885211,27.83304454,22.76411344,6.964548429,,6.964548429
b0327886-b555-4795-b4e8-42b7dcbd365f,53.24829995,46.72891127,45.23560746,53.32767688,55.09363078,,45.23560746
ffc102f6-d789-41a4-8a39-b8ec63a30111,2.559512835,25.54421148,2.651500389,5.802803728,3.240443326,,2.559512835
300eeb9c-f2e0-41d3-a6a1-0edb02d30ff8,28.94415566,6.488966153,26.20208923,2.010816336,4.699097,,2.010816336
d6ceb23f-2e68-4a57-801e-10fcc5815248,94.87723741,3.078009738,48.51938287,48.51938287,40.91677753,,3.078009738
bf84713b-b0a2-4414-ba39-fc70fe0579ce,2.038942005,1.87487749,1.87487749,2.346180301,2.346180301,,1.87487749
9f7f755f-67d5-489c-ba7a-5bb81796c93e,2.290866672,2.290866672,6.543326041,6.543326041,48.62218735,,2.290866672
e80a8be3-3744-4834-8114-66330ec06ac6,3.709303002,48.60120651,38.33462994,45.0828187,48.60747779,,3.709303002
9856f1ab-f783-486a-b62e-8e1c1e103455,98.67083394,26.74287986,102.6103729,9.723127619,8.476212167,,8.476212167
c2dafc84-9e4d-4865-a9bc-3ffb91c0d83d,44.9267908,29.29865054,6.438297611,42.21365589,8.439894681,,6.438297611
91df4548-eb68-4ceb-bba4-d09a5db469c2,4.505656732,65.667725,33.33464522,74.24086471,59.1394421,,4.505656732
7afa8e4a-e213-482d-9298-c97f1dd83252,44.42970738,9.468089084,66.87663456,4.541083488,22.61270851,,4.541083488
dc8991d2-8b9f-49ba-b23e-18f9179b9f67,59.77374646,13.60032312,112.1190254,33.90477699,108.2538814,,13.60032312
d5616a51-5402-413d-b4fa-f75b7f2abdbf,13.97882706,8.603148521,44.6598668,31.46682819,4.647239663,,4.647239663
276ca2e6-3810-442e-9e67-c86f9ba19cd2,61.31582059,25.1603456,38.96843057,15.57734386,14.34484402,,14.34484402
d88def9d-1269-45af-a817-30a5a1e1cb17,12.83792114,49.7448272,15.35151026,59.99207847,25.3997229,,12.83792114
5fe0b6bd-00b1-49b3-977c-bbc890e2efb5,12.43408636,19.77175658,85.08332919,101.1237428,16.48290073,,12.43408636
bac6ca18-fbec-4dd4-bd6b-46207c36172c,43.2988296,75.65609143,75.65609143,20.36120592,22.15574858,,20.36120592
613b99bd-72a9-4fca-9ade-1495d6e9350e,74.48782225,99.47250449,27.98903801,75.13890753,29.29150722,,27.98903801
4b1d5829-cb7e-41e3-8969-df2d7db1b38f,21.3382078,26.76688359,88.39060909,51.52626642,86.88371113,,21.3382078
3e434088-88f8-40e1-aa0e-848144e169d6,31.88782159,26.56060965,13.84382392,17.53084563,87.48967882,,13.84382392
35dd3077-549c-42c0-b2e5-5942dd9f3769,57.90080154,6.692196562,6.692196562,22.67676094,39.86920761,,6.692196562
0c3ea6e7-5f70-4593-a281-49c03ff0a848,27.48824485,40.14146132,40.73393927,40.98872587,41.29353749,,27.48824485
7346f710-6f8a-4745-bc22-3d4859bd1b49,25.94055707,21.83913079,24.78929723,19.86389685,21.89747592,,19.86389685
69d7de81-e464-4e8d-9e41-897a497fc697,19.35937147,22.66918219,9.382794453,3.904642303,7.764715613,,3.904642303
cb219e8a-a029-492b-865e-da3506aa7aea,39.30693029,29.62811853,29.99125792,26.23880281,88.7629387,,26.23880281
bbc4599b-99c3-47fe-afaa-7e09af5fbc45,7.453255875,35.67875888,74.85771589,27.66843813,26.38271476,,7.453255875
323f1855-f32a-430f-8712-033ee1526cf8,5.081771405,3.722543417,3.614716689,9.513975312,10.03059834,,3.614716689
0454d991-af99-4c8c-885b-df8a2068c47f,22.93678685,21.77631391,25.81786596,22.11272307,22.11272307,,21.77631391
f18dc943-8474-4aa3-af8b-558b72d14aec,18.53000432,64.42956055,16.21514505,6.503454963,28.4765461,,6.503454963
dfe2f0a8-0848-4190-a95d-9fd0d1289ee5,51.82264228,34.71835976,34.71835976,17.09824233,11.1398264,,11.1398264
cd606e79-0300-4fc5-a468-7500b36c27dc,4.616097266,14.56902706,3.398171449,27.93329696,86.52486042,,3.398171449
2c0d038b-e594-46cd-91f2-6ef4be6e71ac,63.84772861,25.56196984,71.71125573,67.19046787,16.79836339,,16.79836339
bcf72b61-5eaf-443c-9440-abd34df1480d,18.44900014,50.32178833,52.3996582,52.9139197,9.260360284,,9.260360284
951a8ea7-b2fb-4fae-9109-52a4c3343138,8.186568804,52.13424442,8.236523459,52.52197853,57.91492209,,8.186568804
19126a1c-07f3-4800-95a1-5e1ecdf4ed63,61.82091153,20.53847084,74.56006466,27.25356251,9.344787902,,9.344787902
89394469-33f3-4f92-b6f5-09be0246128d,31.72569201,36.68931465,35.80725735,39.66081324,39.05185683,,31.72569201
5bb8eded-e167-4a1f-b367-f14a4dd7b6c5,14.96053069,14.26934599,13.84084637,20.52990121,15.76585528,,13.84084637
26eedd1f-455e-49bb-b4c3-95f030538b0c,99.14003114,99.14003114,103.5934386,103.5934386,13.34424672,,13.34424672
7b7884b0-cca0-4ee6-bddf-80a5522705b8,14.10647761,15.9912657,15.24715557,17.67245797,17.90349752,,14.10647761
080de6e3-93d0-49e4-8f08-8ac04a1a4950,2.636767863,4.137593024,4.17257177,4.17257177,79.01753952,,2.636767863
3ff4378a-df39-47ea-bb38-62c7a3a83c39,15.00957288,18.07850991,17.00673102,17.72738193,30.48756112,,15.00957288
408ecd16-b03c-4378-8de0-78bfcafb0adf,1.837041779,3.105265759,10.05657773,2.074486192,26.78513457,,1.837041779
26a8ec51-37ae-4eee-abb0-c83bd3b0930a,94.37386212,91.80816762,17.56160552,19.47663106,20.89733066,,17.56160552
edd04b09-f65b-4827-85e4-76115f2a006e,24.93473657,26.33547024,26.33547024,20.91876918,12.24495322,,12.24495322
4f1c4f8a-7166-4b98-8e16-2f8b46b59197,27.04541892,27.04541892,15.81578105,24.27788703,19.4112015,,15.81578105
3e9c0da7-548f-4d2c-aa0a-2cd20893b77b,29.10107956,8.278403736,8.41144865,9.105761612,25.69184682,,8.278403736
aadadf39-62d7-437a-8703-bf4742a261e6,56.9989166,12.40964466,1.199301847,4.08335774,47.4903999,,1.199301847
e83d7c60-71d9-42f8-aea6-5a1fecb5cdfa,9.356467911,5.621536787,5.490395518,55.17173064,33.91819354,,5.490395518
538dc77a-572f-4a65-9d45-6c6db6c34047,46.21598853,1.759090996,2.60973165,33.3251093,2.943316384,,1.759090996
2274f683-7712-4abe-bc68-f6b339583727,20.70125855,9.696665099,38.79433808,38.79433808,4.604715621,,4.604715621
599d3062-009c-46bd-801d-39c2596927df,17.85855227,11.54448828,17.90515843,19.56758096,19.56758096,,11.54448828
88dee017-2298-4102-9f73-4317948e7d63,3.55756816,13.08381323,5.344024693,5.344024693,80.9341686,,3.55756816
6e744996-c64c-41a1-9f21-0a3c2cbd6902,4.76083338,13.04679392,35.57722683,86.69428331,38.33002107,,4.76083338
b9a2a7d9-1e6d-4717-bd3b-ebdd297c294e,51.44397645,59.45193855,5.982954511,6.273624245,42.68528859,,5.982954511
719c6fd7-0519-4d91-b917-07c745eb35e9,33.40867011,5.681789409,21.96833589,3.598217584,8.490761931,,3.598217584
714e5e38-c519-4f93-80e1-ecb62632d916,3.400747763,1.844992422,19.15353196,9.066077159,26.19936698,,1.844992422
dea41f40-3448-45bb-879c-3d06ebaf3e5c,50.2444617,43.73039246,42.24115326,33.48577173,2.580672491,,2.580672491
0c78ac22-7bda-4085-8855-076a8e9d389a,3.605762605,20.23418927,20.23418927,2.462884795,7.314178929,,2.462884795
5bf9a755-0f31-4c4f-8b83-1ebf41e54cf1,4.354149485,4.354149485,3.45349486,33.77898856,3.927802393,,3.45349486
97140512-8d13-44b2-802e-e050a19c7e30,6.390640523,7.41724909,33.53724585,7.859544424,9.477730147,,6.390640523
4d462b93-f3de-48c7-bd80-7631a27f91d1,31.60080002,10.90527465,6.919203977,15.35681443,15.35681443,,6.919203977
bc60d2eb-aa5f-47d2-91d4-29d95a16b2ba,12.79073528,9.306211129,7.928268286,7.928268286,17.84846537,,7.928268286
ec65ed3b-10df-4b37-8464-092cb2854baa,8.217913678,78.92850293,80.54963921,29.82044207,80.96779422,,8.217913678
5753f428-3a1f-4247-8d2d-72618a6aeb4d,8.505138288,19.37443182,15.50602106,26.02025496,26.84906431,,8.505138288
590c47a5-87cf-4f11-8871-762ea61f6344,26.44047296,36.26816873,36.26816873,8.382761356,6.379907367,,6.379907367
0c645d9a-4cf7-4f5d-b573-c5b81802e54e,60.06971823,69.09068398,64.00436736,8.849555794,7.050494948,,7.050494948
58be6f49-2e83-4801-8166-7943ffb630f4,25.32713989,40.95173018,6.534224802,4.420579819,6.849990131,,4.420579819
093a3992-4ba7-47b4-80a9-013124f122b8,6.183101325,19.20386042,2.633409019,64.86779982,64.86779982,,2.633409019
a2344b19-0248-43b2-817d-2ad4f13bff78,0.937315313,0.937315313,13.07246854,13.07246854,7.902073182,,0.937315313
ef8c1ddd-5447-4194-8e61-58f4cc373c1c,8.162913814,38.8656648,7.349634745,39.09089467,34.73677619,,7.349634745
f970357c-0e15-4be0-b18d-b91f7fcb9b80,7.405028101,10.89697593,15.31408645,15.31408645,60.46958579,,7.405028101
8aaebad8-a5ec-4fd9-8aa2-b4eb20a2b364,11.80627353,12.90853609,41.47973369,41.47973369,6.305047694,,6.305047694
5791ef32-0b22-4c19-abf8-0d360a5fab97,18.74670479,19.61429855,4.456852651,22.22014344,27.18713796,,4.456852651
a10dc04b-8ebe-4917-b9c2-84610f1ed952,3.390767701,17.16606524,17.16606524,33.89153053,81.27579695,,3.390767701
523e4f23-6070-4706-a2ab-a507e082d987,2.72771754,2.72771754,33.44291073,20.83663488,28.17114516,,2.72771754
f3e2fa2a-826b-4b57-aaf6-3b06ae45e6f5,31.41751866,9.961027054,9.961027054,10.27491553,11.98716429,,9.961027054
20589c3e-c4e9-4720-b800-8786763656f2,27.9649899,2.887837297,2.887837297,22.56943064,35.73438075,,2.887837297
05954293-ab5b-41fb-bad0-7af51bb83085,11.91584853,11.91584853,30.56979196,6.12784993,6.12784993,,6.12784993
7a3b186d-f3b1-4252-89de-8759ffdada45,71.07941082,6.982560746,90.91659356,54.64597529,52.60743999,,6.982560746
3c6c8563-5b3f-45ad-9b42-3081fe400b20,22.26599882,7.974118865,5.588315058,24.65037057,4.91224905,,4.91224905
180f4052-1791-4a4f-ba9f-1ae0413e849d,19.76182216,16.47105014,25.02216429,14.74175187,7.95890208,,7.95890208
64ff4ace-9b77-46ea-80fe-53a9647d8482,4.145873911,36.37349381,2.628620062,75.32358878,27.42154692,,2.628620062
d33053f5-1950-4906-8df4-8c54a1868729,49.41849709,6.987670609,11.94491219,9.768824936,5.45972196,,5.45972196
5d06a563-b633-49b7-ad67-006132d90d43,46.51621015,4.001321603,54.5219369,90.39152453,56.37219444,,4.001321603
825a0183-1830-4fd6-a1da-7204293e67c2,6.737644486,6.99820784,6.883026695,13.3459751,13.3459751,,6.737644486
dab42750-c35e-4aab-9bc8-dd91b8549ad9,2.887227165,2.851817371,7.548921955,16.01284383,61.74877084,,2.851817371
444de257-690d-4981-8146-ca728ce5c873,4.375724545,6.768413331,101.4699854,8.451521097,3.783698145,,3.783698145
bfc02137-12ac-4553-90fa-26eabdd34ac6,4.397292164,4.397292164,18.78834931,60.8004646,5.748530159,,4.397292164
b51a8895-56c8-4a36-992c-b76b1a6c4a24,8.73297922,3.949543405,4.419487918,11.45397123,11.45397123,,3.949543405
c78e4c68-8eed-4af7-ad2d-18d1afa55013,6.655102665,2.820679708,7.915173655,8.367039989,58.34815878,,2.820679708
8f09e130-a99a-412b-b79d-008899f398f9,107.6306762,52.92194816,92.04435434,74.34412268,17.09858749,,17.09858749
437f121f-1cd8-4edf-a201-ef2231e6ffa1,102.673846,35.98504445,111.4909451,4.390684298,4.390684298,,4.390684298
bcc23bdf-39bf-4354-aa1a-ba09a9c2e324,52.479829,88.28722696,96.91894523,52.14767234,40.63367332,,40.63367332
a7356a67-1eee-458b-99cb-503038900067,7.891452935,56.15459036,48.9308169,15.95584711,9.975890665,,7.891452935
aebbe8b0-cf72-488e-97fd-9d5b88c10316,28.14593116,75.24630187,66.89971272,73.59281508,76.8916454,,28.14593116
9b96305b-2bb7-46be-ab22-8b37ac0c24a8,34.43373622,69.94241685,67.26621934,75.78849022,21.009722,,21.009722
f9979d52-d027-4bf0-acad-939270beebe1,9.106101887,10.82657242,13.34821915,83.39068624,83.39068624,,9.106101887
a9fa5332-5317-4754-8d1c-8e36e02628c5,110.0218324,107.4353999,107.4353999,66.01139762,34.91580112,,34.91580112
10d8050c-964a-4fc9-bfde-1220487db93f,10.59765628,13.3883305,41.9958971,22.22445491,36.22916485,,10.59765628
ce3f61c2-47ee-4023-adc0-6b2c2be5949a,3.55284248,18.35610849,32.93691664,11.08745762,20.1593065,,3.55284248
0b7b2612-81d7-494c-816c-d15bcfb2d0e6,14.34400418,24.06189553,11.72829978,10.48742446,10.5715133,,10.48742446
dba978ee-f431-4a0b-b017-f57f909ada9c,5.006502474,7.084838636,7.774717773,66.58150574,6.253427473,,5.006502474
cf042070-7eb5-49d5-b207-86905260774b,57.21522569,57.21522569,5.721954493,5.721954493,4.485886247,,4.485886247
9a1a9531-29fb-4d11-8b1c-3902340f0504,37.36460491,64.68988245,30.02231091,32.37187083,27.40936114,,27.40936114
ce51e8c3-0042-4730-af42-376369260fae,29.00720107,9.649810735,5.052229636,22.53820773,76.12663998,,5.052229636
de387110-f1b2-4353-a51b-8fad0f81783c,0.878506209,7.763440115,2.605570446,7.230845915,55.88411779,,0.878506209
a4126642-9306-4052-b0ec-7c0f8b5b3dd1,0.205460184,59.26340023,39.16144426,51.24673252,39.18012595,,0.205460184
80326c05-bd5d-49a9-8cce-cc033fc6a8e7,0.288136434,10.83485461,18.52628464,1.839825475,8.245504723,,0.288136434
6f484ea1-7ed8-4cd5-b2db-5ba8152fb104,0.662276649,1.632550247,40.05704931,5.001195772,5.423404281,,0.662276649
65c10013-4165-4286-92c7-3228985ebac7,0.263317619,43.63787962,50.22417485,2.512417037,50.13422458,,0.263317619
95494df3-fa25-4c31-b2f1-4378ec716902,0.815113945,1.944910719,56.37044804,81.78268539,81.01107097,,0.815113945
83017d2a-eb80-4541-8af7-31454c97e9c9,0.758064197,2.399026144,5.780685048,2.789760399,9.28714909,,0.758064197
8cceb134-ad3c-4caa-b322-55d392f3b38e,0.454115769,1.25543691,7.115266271,22.72163218,4.877102152,,0.454115769
,,,,,,,
,,,,,,,38.78205128
,,,,,,,68.58974359
,,,,,,,71.31410256
,,,,,,,73.87820513
,,,,,,,80.12820513
