14cd719f-ba14-4472-ac10-6a48a541ba4f,8.074285740093787,52.08696384476067,12.327168293056875,8.617073564964196,8.302609744866297
a68e2c4b-9996-4b0a-9449-1d95acdb4e83,24.465780077275973,24.465780077275973,5.172159300877112,4.141616054343883,3.587393487312915
d0e64864-0c2d-42fb-ae90-19cde4911bf9,21.17616261090554,21.17616261090554,84.26254407819565,86.24247653722747,20.744764167016275
5739fb75-738b-4e07-8cb2-a9da809aa0ee,8.806644866352755,14.054472383031332,13.67684296254685,27.952904375899976,10.860472691195621
d8e8ba15-87ca-42b6-b6b4-6ffed3ace30a,8.802415621936067,108.96861525283624,12.48662259468518,9.403936050504829,81.61182973788219
85c22d97-e6f5-41cd-90ba-03389a84bc1d,109.84790298490998,110.52905941584802,104.68322194340122,105.0848961164775,109.41934344347237
838c5fdf-a724-46b2-86be-0e9c2f18ad30,4.760927861508117,12.049254997963146,11.529175532180473,4.304120368409306,13.049247414897597
668ad84f-7670-4876-a599-011588f36f55,21.08933063213981,38.26961373292722,29.170198840199525,51.1985198966923,16.56193225626184
af414367-ed3f-49a9-bf99-0ce857ceabd2,57.086567623621036,78.69135695398873,63.422592458911026,35.96407360484693,58.575815507264814
250825f5-882e-4cc2-a1d0-fbdaf8bb964a,45.022817639265995,51.75712506173344,17.084927569750565,22.374089960861312,48.6388540046551
3d4dd87f-bcfd-49d5-b81a-864dfc75cae9,60.19119693573922,43.262469580561294,33.34957484492095,11.910154196421932,33.76730942620236
386f5902-7473-4ae6-9a01-a7deb905dcd3,25.977949218127577,15.896594451886111,26.62225566769107,10.195013903569986,29.411974817828487
aa4d426b-2a0c-444c-afee-65976182344d,5.847425182418196,43.05965992813278,8.653935974895635,33.343323065159886,2.489463986124045
85930528-456c-4ec0-822e-61e3a7638de6,24.519992751706397,22.513163150579842,22.513163150579842,24.051788274031097,37.59050061384373
d046e01c-3962-4745-9138-810995ade80d,76.56136862246319,4.551823018958626,26.72233176627087,26.72233176627087,8.082889266812193
f90a650c-5927-4654-b11b-71bb6544a4b1,42.98619824208413,42.98619824208413,31.994245265729475,51.82562759570878,55.560273341798506
1d356b6c-82d4-4390-bfd4-e43c00bd56b1,4.659647948397883,9.560220114320542,74.50562728971258,12.681467858972853,4.344481894861767
9ae8582d-b4d2-4e81-932f-c8bab8e59093,43.73743758725486,30.994279123447367,29.30202785846086,28.964956069950247,24.154092921657984
f00ee03c-2b83-4f19-a4bb-236d1789c3e6,54.244488284140125,61.68318630220333,5.900997403930993,15.839298933720405,64.32820419853124
578c2778-c5ef-4471-bfbe-43807b78e391,7.473842568807216,8.770171084158164,15.850255614841533,37.45452171111847,44.7028715390021
acd171a9-652a-4c7b-ac93-26165c642e24,44.38889346193021,4.604072414068402,11.463404059413284,11.463404059413284,41.73049024861234
ec8ede54-1917-499f-b3dd-5abe48aa78d3,9.466139347579741,66.67987966858047,66.67987966858047,7.877354132547199,95.46124273039122
647d2b02-68c3-4f95-be14-5ae11faa23f1,28.628310042912844,28.628310042912844,30.441538922588744,25.53680125571458,39.06260272573991
eb38e1aa-345d-49e0-95c0-9e535de075e7,7.9768705036449505,10.848293598881519,18.833541436726897,18.833541436726897,13.856183392685804
95dc25dc-db1a-4891-b392-cb0a80b9c797,45.346824776797504,16.4941721987492,29.50924307813946,29.50924307813946,64.56629256437404
4b2c0ba2-431e-47c6-ab15-9d97184d20a5,5.1412355701896795,2.7229364051781135,2.7229364051781135,5.007324885225927,5.007324885225927
06cdd65b-321e-4b62-a347-c62b28d9bfe3,30.34894734923312,30.34894734923312,31.908968044393596,31.908968044393596,29.77543737572031
e3c61ab8-bd69-43ed-9818-d86be4b6594d,64.20818537134662,59.17839901286113,69.62253624281365,26.007982212477366,26.007982212477366
a6e750e8-4113-4dbe-9671-cc50c0ea540f,3.4482802238231054,44.56358244825315,4.815812446229577,31.00475909598685,3.506928417906153
2619b1cb-ea89-4df4-95a2-cb7e41578b79,34.17089099817633,35.96080794166671,1.8349122760056282,1.8349122760056282,27.385605368073726
bab9d14c-dc5d-4145-81ea-ac6a04b48873,33.066985701281034,33.59422186785031,21.806655005583593,21.806655005583593,20.067413756058407
528dac4b-708d-4bbd-ba39-60717ccc1e3b,30.516930911857365,21.290810869063172,20.528266190433225,7.045250911778755,7.045250911778755
5c8787d0-cf4e-4903-81b6-11b6c681fc2f,34.1668418777742,9.883586631906153,5.297439596236589,14.160552994176152,35.881672626431794
4eb0c597-25c3-4566-b207-8a8aa297edbc,3.133542088174833,44.55106071087977,34.63323305211635,16.736381258416078,22.464759819115656
b2f5d20a-6f94-4f8a-a5a5-6fef6cd9d35d,22.792663968856317,4.663062652732329,4.663062652732329,19.977108342878427,19.977108342878427
4bb46314-77ae-4939-82fc-7d2cfd819ac5,5.276552376538959,7.545716164282256,21.748549178511272,29.5214368743057,3.3839278883316
41f59b0f-2060-40d7-8ec4-6bf92d30ea1c,3.67147073660424,39.874071365690405,41.788560470162786,17.342619121661418,6.04194087471911
f83f112f-c383-4b99-b796-eb896390faed,4.485770666557387,3.038280878819661,3.298124899518335,37.93848896472375,37.93848896472375
d8839ebb-7c80-4c41-aff5-ead10862332f,95.31148005167904,56.39036278373569,43.96869714510281,32.2349736430619,57.23330860274669
85411048-1187-4303-9e4d-b7bbea0cb14a,45.08902437796267,12.73225681749798,7.239245119817957,7.239245119817957,77.77231590257972
17b1cd1a-eba4-4bf9-9317-a78f44fa945a,4.148330204060051,12.579619055214945,3.318792293488457,8.044921769887672,23.489796840887482
368e402a-41ca-4767-b336-7bb2872e9bff,89.24112555925609,19.86141135842136,79.06774837147987,88.20649472840716,79.40552088661897
18f11ef6-5223-4f06-a8dc-9b19fb12a060,65.65952943706475,15.679780676819906,108.32788941387673,39.1525539588864,107.58174780760183
c38ab344-9c6f-480b-9654-fd7c955b76b6,15.648301646572637,15.648301646572637,16.753932407646978,11.870908267286344,14.658096063081036
f33a5be7-9566-44e6-86fb-34454d8647ca,19.973209772564985,14.392660266997614,3.2072214448885945,1.3635839192286383,3.0379038933699976
7f727e6f-61a6-4b7b-b451-c9c800fba0b7,15.330175121124697,6.756798021858207,8.181347074903362,12.159789546867398,15.734956916896234
fb9f38fb-2067-4200-b5d3-6841030273cd,14.137087976552083,4.6382009987554635,8.700534511867694,18.549203184265895,20.47362531485752
d2cd2cb4-24a3-4f6c-8652-4add06ec6d7f,22.96908117728325,104.32635488165289,104.32635488165289,21.339975602539276,27.44024339634612
6f653c14-6369-49bf-9355-12f9b9eeb286,18.955804468367248,44.40238418652757,21.34915167520316,3.7747602084931624,20.441744722706275
6c311362-376a-40a2-a40d-9d77f219674b,91.5707767017002,93.04995324703626,6.166859011074685,109.44494538600497,93.28238930092635
cc12e03c-6532-4335-939e-6cb7341ab833,45.80453075659153,10.12116198407101,46.822356120880094,21.56676133589972,35.00225361280428
ef8a1729-f1aa-490b-894c-a276191d67c5,72.25423371552387,19.382507921438574,64.21721293489225,65.7845462442041,73.13632574639836
92e9f01f-6e20-4312-a89d-26bc80a0d88e,99.1052588447231,92.3530834419713,6.952186861641078,94.75003172684296,103.53179719971614
f41a8ecd-3acd-47ca-8b95-f5fc9bb73cef,17.8122686864144,117.19921346965535,114.57644884970699,115.8705853698577,106.21174597746963
95d673cb-9b40-4eaf-9fb7-18d8577136cc,73.71941811894129,73.71941811894129,2.6959982491638677,29.980150047255343,10.380944838220852
aaeee0af-cbda-4a84-9e41-6417caeb5fd1,4.231575150736932,2.8944736091601246,7.0973111500317065,14.79881682676771,16.112011819819692
defe455a-4ebe-4555-93f2-52d8591872b0,87.52596294136075,87.52596294136075,10.419496134052071,98.36628775161964,5.009498378669983
dfe056a3-d34a-4366-b016-e18751a7fee4,17.505129689858226,4.804288502511611,6.809007713247742,8.042563502794279,10.334662347643059
ccd2658b-51f5-4a02-b511-04baa6e94982,2.5213635871120275,42.45712270814791,2.92422095677365,34.66129961614028,25.20636078216953
862a9d72-a500-4793-91fc-8a0977164a64,1.670918295878193,32.02557949666883,39.523702240311046,5.760031391275783,59.70273603490455
18d44aec-37e0-4691-8748-964d99d1352c,4.025276927528852,10.500901976857307,5.4073068080793485,2.8104677581482114,10.852083474270955
ebbc2dab-7291-49b2-b6c0-7c86fa3e324f,3.3470812979223212,3.8706277541845515,3.4363287171025356,7.170243321022828,20.632664140354706
c076db38-bfad-4992-90f8-1038e5244df9,21.32051915393606,16.34077780529221,36.3952967213485,25.526330972609323,28.196586114545283
6c5aaa54-002f-43a4-9d1c-b4890d227b45,4.707054725510945,44.97391714888566,44.97391714888566,8.629306627918819,14.851593025595811
578e8e8a-2c43-4a89-831b-f1173faaeb71,38.99108571587817,38.99108571587817,61.6019422677646,11.573602776651118,41.149538658605195
5e0d2f3e-b3e6-4962-a7ac-d7fa53c343f0,45.74687543488453,10.670014724567967,58.19074094820039,12.511983958237273,46.01125818357106
86bb48c4-5ef9-4070-958c-b61183eafa93,27.068521655883742,29.372451027622667,30.1948561120666,61.25312553260033,5.72746277602343
9f0949a1-4559-4882-a325-f253168012f8,7.031657141513411,5.017373129640222,5.017373129640222,3.2966230710552598,12.992496899093503
67ba6903-5af6-44fa-b421-78d85da8a293,13.386396584423462,49.17412428966412,54.11924343949437,17.385441453195583,68.388846675695
11ce90b1-e62f-4763-8cc0-0d7394290544,1.3173910290040598,5.3741677464134785,2.785644061949769,2.785644061949769,6.571463694347269
2abb041e-2609-4156-831d-adcea4a7eab6,0.49789995556885214,80.60167403754899,5.620349739049416,10.835916803060964,12.207794695256393
b9e605e2-83ae-4bd6-8796-63bd388c5afb,12.546385232667149,6.68168731195919,6.68168731195919,8.336523346958383,10.216699505744263
c730babb-7441-4bb6-ae81-a082d8354b9e,2.9252542159966466,2.9252542159966466,2.3020314402852566,3.535877615113609,6.479766826397518
9459466d-6262-4018-b3ec-8f4148e02742,6.599957746618925,90.90213707912255,82.45884156491651,95.77114454040361,95.77114454040361
b65ef4f2-d018-4ed5-a2e2-a1646edc8fd8,4.418352405712328,4.418352405712328,54.63259669197372,49.92998462881933,67.15416720126368
713c4586-9ab8-40b1-9d5e-3858f8f32fcc,17.38056925805009,17.38056925805009,18.49098907855903,13.496328786681428,81.42310319409067
1ade6a5a-ce5a-450a-bd77-93aef4878a58,12.306660096181876,8.76798943100217,2.8628334849810724,53.179221394702026,54.08642228754998
559bc3bf-c6ac-4ea3-81c1-ffe466aa206d,4.117674901582259,95.76842513077784,7.85730715477968,4.332965485983486,95.85335241982432
7f41acfa-f1c5-4ab6-844b-e59a8d8d7ee2,12.620188216458608,7.984079272236586,20.091634847579527,100.30761870847525,13.235084177144737
e23649ac-0377-4bfc-9fea-7b7b7f8d9b20,2.0687887451721063,2.0606244293509692,2.0606244293509692,3.0113878861790377,8.640393757974177
71e06a67-beaa-428a-bb0a-5778d6702b0e,32.34976229996898,75.42086531059334,52.03993779666673,64.82097517077943,55.77552726702764
762f40d2-5cca-4988-9b7d-a76fb7953c67,14.270377579609587,48.634333403840714,33.56900733708982,47.28161691337204,79.96179090359334
3230e013-5283-4870-b150-1ec78905c348,3.6718732837694272,9.254482618731839,9.254482618731839,44.56873105413665,67.32997946438688
2684a06d-82db-41be-aa9d-59e0413a6b96,27.510001705948056,5.157702482066791,5.157702482066791,3.9814400401163796,0.9198661321363838
f75c505c-4814-4cfe-9fa3-8aa5c43edfeb,0.3846663517672961,30.440318527333694,38.9899567423323,38.9899567423323,36.831557288793775
ebfafb05-c566-43f1-9900-54eebdb8abb4,79.90676044350802,116.60094835935529,105.10682556800953,32.02554082499795,104.87733235946752
4d1a1080-8778-433a-bffc-c16a07a15e46,18.572727234511575,20.509828687554766,20.509828687554766,42.13356486175736,26.14608346367328
9fc58334-a499-4992-b0af-8b9ba90ce039,52.66628541447268,41.765319792622726,55.6692707497935,4.5642355054327215,55.225952815362604
c00f20eb-8d1b-4409-a699-462811d81e49,23.528730233167902,9.921798135818317,28.11458666751193,3.706019842040188,3.706019842040188
9ccc1acb-1bfd-48b3-956e-77d05e7c1303,3.116190938979507,5.360867200069931,5.963118012501993,5.963118012501993,69.79077051878815
91d74428-9853-41a6-8bc8-d1167992d4b7,31.100494811266877,50.107687154588255,49.55765134349387,52.56647294265989,29.657523662849087
e92d6387-d41a-4239-9761-94bce0b6eff6,10.095864458633041,2.9936510728159758,14.22666309750452,14.22666309750452,2.3422261892913925
bed7ddf8-adb8-4eff-8008-cddae9e1f941,1.3881692223182893,67.93215117916145,78.65475324039028,97.3295050369967,97.13630621602496
dbb72537-6e98-47d6-8141-0472727fbc21,3.1080656202579537,3.1080656202579537,71.48699155447927,67.1552846045411,63.32888896512136
d48934d7-f13e-486b-8baa-09fb3b6b3367,25.132566481230153,25.132566481230153,5.430798543215391,7.6023746220689254,25.997222434395894
8208c508-4dde-40c7-9e65-ad3f1eed5907,29.098710932304854,27.915898776252053,64.39669663935612,74.02784617285208,30.55908343770387
4e34f97f-85e5-4210-a78b-ce5bbb412bcc,11.062110684020737,12.367570547605997,16.02428235213981,25.501921984314333,15.02354040981961
de84ec0f-5579-4b51-8d41-369ec4f09e07,48.24645811218265,18.354573729636265,43.240025515689936,40.28215652052549,42.264219736307915
cfdd55a7-94c9-4853-a172-c104d582d32a,12.128863647411757,11.339088337355776,11.339088337355776,13.589176394219034,37.159315648532115
7c1599e2-72a5-4a2d-9ae5-08a54e1c2b1e,5.320838229304817,3.8053817709041455,6.923818602198754,18.87936798735516,41.59522087560987
f8e1b7c2-9ac9-4ad3-ba1b-81f129a10227,3.956804415860776,9.122389256892385,3.266587584197323,3.914083465706602,2.4305512673945904
5269d9b8-2f43-4563-9abe-ee65e97b9cd6,92.95500285629224,82.54198895677143,82.92711023642111,82.92711023642111,35.50183728827342
8022abdb-8fab-44af-b347-9f3ce4668d7b,5.835431406403043,43.879833580427906,38.02064172385601,9.756622616652926,45.19232031318423
21078ac4-0fc3-4e3f-a3b8-de40e6a05c51,76.29285502736886,27.333747685789884,65.87612629941731,15.879019665873646,74.93292572868808
8cad8e1d-830d-4316-99b0-5cbdb4633d07,69.21239115652757,70.5878281740836,69.8278047920876,59.96195223049051,98.98838623735381
d8e6b279-a438-4f79-8321-a6f7e5df5cef,41.501220275349276,44.02871171638093,44.02871171638093,4.521802279797374,4.248769271224749
0d3c5a63-9608-490b-ba12-8e3b4e42c36e,11.864400869394295,11.864400869394295,93.5130597438899,53.417001110916004,51.80688636932144
e6d88d21-af8e-4298-9ea7-061902a6e50b,2.796874636916305,17.23903959301979,8.192774694958276,31.81234969992194,26.99870551031239
315023d9-362a-4488-9458-e3be00037788,1.3500820646743308,19.501169339851018,19.501169339851018,24.342895466854074,16.578387218898865
7569804f-4d38-4fba-a13c-35d8bc2249b2,5.266564691737027,31.173975554021993,31.173975554021993,3.0524323136636307,28.398496731185844
6727fc16-5892-44ee-9519-75e0423f5b16,1.528497201199402,18.42493817691875,17.491160824807885,17.491160824807885,24.940357884090282
f49b31de-2668-422a-babd-7be5fb47d3ff,78.22437959661363,73.21658464465081,75.62381132224773,20.547057481607848,20.547057481607848
ad0fd8d7-38f9-4e88-9c87-25c70f276bbf,30.226155931537864,2.9616540167286978,43.91074757512034,30.28365220966667,24.119853442954604
ff164df6-449b-4ed1-bba2-2eb1ef165c71,4.550082069034746,21.258078789175507,21.258078789175507,20.466456455572803,4.7803811134844665
045a8788-6b27-420f-a431-b8865e9c91a1,2.773677682051636,105.26767499017004,3.5919341196669894,3.5919341196669894,31.831501506002603
af443e7d-b0b6-4586-b660-84b7c0667521,14.780947668293614,41.65426943271996,12.077175901966882,4.371390350583854,4.371390350583854
68b1bb8a-e350-4d28-9a62-99668e818871,3.5583649091569187,3.5583649091569187,5.823205418067919,18.76594442950657,25.40517746724746
f5313a03-4348-42b1-bed7-5763bd87955e,8.666760194375064,8.007710731984993,4.579458110048108,36.934831686612256,51.76697054023232
8db7e22e-b39f-40f9-9e24-11dc3d89ac2d,7.028744836811618,7.028744836811618,10.863848610712813,7.445923114516027,20.14753901336637
54084a8e-a254-443b-9ee4-7906fcd34011,5.89861236773567,5.501476565629811,11.417375353854514,8.547595124331302,101.70798128688944
549f4137-0b25-4811-8098-220f31a7b6a0,4.5740414933113875,6.093257087251704,31.188877611870343,5.617102409387412,5.617102409387412
ff3f870d-03f9-444c-a7e2-3c7cd935565e,42.99709024038566,44.46442620512815,44.46442620512815,31.288538039094227,16.221903482515994
61438c9f-5d52-41f2-8d01-4d4cdf10dd6d,7.628754355718526,8.79069956602391,6.4643900344202585,6.4643900344202585,15.0978389442439
63cbaffb-7119-4fde-87f5-46d6c1cca424,5.057090602330273,5.057090602330273,5.39154358440414,6.732010584728885,6.732010584728885
127b7e4b-ea82-4b7d-8961-4d02409025ca,4.328648002025082,3.438253937635787,3.438253937635787,12.617056557033674,81.90647808390062
666ee713-f306-49be-8763-60390e4bdc8c,31.178705131149353,37.83132740325591,25.07334994077358,59.581816447750676,77.54604099513679
a3e1783f-7a1b-4f05-bce3-55cd2efd9b0c,24.696922673150276,121.81547250864554,25.53650607293425,113.4834109053962,29.10699448925205
746e5881-4c18-4ff6-8ef1-80825330a48d,13.383728692937645,101.37507416215442,109.7365325515401,112.36584661884137,14.310139940191455
903e0110-119c-469e-a733-4538f1b55a13,101.16027196372795,11.546798583006229,20.20540614271229,20.20540614271229,21.010675422860608
1ac34f1b-0b90-4942-9156-11308a2e3023,7.5178487032938595,23.10076370341788,32.0416505261321,88.48580230925877,88.48580230925877
03699b05-1e58-4290-b684-ee89939cad52,27.15579822831606,112.52267750695464,112.52267750695464,118.58345338578758,118.58345338578758
cb73d9dc-780b-4ea8-8fd9-975dd416a1d5,99.59457787291811,115.83051551858301,118.34237288242873,112.08851143521423,104.75662439917485
c10b50fd-abb7-4b3b-9ac3-31111c37b4f6,100.22572980789964,17.275317929309686,95.42882152101993,88.55484571261971,3.409295056431941
1c81afe4-32da-4127-9ca4-78d1d7fb2c55,41.639375533528735,30.651655655083985,51.21053628149241,35.89439059943017,63.85165815569765
9c8204b1-acac-4bd9-880e-581853639111,31.30696200772594,13.524348077895477,30.51591570122988,35.79967568942816,35.541356554097625
6caf2aae-59f5-4fb4-ab3e-07310fd01f05,25.627064043878285,2.8756186005993474,39.567434236804836,6.854183591742649,31.33907713230049
00818f57-142d-49e9-b20e-959d781ff863,106.0262618853904,60.377962628949085,38.165208719391124,65.22767902546947,31.637701549276244
5cdc0e25-93f6-44b4-aaab-189adf9fddf4,18.34993399782133,28.502265526032673,108.91958328963372,109.0339760247235,117.75935323309497
66134c95-4ead-495b-90b9-9f0fe8aea7b4,15.270962112631533,15.270962112631533,50.61701454441405,6.262447542195174,36.545154851885016
728e850f-3b9a-4f16-8d80-c0675d6cd30b,19.15538309454304,86.52457802908464,86.52457802908464,49.51034774127517,9.914610376480232
09959757-cd38-4afc-b919-721724609eda,41.6533346769786,23.64900478310026,24.415123296024134,13.631677042992496,29.226208839870527
55520fb4-0965-47c2-bcfd-2fb538af9cc3,72.71713363955296,75.62545732645148,75.62545732645148,73.69667896920186,12.446725858583312
2984470f-1437-4fe0-91a8-3251c5b4a1c0,51.72639795668178,5.0190443636731885,46.764810421836046,53.844952117652625,21.32562273243439
1be38eb4-b5bc-479e-92a3-9d13fec0fae3,15.351907421662403,49.87927853472427,47.3318622750613,7.494319255069253,18.60716653968971
94c8d51e-f687-4ba0-a1f8-8b3cf14c8ff1,26.888934250244986,10.641187306778312,77.71107805127423,77.71107805127423,19.20427032451787
303ace4b-aa17-4fd5-9f67-d6ddd922c4ab,10.783651227520227,11.101636282004943,6.343331850957677,5.533570269647354,7.560941842004278
3af75cdc-afca-4872-9b95-cd3dba475ef3,5.780946846944393,3.8243285504053013,30.082037490062426,15.063774751641283,14.588168146863136
677e6164-df1a-42dc-b700-cdf6addbbb3c,5.872051711928206,6.311834049376822,5.08704343561857,11.551167506215702,38.780533648527246
d5fcc84f-e61c-4b8c-935f-07e659c45a08,9.32573664894427,115.73566141685959,13.668031970412683,89.77810777854577,46.18691494221616
e6a8686e-86d0-4d2d-bea7-c0d5871d7570,7.106938351599493,26.694279096032375,2.9293686507060728,28.96976324142977,11.80610804874519
e9081205-3c16-4721-8bfc-a62c702d974c,62.073443458083105,40.169545453262685,48.65935814373326,39.07948204150833,102.52887811128956
dea9733d-3315-4559-b77f-17a4e3a011cd,11.24455653932975,25.815301223428794,6.129040025663022,14.008534993978014,5.8358887413148395
d0571033-64e9-4d94-a058-d2f4049e45a2,12.594480004359367,59.05187767394678,52.708270602391515,61.928925257895656,59.392327164224625
053e6f22-082a-4952-b5d7-0674f18116f4,46.763462580391625,46.763462580391625,13.10310273594132,53.374357408276914,34.723910998155354
d300d9b1-493d-4b0a-99fd-40341c623246,20.642641548072408,84.94764573072766,46.60882302836984,11.33864817137112,11.33864817137112
f48d484e-9d82-4048-8190-ee93b93ea89c,29.112261568004637,17.870588159275925,63.20026736682799,73.14629144194346,56.87016432493762
4185cb7e-4ecd-4609-9a3d-34b9383841ec,14.050915894102108,18.9871829463459,58.73983702361167,16.101271264936756,16.101271264936756
a0423156-6103-4049-aba6-ad538b006297,41.54223445436043,2.8417903516454683,29.867800246234058,25.282616302926,11.294561087228681
e2412de4-4846-4142-9593-c9ecf44c5278,23.966630204028267,21.646306573573153,3.038402769039908,3.038402769039908,11.896886374523856
fc39ff27-a77b-417f-ae56-204ef17b478b,6.110874941429507,6.943449478433367,93.31095721648823,93.31095721648823,77.20230445916827
654e58a9-785f-455d-a7f5-71ac201d9023,5.010831716465759,5.010831716465759,3.797364016396845,3.797364016396845,7.702145154052128
c18e8b6a-e047-4069-b8fa-34daebfe1a2e,1.0362590235122167,6.972099112579992,3.34408489501654,2.469284614968044,9.584668586711768
dcf1c8ca-1a39-4e5c-835e-82ed5c9aaace,0.7356301563926686,7.346799092753459,11.636332761206575,8.845506208872582,4.79440481694331
bbe7f376-26e3-48b7-9341-3ef84d3215f0,4.439833479037228,4.080996115053557,4.080996115053557,5.152606787241989,3.7189513818128916
c7600a84-7bd9-47ab-98d1-4816b3b2e984,10.131279650506592,32.94534748561834,14.154120834115787,14.154120834115787,13.798588967102575
ee9474d6-75ea-4336-9883-c89bf20d7e32,14.879736378932012,9.849954646210673,9.849954646210673,15.75030789969475,15.67486969651728
f15b6ac1-7d5f-427f-bba2-b785e53f85ac,14.129325652903693,14.129325652903693,23.570972569342906,10.602873509323343,19.956481073877864
9323eadb-abbd-4314-b628-44b73356e420,6.510242324616188,15.122491294982572,7.242170625722975,5.397877121066011,5.397877121066011
028cff90-c9db-4563-ac6c-93e1bc529e01,8.740768858618765,8.740768858618765,66.55018440454953,73.50056815754021,36.71681277527652
407f9a3a-a58b-406c-af10-2ee906ce634c,13.734117365179072,13.734117365179072,21.381054579881138,12.099941518693779,11.640694689169802
44d79285-fb27-4266-9d05-39c5e050c571,8.220171514855622,10.01549778727146,10.120864684349119,6.7471825959920775,11.55106529652563
2b537c2c-9201-4383-a2e4-706d9566e84f,56.01668413110096,7.67747076234373,39.373160155836004,63.671190637616164,29.469749401343478
ebd2c06b-39d7-4896-8444-ca9ebe6b984e,55.12123794448054,17.808067334588042,21.558812357846577,90.04603273388827,90.04603273388827
bf545319-4122-4873-b118-ee2b70f8e45f,41.85694463835476,23.68523927609156,48.05227651034531,16.255110935834352,28.086489374350208
cf14f33c-8837-40da-9299-c5f68df553b9,9.88787537114938,71.48111569546535,25.86415138748484,38.95358202965779,56.78511379855363
b620733a-2d1e-42df-a6b3-ecc0067e4246,25.241469319709836,39.38807269615661,39.38807269615661,20.54437463645492,13.626889039268004
4e7d680c-9cf2-4f6a-a34f-52a2c631cb60,29.983194491284884,78.66747440536804,62.25344517353621,51.65933641913199,42.58391040959885
10ad4091-8c7b-41b6-907c-c1088ae0a0a3,63.61145508735215,78.78058689863062,33.7822292176037,53.731185690090015,17.235491169266837
ac4f5355-9984-4ae9-b6fa-522b0f2cbea6,20.512856495519422,29.2473043574514,18.414629874993004,34.26017647520113,51.15517205516336
bed7df3c-b038-47b4-8843-ba1839f78a82,15.429628199075722,8.991547853359066,30.28651640460938,12.804926463110833,14.66429090700036
8e31d503-8560-4c21-986a-eb7d3bd54920,3.148657572801803,5.882102593190884,3.417410982310949,56.88882208899396,10.985723042888331
15707dba-12e2-41d1-b2bc-0e75266c682c,18.48312643337016,15.208795388865008,14.946054527264735,15.708960109042906,47.62112900189145
deeb61b8-9786-4374-b414-7382dbfabd0f,14.291267020562282,4.303509708543047,20.736831515339542,1.5539092105869632,16.449593179601862
81557a30-87e0-40fc-99f2-bde8938f2ebc,7.412358800704951,4.858010163876717,3.701417661025471,3.701417661025471,24.56080065216868
6ccd8a85-6509-4fcc-aeeb-4e359d8418d5,16.87030036341083,67.93060349880099,19.005995399056115,6.994860541354755,13.319211904660825
ff8bf6ff-e2eb-4c3b-95db-b23fba97f3bf,53.76424128796651,52.3687795038913,89.78298766461907,45.51584663296737,44.541193220008054
b86737e0-1249-4643-96e2-7ab0a003ecdc,7.042958148618923,4.886754670503699,34.53159219717844,97.25272648399971,33.03952855187541
2188989a-3a31-4ff5-b180-ecf5320c6359,48.563192988591126,52.44979800955985,39.165377864517254,39.165377864517254,51.40549707992707
9e74a77f-e5d0-43ce-b154-1c990c7ca41b,107.93050861660589,20.62960428903807,117.73170031975867,20.5984547534036,118.4116420201412
966c708d-c9d8-4d21-9d6a-4d63584ab002,49.10627858776599,38.50600637226858,34.92942695585615,48.38238729149421,58.05741005924507
f6ff7543-5d0f-4a7b-ba62-4be8f773a802,117.9061948068138,125.55220938204229,119.79023709609342,118.5422420320169,119.11827780806095
bddba06b-cf97-4337-8bc2-892620b1f33a,18.435464869816926,40.86829334194236,107.35294949618759,105.61350407748887,115.07601574889927
444c3d7e-a25e-4867-bc3e-cbd7c741d06e,1.8110612616197237,50.998080892423914,18.51212901828861,5.081788426298021,18.48724303791579
135af311-2ffc-4328-a952-568e5bd303d3,42.72321557717112,2.835248129333837,3.061425191138305,34.94405332720693,55.02005281212911
62b0a8ba-02dd-4009-8d01-5f66e48a7980,2.272960569217685,2.743092973119235,8.903689469363089,12.863527586234131,10.776938470914455
e1004dbc-9ca4-4e6f-942f-14e4bc5d219a,2.2386052359751676,2.583425574526732,11.98571578116141,15.031239494341492,15.031239494341492
20db3b6f-7f9f-475d-a528-5746c2ee5e80,8.430118415901658,4.143118059858998,17.195912364947468,4.434937946090951,12.427484562094678
2c023773-4fb5-4280-b766-ebe637c0a1c4,2.0241517229093953,18.82617242898364,19.248354583987684,19.248354583987684,6.749557391685695
7315b86e-b7d0-49a4-a3d7-c97e552d1257,7.2166303224706585,10.712685892074736,31.262573856321836,98.78895396756367,60.709040369235964
0cdde756-d108-4a03-b9bc-77e0be216517,3.888806812069332,3.888806812069332,9.62058480801959,10.001856986286274,21.678119904436024
e47e2acb-f3ba-4dea-9273-901957f3aece,87.97009805455686,14.604348438976494,14.604348438976494,4.4855666346244565,95.0062586884799
b8b244fe-dae1-4706-b12c-a648fa1d3f07,7.63580018136639,7.005631617756553,41.07865899537826,10.756557052836616,45.557029260800064
2f43c9fb-4280-4cc6-8971-4b332ab368e5,75.68321002557983,71.32009291165582,81.12544076790266,74.29425947780365,70.90916999622762
4fcee496-c12f-49d4-9895-dda47420f9d0,38.28958411845596,40.558707512212365,8.870405996690366,11.67372053835882,11.67372053835882
c9ddf6f7-90ff-4206-9496-f21f4cba408d,5.172469825117044,19.60879738176431,19.60879738176431,9.713204097761286,19.155674421454993
d65f8a04-9148-4e19-afeb-49ed9048b1e6,15.149779887108869,5.89296051676923,17.714728959842542,5.696675972802224,5.696675972802224
3a46499a-c439-4a26-a842-0c71e759f4bd,6.2814051873864045,6.2814051873864045,41.29031658431126,62.693380095407335,27.462464020511373
db6bba3e-9ed2-47fa-91fb-ddba92f4eac7,21.115050569684918,3.5495382993219007,6.532558713222484,68.21247054834586,23.315452824738614
bed2bc8d-5507-46e2-a6cc-a4fb7299548b,41.0626837929473,3.8429370222309953,13.517530742152172,16.180264311875675,5.14628221406827
df842297-951d-4a63-91df-0be493f601b1,20.588487112834116,7.7719595726204735,7.7719595726204735,8.82071084452562,8.82071084452562
5210be8f-3880-4e28-b86f-692fb10152d1,8.8644121687715,11.673345957299977,46.13072307424425,46.13072307424425,63.52701820600512
35363f14-5e0c-4834-8c13-d015c399c4ed,18.929066069304877,110.33815192880377,61.02076979421227,100.3737721100789,100.3737721100789
00cbe811-2ce8-4820-8d16-f23935bacde5,13.776332827062422,51.48244314357489,53.3365721289285,49.02937078877282,49.37150548927965
f06470e5-bb97-44cd-845e-7db4e3523d29,14.941047553271336,108.77177419928324,11.145442282553534,22.72042707682902,24.082938765252585
71b90666-8c89-4137-96d2-add7cc681292,5.618242658752933,14.966991087312843,6.5663240859114165,54.49750269827448,5.772378566155401
76eb886e-53bd-4f84-9989-9d85976b7221,9.935825713772585,45.320345124504044,5.919847188223919,7.063145505056312,7.063145505056312
c87d2b3b-d25b-4771-9521-e2174547f507,17.88821728129504,9.256893982759618,56.07977433996433,4.766701858589971,16.11483754403073
98ac2aa2-e8cc-4ca7-8538-4205bcbb1c93,18.771080642406474,36.15690571840722,18.9188835031424,87.64303049505182,78.25758210874456
f65ab659-a1b4-4406-87eb-aefcd9cb1ea2,41.08065915878838,92.72614025112134,12.874786351633546,12.874786351633546,102.37258112753719
40e755a1-1b87-474b-9dd7-003e2d8a8c47,2.5143069228322377,37.58888247793454,14.762267224972952,16.086142498929483,8.024926646517153
b6fe4e21-46bd-4816-9885-0415d3c1d0e7,2.256547848133895,2.928333963224037,36.376213703048556,36.376213703048556,4.048686163510002
2700d4d2-d7eb-4b22-8a57-690bda61e226,3.786314437157155,48.34785401085304,87.63977907068089,96.53682755677931,46.64395061934589
94b463fc-a995-485f-b5fd-b885d62e20cd,37.46349798749553,37.46349798749553,19.818283531780132,32.666734955204646,19.034150306208893
a8ab782f-a25b-47cd-9fec-c294ada6cd5d,18.352640302960644,17.796752611156457,29.713974044535277,29.713974044535277,7.874848021605521
e797d7b0-1915-4144-9397-91f9f28e43a4,26.46484177077816,22.640347845302944,27.2519769253974,24.307169378331334,27.777951490397715
0b44a807-947a-44cd-8b2c-0a00b1cc9d11,12.774883146551746,39.23861844190783,42.401193120306914,14.158728551479175,25.97185314518797
229aa0ca-5fe8-45a5-9619-d2d4a2007561,20.68937241082928,7.680182956355542,76.81548821403317,21.7622038480991,21.827326356520913
063a98a8-4fb2-4d95-b87e-03acb649d595,7.702316648961872,6.634536191241913,76.66823172174517,20.083844910643414,9.674004738682404
46448af6-fade-4b50-a471-83b3f7edc419,4.081661490283981,7.4678021798576335,49.43549030560119,42.7155595827721,25.580119368361274
2bf48c74-9c6e-41fd-bee1-cc9d4e9e7d22,20.369444914066758,16.082344522593726,16.082344522593726,24.485050556533253,23.724499021927755
5322f291-215f-4437-8bb5-d73d8cb41639,17.353080329867943,2.8875649033645168,42.785465185604004,32.82011954824177,28.487105757475142
a1a59fa7-7a41-44fc-8f4f-15cf02439756,67.42841624711234,13.728644589558614,28.944058948284898,24.757028294058173,31.887377387404918
9d909fc4-1220-48e2-9529-eb0444b62d20,20.81641900694568,44.33122454485458,44.33122454485458,18.463546079641716,18.463546079641716
970d75ab-b4b3-4f90-b64e-c68faa7f2eec,26.5377358801478,32.1798187406417,71.03097621125555,28.120202797072878,31.383425681063365
adcbdf21-bed5-4c12-8059-3486905f3736,77.28953881310301,76.58880731338616,5.649475366838469,79.08618224285763,12.379070599206855
05c19c51-a870-4dea-ba2f-9b540fbf6fce,68.9960405070136,67.94942269870742,97.3854067490002,68.32375993538247,58.45777817299256
33d231bb-303f-4ff7-8ede-aaf9229c4d01,72.70316414364146,9.039971316687394,70.93087643053596,15.588303309909861,8.688089285513675
290d1c00-95ca-485d-b5c1-fdb399175a08,53.55540660976749,5.175675382801218,15.655355386276646,29.547712142000236,2.440332657704841
be963a36-bbcf-42ee-a454-c1482b03dcd1,3.7070741906945344,27.860041127969033,53.01382662095295,64.06340246873849,11.033932803813885
271fdc4f-cb79-4b54-8c30-3dd4616a4f42,4.834288039294176,4.829072249567613,18.170236697302457,50.00493973848943,50.00493973848943
cb2e1f46-2638-430f-b8ad-c50a4d163815,59.021410399899224,1.7703783081843474,21.980826629629657,7.774554952256322,44.01247869892015
f5d880bc-722d-40eb-800e-93922410b561,76.07805659838363,27.87039252404698,65.68562913179362,15.71583839708775,107.65936688254605
0bde193f-6e58-4ea3-841c-03079e646d65,2.8440800131903665,13.85623151347463,13.709517857148944,10.887477889675504,32.943911035735
273dd3fc-0ffd-422d-8d25-f558735d5cc0,18.19889830642429,2.941683410312473,45.759304260426916,13.95974377576596,3.5037753526356754
9b15ae48-d842-40fa-885f-e5f9fbaaa58c,9.904496849200367,3.130014941553118,15.293276240712345,13.863080906913591,4.708810862909251
98ead677-3b99-43f8-8945-70cd9ea194fa,18.364819703570916,13.483344561897804,1.811805115737265,4.2517178333596855,2.739173640309398
aeac8c14-e6d7-4de4-9be8-63240dab37bb,9.341254355897679,9.341254355897679,10.302616515347419,10.302616515347419,83.20494660274608
522c26eb-6db3-47ab-aa1e-b8ec97dc9435,19.919712290338047,18.83943440486662,3.286503001320852,3.286503001320852,10.141853682509353
840fb6f2-92e5-4e7c-841c-5e7c4e67599c,33.6704259170748,77.63208086103245,57.9921731231742,34.0692563923534,36.26660416705271
a2ae83f8-917b-4b74-8e6b-e2b2fcece6b7,25.39061492657627,71.84009745587109,43.53608331467725,43.26104373645848,26.053816277999346
652b335b-9d39-417b-b123-8d13b23a98d4,20.761750874656652,20.761750874656652,52.6768180846735,2.900937936246526,55.036699743441964
dfb0eb5b-741e-468e-a14f-712bb629f959,9.781233451450728,7.62170405806099,7.62170405806099,17.736955705327347,14.710449436402286
438df6de-c4f7-4b3f-b759-05aa1434d217,4.456569918503259,14.196753439550141,11.173598676198822,28.898459176260985,16.99837723542189
5dd07100-8975-4226-b119-9a18054a1041,53.896965897960484,52.122854332490896,45.668197854761246,53.607115130739764,53.607115130739764
0e790fb9-629f-427a-b44e-28f5c919480d,70.17715676162896,80.54919256713538,54.61309681042316,17.902224709027905,67.92434419865329
a9f6ca70-44c0-4863-bf34-6f9d9cb5d5b9,7.0951803515622665,33.370756911081116,30.250931649875678,16.721628828687667,9.042678439441234
cd616671-e339-4954-ae80-33b9e87a00d5,31.204290570393944,32.54317096859113,32.54317096859113,9.953059803952305,17.49461712174442
4fa9c890-338d-4385-8dd0-9cc50a8d225d,37.04045217196633,88.0320238210254,39.34831617848408,39.34831617848408,36.67103542706409
3075b0af-59a1-47aa-8d1a-1d866948c2fb,25.266973897373543,57.94611625094687,34.36551326186812,33.41862637913671,26.2881169310033
2029053e-f94c-460b-b67c-f9f6dc9dc623,25.096282970204363,25.316394481578058,44.39079032825383,29.705109215554458,72.42975767550406
afc61b5d-05e1-4152-9c3d-a7a31e04c81b,18.534680692067923,7.582451489628019,7.582451489628019,28.293811027418393,22.408708705263304
91dd3087-91d8-4dd3-be4c-6f6ac69bfebb,10.593683841355402,18.164460375970215,11.188659104215589,32.73105953048406,32.73105953048406
77ad577f-1196-4bd8-b2b1-543bc64bbed8,25.629150785134378,25.3313483849125,25.420456126719145,25.71931118614124,25.71931118614124
905d3311-e32c-4fe2-a079-0fc6f9cbb60e,29.3459924406791,24.644067200699013,25.64622865903105,2.645186370905651,2.645186370905651
6c246ce1-ca3c-4245-bb0e-bc0918dd0e92,17.723508512777126,24.663905149277525,9.73609684326425,9.73609684326425,11.067155224933412
fff8d4b3-f1dd-42fb-b658-988abe945431,18.799119476111105,51.69770863532522,26.616496733344935,22.5501491609058,40.56227697999771
dcad46d4-ca22-4bfc-9b6a-7053710e583b,2.064857506918049,3.3418336320482838,19.098167301795666,6.769023661939215,32.49962424663043
c1cb532a-bde0-49f7-aebc-e0394e5d785f,74.37372165142176,5.607748377667376,5.607748377667376,2.0439591180482157,52.34530095562933
e387e416-0082-4fcb-b01c-01764f40f987,17.79830328642229,8.11412935386912,3.0892471041337197,24.71253539530924,4.389764659190873
dc92a549-393c-4de9-b52c-efa8437f2c8c,26.29499686012562,6.159163557086351,28.13521021250981,7.75127634270797,65.74080918712241
b6b41607-2423-46e7-b5b6-ba86907585b9,62.72660995675073,29.69886692207311,42.12145006694921,60.30961329619208,18.99557197724369
e4a73bf6-9157-410b-828a-db94afd82203,5.782913936929785,5.782913936929785,6.613025051316264,6.613025051316264,13.543849234383153
2ff09429-cfea-4e8f-911b-ba1907d42530,35.56796409150852,17.22039304195698,4.079512959070437,4.079512959070437,9.72917998604152
1cc03c29-1d05-412d-b397-a6d8ad33e882,65.44026967488439,20.04194998664206,59.0772997497652,17.33207516314574,21.89294437497267
112a4002-92af-4bc6-91d5-ce80584ceaf7,9.187157556896693,9.187157556896693,65.53931939310368,5.595205821891236,19.825005671517175
703f6ae3-02ca-42ff-8a14-21635251120b,16.972958466523927,4.302621374175063,29.02972912003753,6.825141782780767,10.507197175892472
3555146e-a198-4462-85fd-87f07e7e0e11,59.76281574902153,8.59401397534597,4.897152974465692,64.84233395639657,5.619515014952308
2e572768-c603-4f42-9bb9-453244127229,9.655973979538961,40.56530838698167,42.997062689682124,3.7180277063759344,44.21910556885258
2f106338-297c-4e20-8a73-1462be2f0f00,7.307290979974326,6.811906039199769,32.11636326905036,45.46847990404741,7.163981702891298
7a6a21ea-38ee-4cde-987d-5c35fb567ea2,31.409706364270956,31.409706364270956,6.072612025685677,9.226433121983023,40.428177677766485
a3caccab-3a81-47e3-b68f-97b7870160c5,102.73581869246556,113.69480592220148,32.19843870724406,105.41591967463619,28.73491834257637
c9401fc5-d5e0-4b4d-8dff-82a03c4425ef,52.23532482311473,7.288493760020536,74.94732825725953,6.719080562937178,4.151384256594488
1b530a66-d75b-464f-bb32-7be7813ec4ce,2.37429842683184,1.9757245566004025,1.9757245566004025,4.19359247576134,39.91350803451938
62a74107-14fa-4de9-84d2-1ed1d7ce06d2,7.133313365752265,18.19104042031529,15.0380189345905,7.964072115490975,66.68624689739077
f06b32b3-4fc0-47c9-ace1-1cebadbc2a03,5.849444593563022,4.632093513823769,4.632093513823769,6.1074318331606,36.22420909516805
7a3f6288-4540-4305-a8f4-404739236f9a,33.259185275255874,76.14709593860184,52.79125288623888,65.51645329700098,67.67680682047606
98014f8f-98a6-4577-8d12-b5818915df28,20.877433487605643,20.877433487605643,18.93657865879404,89.8383471343596,42.49832323441195
4317ef3b-965c-4972-b9f7-183e06eb2ced,15.380472406785168,74.14345574091116,80.31008831330288,47.59104609939005,18.827946270502952
210a7bc9-a76e-4f68-b9ba-1b7e3435b08a,49.8013343186174,23.385172298052126,36.57175214890789,45.82938175473721,22.271405154019504
ca13ffbd-ae46-48eb-9afa-5caf15cb5ad8,51.325208866538546,6.83871497838204,13.022031466075223,7.947809439739358,4.950444607514373
3c70e58a-6cc0-48db-9943-3402bf8001c5,7.867773213548688,35.516984977526974,14.087859062510162,14.087859062510162,13.508483001241306
c873d9cf-5847-4424-9f56-497eb6e8a237,48.194960346765264,48.194960346765264,51.17799513404188,47.90391558562713,56.45660370420422
504f7029-de2f-4fbf-b0ed-4a7e77378b43,17.40834490078165,5.351808792769313,5.351808792769313,9.24084462009193,3.9252859676761207
fe5af038-5b07-4088-be60-22b8279d97c8,4.419195814572261,71.7455553860011,72.823869158311,73.64764324166111,32.01332162306041
d630c4a0-c25e-49f3-83b3-e2053d94a685,4.571209430190319,4.571209430190319,73.4044144114745,72.57219285469918,75.31751128728459
869621f8-338b-49f1-b13b-79cb4ec3f675,21.645835373794146,21.645835373794146,41.859071251559136,41.859071251559136,49.07744268722324
790f453c-5cc5-436c-b63b-36daecf3f9a3,73.00628696282334,73.30672607553359,75.15746113211135,72.69440254448445,23.08100508101395
986f8796-b0fa-4665-a4fb-dd120c42d7a1,38.22363877908735,24.73633719629678,72.49683860374122,41.38765911472409,29.94362002868309
58b44abc-9f9b-41fa-bbdb-1b875fdc130f,53.80194893178264,3.8472713357043498,4.979817099810544,61.818602762523554,16.405244192112796
0e629d46-145c-45a9-b8e8-60fd5f3fbe85,4.271978757271012,57.86312131116153,11.527421833607267,32.82322436038654,55.3735197964273
24f486a2-41e8-441f-9662-211d5b666725,81.68259844188526,12.742083388901225,41.24892226801359,13.129644450997716,14.90180194458112
ef500e84-2cfc-497f-940b-1712b92ed91c,53.490760937049686,44.864417710997266,44.864417710997266,56.246267965284346,31.488486614241623
3c9b5b53-e0aa-4e14-8d44-668ca9dc9af3,86.71805484848419,56.53887242526223,17.064133505158516,37.69228813016153,78.44455554241347
0abcdbf5-b3b7-4473-98ae-4f90ba763906,2.312226636466114,10.153682467796983,13.48855946120049,10.663896569805637,10.663896569805637
f619121b-81ae-4c45-9376-a3e6edfcd6f5,7.663310734409917,13.814127801174685,38.87421564495145,38.87421564495145,10.614826862371206
df0d87d4-f33b-4292-9510-1ebd82c18074,40.7134444752257,13.093546917683106,12.317853981210385,34.73047122188368,13.359386361370465
3c0893e5-408a-4ce7-aa0b-c2c22affb88a,8.32868950373703,26.240877263543588,9.898259836064103,17.745676594300388,19.63507515725881
9a610514-383f-4890-9134-f046dbf20d2b,2.028528278100274,21.00428220958917,21.00428220958917,26.884875419784017,25.731910214660182
7a777a8e-ddf5-48b4-add6-dfa854010abc,4.056067058728747,7.002859005816327,18.530113867711332,8.177048534275315,14.28590920651066
74ccbd1c-5edd-4c32-8a0a-03f3b5f76467,5.781331846237798,30.2583915314342,30.2583915314342,27.522817160141543,22.39939367349927
c1710445-1933-47a0-8839-42687ed2cb47,3.1047160727476086,16.64469109154141,16.64469109154141,17.617798613763522,6.057323916950962
c63e98aa-326a-429a-a728-6d2734823bb1,11.664908062915611,11.664908062915611,86.56484759634249,86.56484759634249,8.953034930897878
c9cca543-0293-4b2c-8b10-df88e2227c94,39.752680767283984,4.034324785382458,1.7627381696740307,42.2898515160233,42.2898515160233
20f5c72b-df45-4b28-892c-c2373ee9488f,4.68425927553714,17.24287922205411,8.127402948178004,33.57989972262705,12.77572963095723
7876d71d-d21e-4f83-bdd8-c66d3ebee1e9,94.7593960615763,37.45887207940632,90.64937927418913,103.00520229401491,37.11687780884485
598116d4-5316-4e6a-86f9-62e71acbd1c1,69.8874687581577,86.38608753623954,86.38608753623954,27.836713272621953,87.81872188703011
fc86b81a-0f74-4030-a063-15168cbfa3d0,40.93391496687521,43.33831742988242,43.33831742988242,86.15612655487496,36.3430120925437
7186aed0-83e5-4423-b61d-986c4c9abfc5,19.919225372069498,45.425645482811674,7.192119974378425,6.679520650687736,7.604365209855999
7acde60d-497d-4aff-bac6-97d8f9e524e3,11.040795588936536,19.041796499493238,27.77105588936884,5.968038946964029,17.513867496794447
c8d624b6-4310-438f-9383-333ad79c8460,12.878323721698276,7.534212700059468,12.9656456600121,9.768496675029958,39.57771670761194
efec4a8e-11c8-4a05-aee1-1b56639244e2,5.642407291343794,5.708217404800184,76.55038362306067,12.360455289693139,9.279188489076319
9da7719d-6042-4a69-872a-6d31048d8a41,3.299716229512289,1.2229397982870036,3.7717172912435335,4.702871145864369,6.105950974558367
509e0489-13c3-4ccb-89f1-22f4b024e900,4.367359178019303,6.611459453578403,7.102972191398876,16.675884556751758,14.450409306198909
699e03dd-9dd1-49e5-9e28-a8994f76dc20,1.7672070438507828,29.155361599316308,29.155361599316308,5.834059775423624,5.834059775423624
c494d17a-afc0-4996-a471-6566bc6e1e6b,13.922055976597072,7.020733320941195,12.120273110743668,8.947672819309538,83.84959595800662
2565b64a-eb69-4ccf-bdd6-0b5b2658255c,5.132017797734605,23.041991069235255,35.99328512571698,18.346510191187846,19.14694341809202
799e3b67-8297-4bfe-8673-b2a82c6076bb,10.446517902738337,15.514637025154679,10.898966243364777,4.530195709900971,12.811411344718852
7ffe83f8-26eb-44de-aafd-f07ed60229df,21.497849825491333,47.5580121101862,21.347754672507016,19.375410102186372,19.375410102186372
faf3b671-675e-492a-b1c4-d1769546a672,25.802087802950986,10.082658425542341,18.306570259647213,10.71886852943348,77.99051287137726
8d0582be-f789-4f78-9374-1a5e94d3244a,24.951516856281188,14.381194409781074,14.381194409781074,13.828390254355941,13.828390254355941
7c138213-30ad-4e85-a108-a4db1cccf0ed,27.27920884212562,29.368504039298543,29.59496603890942,22.95844634070836,29.35512522911599
aceb46c0-3726-4730-b7dc-95b297c6ed72,4.3874435381405315,4.3874435381405315,22.662823827389815,32.543785684815916,18.912977900335367
857243a5-6f77-4cff-b03f-34cef3997301,21.99522922839658,41.653436625903254,23.22827367506114,35.30715908410543,30.360451263011996
c09c2e5f-9ad2-4e91-b020-2eaf87f76b95,29.21382585065754,69.78046125963932,21.49340408163199,66.46396591284146,32.97495431877793
bd46924c-3972-4911-a487-045705433dba,18.608441190360615,24.02421868759729,27.99175835090621,18.235368629888743,18.235368629888743
26a161d3-2065-498b-87a3-6b5db6177224,17.130807480035934,9.16351293003329,15.127895468241963,15.127895468241963,10.229002123569199
e4739ac9-96f6-4012-a949-aa5b9cab7551,33.77944386195668,25.957636797092984,4.566106115364817,72.68911087470138,9.549494182064997
b5b5a473-5a96-46b8-af68-eee5c7e0ce95,1.981860194141484,35.72756495065247,35.72756495065247,53.62939545425867,53.62939545425867
584010e2-c671-4153-a14a-3b78ac4be879,12.723095460813477,8.656975933012639,44.85394337697114,19.596395965260875,19.596395965260875
8f7a82bd-8932-443f-944b-394dad5c6a99,44.88587251600919,3.849118234918996,11.934689964204257,2.568840037875724,11.275586973835047
f70ae1f7-ea9b-4f8c-8aff-e366e02d204e,27.137976880430145,23.75521084202938,23.75521084202938,12.804178018775435,29.85674660686673
93bf1bd0-cc49-4b1b-b142-31038f242ce9,44.344974815346774,30.758117505691356,4.444034081930808,43.86760787774335,2.6081931045274214
807435cc-3047-4dde-aa76-7b0e61237e23,35.569170064864785,33.81865603463387,7.417554268549231,7.417554268549231,24.596465302254945
fb05c903-1fa8-4e65-9328-d06f0ae228f5,23.408153604830698,23.408153604830698,27.295049987498302,20.827516744522033,20.389218073594108
d79bcd37-77a1-4c95-9c4f-8ce5e31fa9c4,55.193630053190375,20.682029444364083,11.818925576077095,23.962412768237535,18.160681462372054
dc88a5a6-de7f-4dce-ac66-f2f71b341198,38.15779571227268,35.92973470394066,35.92973470394066,18.803026076754655,36.70841634147369
9158f8dc-c04f-454c-adf3-1274ae03c6b7,10.250776191191065,6.609266383524001,6.174072970008529,19.371973087028053,12.998448484640562
4f5baaab-3634-402f-beff-f97eca7fd4d9,10.296871893034064,38.775246654462855,38.775246654462855,77.64370012912353,100.2689549233327
963e2216-f0bd-462e-90a6-46aa1d4b5d0f,14.871731850498726,4.13345522768041,6.29268891384636,6.249092961337261,5.618558587268902
373452ea-8de8-40ac-8293-e99b2e8d5461,4.136883691468536,4.886921677688025,7.022768504087935,6.840304457132019,4.203957305268518
f33f4d8b-e4e8-4c08-9862-24b2d91fc135,5.428439602124181,9.34436716221068,3.265139740742749,16.39928373163303,18.557685668021225
8d346d92-7727-4206-a58b-43e107be969b,3.891417716570886,24.15097764529366,54.255930557158244,25.055609239926238,26.636275713503437
3fba289e-f430-422a-b58f-a36c596c0553,3.2303379917005226,5.31987047129509,35.622236040814855,6.667586873479509,49.05623035013262
8e30ed4c-82be-4dda-b529-238f70716bfd,5.210727428514425,10.116118493215177,56.58210807645605,34.52827076688792,6.8088626972381245
359f5c34-b71a-4473-8549-fd4c8a23c0e7,20.096640310564034,45.70212776056838,7.338716996490319,6.753615076717772,7.783512718488779
084e513a-c66e-444a-9eb5-b3d0b8fdf4eb,19.21189887731088,17.676311928470128,17.676311928470128,5.803506559828721,11.220986524688673
4197d1c7-f785-4879-bd94-46e436f4ff9b,5.633240993822472,5.784712478346767,76.43555753867832,9.565022288705581,12.645443852152507
5bba4a7c-e8c9-4269-bb34-e183ef75cca5,13.007537646670068,7.416266046390287,13.089608374977175,10.030750377498409,39.80670500173798
09bc74f0-33e2-4f26-b2c6-11c5670499f1,82.49744743034599,10.696957556739315,17.766113296915055,42.03193268275726,84.84576633479516
dcb23507-82a3-458d-bb83-6b0b5c37644f,3.95338762611548,10.906202124574895,75.03152911502036,13.799077810899519,72.31024406451493
8a677524-a52d-4de4-b31a-4f17cb834786,15.857882634607467,15.857882634607467,51.180145336176295,6.861599351158244,74.72455627013875
85ffd980-d4aa-4716-93a4-660b1273ea16,46.268928738774264,51.14310616094852,5.605645614027318,53.311789297306134,16.174541829813464
2c3e5f66-791f-4e61-84bf-e6a702b0eda9,72.22590543162357,75.14352247499458,75.14352247499458,73.2049935536081,70.53919957451161
b1a1cdb3-c3d5-48b3-810a-153b15d8c971,23.118600649272423,41.14946397894367,23.957856162910208,13.081442121735588,28.727527702981693
4daa09ef-6c20-43f9-a9bd-9fd20a2176cc,26.462455429845818,11.119124842475275,77.70976138853717,77.70976138853717,19.296880461590874
18356301-c721-4b0f-ac4c-34f70cc40d3a,15.970463572885995,47.929717563561816,50.48533579444208,16.04830237796296,8.107510946000865
46831858-8041-4b65-b851-80892459fc0e,19.751137063162304,50.18074885031244,87.20788038002041,87.20788038002041,28.958213814808197
3ba999bd-e809-4905-99fd-d54e0cfe3432,107.89424161990743,24.078087458964706,23.859983334529893,45.78124943178017,45.78124943178017
83fca02f-798d-45f2-81ff-5398c308b911,45.70774543715165,44.75310171615159,31.982910429388927,8.206790955416302,45.65194915129947
0cfbb797-9281-4f06-97f8-6841c2495e82,89.73387005844297,88.88043759768667,53.49857832685881,53.49857832685881,16.40381667416223
1f1f5cbf-b8cf-4283-b70a-87aea94f63ef,120.71916783522857,110.09105405371469,111.07600215928132,37.24598535853728,34.131748520193355
0198ef29-335c-437f-b0a4-d171c68223cc,33.74450668207867,42.37463287036641,13.534444024956874,17.0813047154281,54.054236707101346
7f900eb2-84f9-4a7b-885c-00d4d2ff4663,6.8860193394176585,78.5819111585824,83.32570492779871,51.259261652475814,77.5773837157764
2248ae28-6c8b-4607-b2df-651282de5128,28.0003750492739,13.190198499758896,6.911909394932255,12.7095173407262,12.7095173407262
4ba71d77-40c8-43f8-9e7e-c9a54865f929,15.926836824618945,16.21517635302695,26.552869962797104,15.11134791483879,11.1089528681413
bab1b1e2-3ddf-416f-b3d6-aa71bed8a6e9,5.763874792674599,6.8498603066861214,6.24518570882703,13.797710087286546,23.372530198096
f5f662e5-4a83-4a21-9dea-9c931d906626,59.50846439941462,59.50846439941462,6.169000988378288,58.744828168645114,53.18027543162574
cce9ecba-a3aa-49d2-9cb7-a35d3310b974,15.628709130993833,15.209609967141356,11.606968328997787,14.377602358896336,14.377602358896336
016ec557-ff71-4173-a703-d749571b2552,8.64199843879816,8.64199843879816,10.781811652215342,16.644425375225644,7.589346593826559
715f1e00-28e4-4f6a-b12f-def8cf829f9f,5.489705192460477,8.469410381124131,8.197670117187556,14.774952316894112,66.97595085712366
cf8e1b42-1708-44e0-8f54-ff48ac1ded1a,5.353449860322309,7.031224201338524,15.333288051620276,3.6514933556093307,3.602080401426921
bcf1be44-8c8e-41d2-8215-a1669dc2f666,5.286872688549769,15.548667483524971,7.289245670517261,3.025591256730483,7.657049980223494
0f2c3531-bfd9-4369-8ac0-d08cd04c16b7,20.162900753423788,6.8527625934357355,11.325254665011524,7.673573048675428,20.456315944567457
ed230d26-a45d-437a-bbea-d7c54a9106f7,16.708923423815747,16.708923423815747,20.218474718744538,11.498996303887541,9.20796176395568
1211b0d2-3eb3-4434-9115-1aa23cf053f7,45.71819275191608,1.900713473980065,46.82463715133917,6.37739760324283,9.391117266883715
a520781b-4b07-4d6c-a54d-ad11b3e8bc70,7.403007021081606,43.51196660566751,17.125065127884078,5.4456346396229796,8.85977295143179
d38ecb00-62ef-47bd-b560-3e1f0b33c54d,4.6741899839643795,9.143791633433896,61.99429732224813,16.48336190918756,53.92766589214495
8d6c4beb-d929-4e5b-969c-3a2f60b3286b,36.91338954717331,12.990870280766531,48.696678760189954,32.92602288712264,27.757178847681786
efdb8e6f-838d-484d-991f-4fcad459fa09,13.386374003162238,6.119485895891401,50.596933557255305,16.85405405365663,38.32511001087525
e06cfdd9-ed49-49f6-bccc-bf13837bdea5,7.664508323123034,23.276374608163973,4.855245512353803,20.534050358645054,4.535790989946641
1787c285-7c8e-4d82-83cb-d12ce8d206e7,10.466147607888637,17.463623777035032,24.931358421885736,31.002789788768837,17.881463026714073
636b22a9-ac34-410a-babf-1afda2e54ada,59.207165966758225,36.3013199615975,48.90949013951487,61.23692818963843,60.17888458266202
259b59d3-1631-44e4-bb91-29cd515973b1,18.800533366080433,18.800533366080433,53.86910588919951,30.459383198948494,50.86591447330093
7525cea5-92d6-4eda-b2b4-3313415ae8f0,5.929396851825283,6.517331297631207,12.451972215550505,55.9985102394638,12.20971720877503
c37baf18-c8c7-4b37-a497-90ae6a4a58ba,6.438450325973293,37.56191071144754,25.945728544989322,21.35566755299336,55.288864618890216
0cc0f19f-fe00-46f3-bd1f-af8750eb52e3,5.8334139319159135,5.8334139319159135,7.460315372703745,41.87118411172475,41.87118411172475
dc065ee5-1f9a-487e-af12-ba122a053568,26.403391576395386,36.382178539748764,36.382178539748764,18.230967586826544,39.798993283354974
199ccd22-c5f1-4858-a615-2cf6eeae0938,2.5858497220364964,2.5858497220364964,37.71100997697298,12.562309980988013,35.47201493339293
79136a5d-2fa7-4607-b898-a9f8d67bae9b,56.346156355386974,2.7301637075151572,2.7301637075151572,32.48430854097884,38.587005255478346
f553749e-d852-4e5c-9efe-d347a2d5c2f7,46.79294931806082,2.953831816250964,49.22884941894632,49.22884941894632,49.917122236507666
6c719cc1-86ae-4ed9-8b3c-a56128480762,4.0562832925933545,25.511508890421943,4.515299379313706,9.849095433426157,28.927384328290863
6fc84a06-7155-4014-9a03-570533df2568,66.56780772765497,66.56780772765497,51.934603117821965,4.181835638069507,4.181835638069507
9819c3c0-9d49-4030-bea8-e5e533f37a38,3.037229123855938,3.3335012217197195,3.3335012217197195,3.492945493323755,35.29885993911148
a86bb4dd-a4e4-4909-af99-ae967603e881,7.092194447713868,68.02066367363625,47.610338022466166,9.142097670873504,2.220712735065058
b8d55067-8ffa-4fd5-ad93-a1d0ec7f5d9e,76.93765681764621,73.92576649982576,44.795512063592966,44.54751935759697,16.588255389057153
16c41750-d4d7-4442-ace8-4d4696963abb,5.7665233606364925,11.637277008729528,4.818817076398629,17.033387943087693,75.23182526271127
af29aee9-12e4-4c06-8f63-8e2b5a77d851,7.411807685418457,79.14207731471305,81.06578413993685,93.92831582579124,55.78188447556121
5253cff1-e2e1-4c8a-9cb3-10c7040d6281,19.375416143648543,14.9214908296241,0.8510904639617003,2.693690184712313,3.450802269935303
f4ae0b75-d813-4184-b08b-4526dff2c9fa,18.096701331586406,2.9868890599295526,13.033101488885308,17.609408716342642,29.99580294878882
c99c4997-9f26-4226-bbc0-311cf99b7092,14.846507435881426,19.34298999109424,3.4531179655345423,9.895608470660479,21.176563010054686
5f11e152-45d6-4f36-8bae-97fb1b9602ce,15.743676409589726,4.536644494201085,12.87071786720031,13.321263775646301,18.242631229795407
3126dc93-2eac-4d33-aa70-bc4027a2641f,13.823082843383137,15.715872743867179,38.31464857299607,27.51021539239874,4.029838436776449
7461543b-be7a-43e4-9366-44a646736d90,2.189419173546006,15.068311987779735,22.50881128967325,3.777783324293189,14.202815525686654
8379b7bc-fb5f-4fb1-ad5d-59b80550e8df,28.16727707596366,9.75079057509899,29.24164190934163,14.503497771094843,9.686514728938752
08c14246-591d-49d6-a17e-c31eeef1c1ac,12.077104041254415,2.7796607461338754,10.504906122925888,83.18182706553138,51.978692973259015
36d99363-48de-46a9-89a3-ff7e6c9e5559,6.280659333729169,6.280659333729169,43.980590670675646,23.34937429890436,35.89189018934371
f2a22c45-aab7-4c14-b9c8-4b45d4f4ee58,4.921614737827003,29.149015740302087,74.00669108363823,6.968394625606403,3.2366808039964208
cb975074-e583-43eb-b171-2241ddb34992,10.190667199284798,42.74159250274434,7.290171835691744,42.265790282338855,49.464520095701104
2f3ce424-5a2f-4bdb-811a-c5e673309372,66.96703208761092,28.764296046118883,20.443500764288284,14.562246181693151,14.562246181693151
13805f9b-2846-435a-b7e2-2e76f44edc67,14.823567949719395,10.81028139205442,28.50092953264963,28.50092953264963,17.342537056773583
03c2f190-7ce5-4751-b7e9-f1d4ad2e6d9c,29.509580160213464,31.259348699442242,29.114323857437697,31.69628894214881,24.53133666140357
b19588b6-2d11-4736-85a0-db466a7d4ba5,67.42337208410191,24.788712333374313,73.75052586845514,28.907706635850133,38.55755488433944
20dafabe-72c3-404d-a385-b6826b9f3a9d,32.96746562453489,5.777351018764474,29.663856665339182,18.642632055780666,19.34097106072707
e74f1b60-e345-4e98-8a8a-4e5a4e90f408,7.029261690488698,53.0781703706744,38.871916075589,56.32242180086444,56.32242180086444
16147d0e-8ed0-43cb-a9b4-d6d69932639c,41.29652806204216,31.348448869606496,31.348448869606496,54.54194297604039,39.5668731426465
5a115929-b1ba-43a3-bb7d-bb4f91f7757b,19.993571439381906,25.907994576408115,26.967025597380086,26.967025597380086,19.417412451171256
bf3c009b-b8fa-4c2a-9fe9-85a115cbc179,27.80969507679755,58.781169087985695,6.862100815672674,6.862100815672674,34.802291411262956
5081e304-6d4d-4640-9061-03c10a04c902,67.30984272872136,8.069599725041599,54.107817743828065,66.50705657587106,54.144538654584075
f5a402b2-ac04-4fa0-acb3-c0c3701cbe17,109.9975207703273,5.803184604297284,63.046541865181474,10.787040710460563,15.58395626893602
2e2402ff-fa2c-4f32-8c0a-9855137aac54,24.786068941845194,5.931465509478077,28.449757730231397,6.312691836004788,14.043917367457418
0d7b3d23-a64f-416d-8306-b9cc38f6fce5,5.084206612334118,8.13533335231797,12.142801792589808,53.76465129511524,53.76465129511524
8614497e-e3cc-476f-80bc-b9e1959a81c1,32.2003864660765,9.328437560786474,11.502315524211326,3.0364480580582818,24.822701833406207
f6cc036f-55d3-48fa-a244-cec8aea94114,2.1117251335211074,48.35370577987431,7.689457902038118,30.160938272210416,11.209463810443765
139cdd20-d1e5-4d17-83c6-f70b04b9050b,7.1176580321884275,10.787380656535397,10.787380656535397,49.164677508288875,17.473917240926024
e1f06d78-7e08-4a2a-8548-a4060e705f7a,3.3099008763353237,6.7487443002376475,30.58550416244957,16.055221593665074,4.725950244292383
8068139c-f71b-49cf-acca-15c384ff45fb,9.861324656488533,10.151146484132992,7.027558519025671,5.873549880490637,5.760325670568136
ddb24897-d8a2-40ef-b64c-1da687f9c80d,6.85542070238823,26.639737818944724,9.576131628839157,28.909359482306346,3.054914968593942
62ec7185-b50e-4168-8c32-18258df38313,10.345370388921646,115.8041311631251,46.439095698710176,14.657985674920157,89.84302550917445
f880102b-74ba-4e29-8763-1c79b71b8293,6.547253241802392,4.918530923079254,6.006266135332187,12.470325149570064,38.8051298525159
e4292125-de97-4854-bde8-cca9f3929cca,8.965000081410535,67.62210048279076,38.080208735568846,54.752337069609894,62.48285628914097
db002af5-d6f2-4be7-bccf-068fab92b53e,69.17631668881171,70.04920428482762,68.04731530553155,73.97026652967716,26.637607690332665
726f64b1-9520-4ea1-8669-5bd1239c10c8,24.40859203496644,6.765041076376484,9.885095989500273,5.096259996866412,12.540218825299473
16af3ed2-03d1-4836-88c3-c37f748456a2,3.0410823199419283,3.0410823199419283,5.4635118002886305,18.626760657775293,53.31584572342426
868d0ee7-4304-491c-a4e9-30f94ef270d4,52.07901097847345,52.07901097847345,52.8315834423785,27.364014690681078,2.837930231066098
30b31e66-3d1d-4863-ad84-d1ec4d4a3690,13.200188650164929,20.36700083674126,18.332969354839243,18.332969354839243,18.461798441869675
0593105d-a2ca-45f0-9f4b-8705129a35b3,10.580266168259808,15.961372389559347,14.582991557864043,12.57287520741543,26.787125323263183
2dfd42bd-9001-458a-b88b-eff190cef12c,49.37422357156387,41.1590510676054,19.366671106991813,44.2598783726688,43.254999438514524
a5e3b822-fb0e-4366-8f2b-6672456389cb,50.95296795677914,33.47516899122536,54.66192201883083,44.98239396107918,52.78053138358389
cc658a30-c822-47ea-99a8-09fdffdb5f42,28.63848229404245,64.78016538229876,27.46002263960454,74.33153538140493,30.840393925030018
95b2563c-62ae-450b-8d16-5e36c2918739,18.791286984781202,6.563350365139584,6.563350365139584,22.629179590419298,26.83739008324555
73cfbb4f-28f8-4032-a506-f068c91a4d9d,18.882638524592203,24.325891081562748,28.270390285106615,22.17228945231471,22.17228945231471
08e58865-328d-4e50-aede-77e42e367954,21.27147144943578,41.55571323737193,22.672919985920082,40.603679228884964,11.655983804757161
2c68f94d-441b-4fbe-ba69-b91d58b6fb63,23.839379149599107,45.72979347129297,23.58781896115839,23.828705484400142,23.519174422493748
c44ee1cd-9678-4b0c-a0fc-ec286fb7fffb,29.409706008871428,71.05387468709903,24.505957042578896,25.78392804191221,24.089765669657638
fbdb8206-20d3-47e5-9735-c1e3084478d5,26.022733765884503,26.401757759465518,26.28205818388885,26.28205818388885,26.52077203705256
aec60330-8515-47d6-aca6-fc8152cb719a,25.61999932845724,10.32955006363873,18.35147723721878,10.709360116537281,25.928518989149246
bfc4f2d8-0817-4746-a8f9-62a087a62dc3,76.57018594638099,14.626121732986688,24.74491625409444,28.54046125608899,40.70714415355669
cbc87058-26ff-49d3-9dbf-635a9b8f622b,26.723299500614516,71.11576698219146,71.11576698219146,40.74535273122044,40.74535273122044
fd0b042a-570a-4ca4-9a22-0cfd4fb33344,23.178293547206078,60.32051808315532,19.247555902334682,18.033366925357665,20.235175075889032
5db89143-4e82-404f-b23e-8495f0c993db,71.03108397166393,11.905530535308177,11.905530535308177,17.23716977675984,11.478857583455508
7610134e-caae-4a6c-98c6-843363d95e65,7.0539742803365755,45.76935431426393,32.3387613321007,45.295468471493464,32.24900428087439
43b547d6-0d85-460b-8fab-8499856243af,6.70068684636088,24.181978416634117,40.255901089977,9.548317469719194,39.816185826125306
562ca6c2-6d64-4946-90e0-59c9c54d39bc,38.492706800554785,5.954321547571507,56.83012209239952,6.443309891169404,58.38290763104417
73674766-4555-4436-87f2-aed72e915dfd,5.0680187078061625,56.706619801879675,5.177077140257284,63.52011181749006,8.36559854892142
13d1f8fd-c073-4f98-95e7-4ae2f0acef2b,14.105839063363938,38.56762168116829,38.56762168116829,70.11299569275414,70.11299569275414
b4645b27-6c27-4e4f-a1ad-7ebbc21ebf2a,24.87460540384287,23.32677720135898,23.113422586305727,23.113422586305727,23.35360903894935
0eeeb5cc-82a6-4030-b402-bee2647a1272,0.5427499515872645,6.708228073949035,1.5358007712652655,53.21085081221666,15.658622010390191
95669d73-156b-46ba-abc1-c9d6e4400f06,18.392927964834172,22.553256587741682,49.51313085095286,24.322471105258447,24.322471105258447
79492324-b7ad-44fe-bf93-53142c8cb1e8,0.5404242548678625,55.34410914468498,55.34410914468498,14.087380663285398,26.006143449106247
0d3a4f5c-ce4a-4526-a3c9-18109667a46b,0.7537548445125489,46.288856430817795,13.60684408312514,4.6560280652607515,9.922362264382517
dba9b7ce-705a-49db-8333-af13042a5394,16.929132817285193,23.839871179651585,5.617936156273137,21.929058975790447,8.481076924744686
76e913ed-24bd-4c9f-8381-d213bae8acbb,0.9784956333801573,3.412134400599059,20.56742766457773,8.066795605377012,5.807137531855829
12c97793-45d3-4cdc-904a-05bd177d925b,1.8609380858595501,7.965727238685478,14.278429129064207,98.73009358971527,12.184797628803086
84608f17-8fda-4c43-bd57-23bf2fd38a6a,4.228477007176469,1.4298845626160974,98.81569999474999,69.24102696066689,3.226013201426153
de289ac4-6c78-4251-9b5a-7dc0c853371b,6.056426672632142,6.585733843346922,30.592660224038795,55.15914566933179,8.02338752629927
7822289b-906d-436d-8c61-367916427126,8.713263958380068,8.713263958380068,107.75576829121124,7.713969120453068,7.047791776026372
f078ee96-e050-459d-a8d7-3bb2fddec693,8.63965753209516,12.404596800365866,12.404596800365866,111.35492000560677,112.26078571325232
0c6d2236-ec76-46b2-a694-a3eafbc31689,1.521530374950314,1.1011984117672686,27.05797515179058,59.155111143859656,4.5967554993407465
962a6086-301f-45a9-8ce3-3031cbbd91d2,15.607146142649256,80.13593568654862,18.04224619689666,20.999063947987942,19.0688899559444
cc4c4094-b02b-4cdd-9039-5225b090b8cb,7.901109304684365,15.58784194035523,26.294475765829805,72.08913158732577,4.489005292686221
2ccd857f-4eed-4a10-bdf5-c920937b1c40,26.719666335357534,6.004868576559785,18.774291420201827,23.639075130753398,4.260873180100643
1a29b79e-d862-40c8-a9dd-c164c1721177,13.131212282078302,31.04994814240249,9.038975747864017,13.645120751560285,6.179972298592916
4cf23d57-c349-4d68-91ff-f06a71e8786d,24.066856960734455,73.28779894130996,44.062860491986726,27.763048975844598,45.07497760478562
f0c447dd-a1d1-41a0-b210-5ee7a2eae798,21.94544229157622,21.94544229157622,52.701128106856224,56.07591218044887,15.902554907627675
6a8ef953-0269-4cf5-b118-cc9599ea00f2,27.24322075034552,19.51017568427756,10.468135728970081,21.54707815307053,21.661467399574313
f3ddebb2-63a9-43d7-8d4d-d9c7926ee452,34.79682779032137,37.35625724612936,35.08649807924473,54.9779059268182,55.34630000396117
21184540-46f8-4018-a552-767ac351ddce,4.629321083839054,14.608237730689904,28.202995638957052,10.341581705952217,19.374955535978895
dcfd5b72-5475-4184-be6e-6cc5c44c6a15,30.627311122504132,30.627311122504132,33.748297982497526,38.58711040899541,26.913402557886897
5aea98a9-6c72-48db-8515-5312f774fae2,22.15670368057027,16.929579660429184,14.878374650829237,22.565789911449563,22.15782499843863
af1db03c-6e38-4d6b-949b-dd028c3ba0d7,92.0827750804902,92.0827750804902,45.93001820039067,46.93895949113947,46.93895949113947
aa76d4fb-7fdb-4391-a026-29cfd3821470,10.479256039433027,32.644570486214896,21.398167574990175,15.006125168570556,33.69591525511897
7ad19e7c-01f5-43c0-81a3-521de363c733,7.487856702743937,11.25556989370125,16.531867211004176,16.531867211004176,47.030407756288064
b889d700-f277-4f7c-a38f-6a1436520c9c,5.225431816252392,22.60675983497601,40.16646370365124,39.12112763040625,29.23999885162902
d38c3bb6-ae61-4eaa-b11b-9528d2198c54,2.720489609373023,31.913121235305546,31.913121235305546,31.30377178592766,76.05307222795153
caaa8fd0-30e5-443c-8755-eac3cd26f44d,6.120343919594952,53.321117586138115,59.73869373340065,57.52130129589821,57.52130129589821
ef444f9f-9e91-4b7f-86b5-31b49972aea0,45.31136969804243,14.24199323098074,10.734684866961857,21.143272937317178,44.865557822322984
8e13d2b4-8f8d-447d-8749-295ec3fa3a40,1.8058474010151002,31.80694518569142,74.66125475995574,71.61326960421036,71.61326960421036
937ccbdb-fa0e-44cc-ba38-2377b8154e33,53.87476218664281,41.82160177270063,54.74507138336511,17.83655311532501,49.05337952400881
497f7884-9748-454e-88b4-cb8ad0d53315,80.34866633166965,3.4412466846022505,41.875380018337054,35.83334140666482,34.99166001066347
af864edd-5d03-47ca-8521-f810457ba906,33.24749926007149,10.296845025510887,51.72045636757301,71.2427339809378,37.4245935975824
8159b524-2a1c-4b31-84cb-64b62ec1822a,3.1783043045640875,3.392571543405129,3.7385686091584502,39.878470789667645,57.476072810129786
78959841-ce26-4093-a20a-be09e03be729,56.2499430700267,6.339985859111776,64.17239486636302,66.60329786053745,6.302147698078261
a9ddca39-eb16-4159-9bc2-9024892d7d20,7.727911836681044,10.556609566448248,7.694780262436054,18.87429702087934,10.991158691504257
ced6c4f3-c987-40dc-a8d5-0d03fb7a8653,76.14741888819496,76.14741888819496,74.99144379264581,23.02286730821022,81.98287287916042
266b86fd-c3f3-4f4f-96d0-db0f3d2834a7,28.772652037834956,49.02770421922027,40.626952528607546,51.62790308907945,56.06886386485691
d816546f-187c-4e13-aa94-074e34438bdc,81.47654544812336,55.450604468497836,51.574868497064884,81.45867359134883,37.61299447107528
357072f9-8430-4fd0-8bc2-90206337cd23,39.524070741586456,31.343571795235697,31.343571795235697,30.561437074366797,46.77563867059346
cbff33b1-c512-4ada-ad03-0439141391ca,2.1626808886938833,4.180357635416123,4.789955384007387,11.424787884591703,5.487458471735909
affed226-91b4-44d6-84b2-c6dd35c0ba2f,30.23586065951415,68.34921940661484,72.5742450492601,52.48912601345653,28.941209319215474
416d8476-41fe-4b1e-ab45-d40e16f6e096,7.159279609256842,8.336923686806642,5.56323430936715,5.56323430936715,3.7097770388396
7bcb4cf9-77de-49de-aaed-c4faf9caa299,5.037303715146813,4.107486435781658,24.491442857357306,23.384607414237983,1.7189875073470609
b0327886-b555-4795-b4e8-42b7dcbd365f,46.239177051008625,39.184827475062214,38.39467598539859,45.97649517519763,48.42262826295165
ffc102f6-d789-41a4-8a39-b8ec63a30111,3.185079083806719,26.304802125403675,2.133858610640882,9.117411821675486,4.9140937750504925
300eeb9c-f2e0-41d3-a6a1-0edb02d30ff8,22.146008890838615,7.428172698466298,20.19994673988855,3.2192290196632776,14.116923804840807
d6ceb23f-2e68-4a57-801e-10fcc5815248,84.54637607820763,2.6639227797193747,42.87256272522263,42.87256272522263,43.206323385316786
bf84713b-b0a2-4414-ba39-fc70fe0579ce,4.056816164218873,3.1589900078901563,3.1589900078901563,3.876569200150649,3.876569200150649
9f7f755f-67d5-489c-ba7a-5bb81796c93e,2.9744012284334813,2.9744012284334813,7.002156163257344,7.002156163257344,51.460498431181364
e80a8be3-3744-4834-8114-66330ec06ac6,7.839771994678887,52.078507985367054,38.51061827893986,48.327255356605384,47.89031508952907
9856f1ab-f783-486a-b62e-8e1c1e103455,72.685291498962,15.526064021559229,74.35816091557923,7.973847697401737,8.452710907282041
c2dafc84-9e4d-4865-a9bc-3ffb91c0d83d,36.661797790303794,28.98339803581926,6.737760048717508,39.732068498052456,8.64138162267146
91df4548-eb68-4ceb-bba4-d09a5db469c2,8.189049427272588,67.88045080923436,32.842437529915856,69.41472035276061,58.386566252451374
7afa8e4a-e213-482d-9298-c97f1dd83252,46.09551900640126,9.979825251630512,59.06616670077638,2.777553519629886,23.333672554345913
dc8991d2-8b9f-49ba-b23e-18f9179b9f67,65.29700634765439,15.363028604741707,107.70907167871172,39.019745621579645,107.1129824367778
d5616a51-5402-413d-b4fa-f75b7f2abdbf,18.775168976901032,5.705576974409305,49.18351833172325,27.163582708134463,4.642187415266481
276ca2e6-3810-442e-9e67-c86f9ba19cd2,53.41717220283863,17.32743698083531,29.918784771914154,8.4220412858899,16.023130334604634
d88def9d-1269-45af-a817-30a5a1e1cb17,19.202092240176395,41.26204788347241,21.532887916216925,54.85275814952135,27.614749819878632
5fe0b6bd-00b1-49b3-977c-bbc890e2efb5,9.876716763242447,18.823304280876428,87.41387141926984,100.28170560307125,18.3939034826375
bac6ca18-fbec-4dd4-bd6b-46207c36172c,40.192680146832004,65.7355737181062,65.7355737181062,27.20742544578669,29.66777434775105
613b99bd-72a9-4fca-9ade-1495d6e9350e,67.25288813477157,92.19725270417564,29.988659238362267,72.14894161002388,25.677185923588166
4b1d5829-cb7e-41e3-8969-df2d7db1b38f,24.1644622975004,28.54622917893488,75.30458682200313,48.79234754017391,74.34813100539799
3e434088-88f8-40e1-aa0e-848144e169d6,35.68206160858835,18.758264368907973,21.530876060008087,20.755151763065015,82.78226884065228
35dd3077-549c-42c0-b2e5-5942dd9f3769,43.84676902906111,19.778504234197033,19.778504234197033,19.4296952359771,34.041260332646104
0c3ea6e7-5f70-4593-a281-49c03ff0a848,33.31193389700934,30.034399098797724,33.45565081568172,36.209481224166986,30.5550779911233
7346f710-6f8a-4745-bc22-3d4859bd1b49,26.94012112986825,19.82304954935458,24.436832638860658,20.613582481142295,20.71869378147431
69d7de81-e464-4e8d-9e41-897a497fc697,13.516316447059037,20.82351500421116,9.915495672294822,2.9701141772008435,7.268626631750585
cb219e8a-a029-492b-865e-da3506aa7aea,40.62167675882867,26.14402674681483,21.53257226135536,28.190008898024672,85.10512623785726
bbc4599b-99c3-47fe-afaa-7e09af5fbc45,8.48355976416305,41.700781524577906,69.70739145625859,28.789461419032325,27.46869031210702
323f1855-f32a-430f-8712-033ee1526cf8,2.730753216187471,5.467775523456574,4.455876375612215,9.484785599100476,10.900667447694948
0454d991-af99-4c8c-885b-df8a2068c47f,26.08008575823604,25.199981779538664,34.423636295674385,22.349464445092615,22.349464445092615
f18dc943-8474-4aa3-af8b-558b72d14aec,21.84949624971921,44.0424068969576,17.92184024654184,7.423782599298793,30.36641325569864
dfe2f0a8-0848-4190-a95d-9fd0d1289ee5,66.9279029386734,14.600021424813521,14.600021424813521,28.719307376017795,21.883202519333786
cd606e79-0300-4fc5-a468-7500b36c27dc,5.681810040191353,9.270225426929747,4.253876175384808,29.352564687109577,73.52210673487279
2c0d038b-e594-46cd-91f2-6ef4be6e71ac,79.06828107671356,38.604767457319596,78.32919752669889,80.91886190957331,15.56981343560518
bcf72b61-5eaf-443c-9440-abd34df1480d,28.31870543268758,33.66381992284623,70.96214827286302,33.28040488882521,19.071001043884934
951a8ea7-b2fb-4fae-9109-52a4c3343138,8.694511185206089,42.78428834091724,8.762617607290537,42.304105127444984,49.5080916382788
19126a1c-07f3-4800-95a1-5e1ecdf4ed63,67.36534558128638,24.687253870702566,73.68874064938016,28.850963682083396,13.682029807087424
89394469-33f3-4f92-b6f5-09be0246128d,23.998136736879264,29.550726165947356,28.531738243601293,31.58367528410745,30.89693318107102
5bb8eded-e167-4a1f-b367-f14a4dd7b6c5,24.139401533980184,24.011797986564332,14.323775105254496,3.6602170041037607,23.77333651556999
26eedd1f-455e-49bb-b4c3-95f030538b0c,88.15565119207227,88.15565119207227,80.43878656717771,80.43878656717771,16.8230378247228
7b7884b0-cca0-4ee6-bddf-80a5522705b8,24.977924362132793,30.2690484910661,24.943762434390145,33.623767166560754,33.64749470644358
080de6e3-93d0-49e4-8f08-8ac04a1a4950,3.7084866166724546,3.018145338298155,3.0490032148122865,3.0490032148122865,61.18006316375048
3ff4378a-df39-47ea-bb38-62c7a3a83c39,11.71899439615376,18.04831560730804,11.161556747598546,9.490483285637808,29.827197100249787
408ecd16-b03c-4378-8de0-78bfcafb0adf,3.330652644445038,3.7143477173160555,8.60140534659762,5.193494981243997,6.292242590914329
26a8ec51-37ae-4eee-abb0-c83bd3b0930a,102.30978393809316,97.5833011421947,27.669735959985793,25.716769013907847,33.94461448145707
edd04b09-f65b-4827-85e4-76115f2a006e,35.937581596580685,4.719416636609852,4.719416636609852,34.17142337420295,24.510445114322636
4f1c4f8a-7166-4b98-8e16-2f8b46b59197,4.289330838432148,4.289330838432148,30.544065073008973,35.759976761066454,24.210411837848866
3e9c0da7-548f-4d2c-aa0a-2cd20893b77b,34.47203336136998,5.349213381077762,14.509103053360052,10.138832984323532,27.401444605051005
aadadf39-62d7-437a-8703-bf4742a261e6,44.54554038037404,13.90256881468104,2.2242205250009643,4.685898387391132,34.61403621231366
e83d7c60-71d9-42f8-aea6-5a1fecb5cdfa,10.408658638954424,6.4201796809478875,4.7221398062502775,44.63236118520223,19.345216665919676
538dc77a-572f-4a65-9d45-6c6db6c34047,44.5721621684353,2.5404815721667364,3.078612126823683,31.016690951880435,3.3293113442819675
2274f683-7712-4abe-bc68-f6b339583727,25.662987612213428,11.357116651715348,22.18822728278981,22.18822728278981,4.570658949068797
599d3062-009c-46bd-801d-39c2596927df,17.258305203080333,10.703359456277441,15.913178900203128,18.99190169681794,18.99190169681794
88dee017-2298-4102-9f73-4317948e7d63,3.609985495983708,10.786643274005339,5.424749601899207,5.424749601899207,76.95014658000557
6e744996-c64c-41a1-9f21-0a3c2cbd6902,4.787341504841332,18.560095895360174,30.08732674780739,71.54490371917487,33.140004274273394
b9a2a7d9-1e6d-4717-bd3b-ebdd297c294e,38.27479599986983,45.9342246395795,6.218748801890065,6.452149739214763,28.821822263152384
719c6fd7-0519-4d91-b917-07c745eb35e9,20.87501759923346,5.705079812888577,22.90418374962705,4.891565040504481,12.539101834410971
714e5e38-c519-4f93-80e1-ecb62632d916,1.156934732230325,2.9115190931142854,19.31671462656291,5.445011629036894,24.41012857316064
dea41f40-3448-45bb-879c-3d06ebaf3e5c,45.99365778957685,38.929082077841485,38.142570130044945,28.645977650424264,2.7527382107300444
0c78ac22-7bda-4085-8855-076a8e9d389a,6.541523990418668,13.468944499156287,13.468944499156287,2.703144479475661,7.705199958599211
5bf9a755-0f31-4c4f-8b83-1ebf41e54cf1,6.857610311746848,6.857610311746848,9.252776540747234,28.488044897887626,6.254087898929655
97140512-8d13-44b2-802e-e050a19c7e30,8.49542235503055,8.233554317895738,25.90928868936021,7.817405713413335,8.821034460095415
4d462b93-f3de-48c7-bd80-7631a27f91d1,29.7128638178027,10.551061581444213,6.779306770708949,11.42347205110924,11.42347205110924
bc60d2eb-aa5f-47d2-91d4-29d95a16b2ba,18.00450994359467,10.752652935176808,10.609061636932822,10.609061636932822,14.361836705703205
ec65ed3b-10df-4b37-8464-092cb2854baa,12.096867397944955,83.60785283267245,88.12441283267407,44.66143329429981,89.71775263311179
5753f428-3a1f-4247-8d2d-72618a6aeb4d,7.676471682415781,15.820831074882324,20.050319367181682,19.183206861193767,25.004962499683288
590c47a5-87cf-4f11-8871-762ea61f6344,17.417128401492203,32.01273714873061,32.01273714873061,5.597140055713657,8.859325101242693
0c645d9a-4cf7-4f5d-b573-c5b81802e54e,59.54054653053675,67.70982121470341,54.074338544134484,8.387651402606945,7.269091421637463
58be6f49-2e83-4801-8166-7943ffb630f4,25.056810693172558,32.74473206350066,6.228146379127532,4.676228772190598,6.455144327308155
093a3992-4ba7-47b4-80a9-013124f122b8,6.487980370378665,18.07742426059302,4.300228056392835,49.09087781553328,49.09087781553328
a2344b19-0248-43b2-817d-2ad4f13bff78,2.9420011022593964,2.9420011022593964,12.424371838521635,12.424371838521635,9.143625704564677
ef8c1ddd-5447-4194-8e61-58f4cc373c1c,8.44170171050137,29.45084479917989,8.01246256437144,28.820337830442586,31.00210575882499
f970357c-0e15-4be0-b18d-b91f7fcb9b80,7.666969806400202,11.439160017918582,16.36317946892942,16.36317946892942,46.87907498459037
8aaebad8-a5ec-4fd9-8aa2-b4eb20a2b364,14.157030267741355,9.463738672093811,44.26489554358223,44.26489554358223,7.273393514561179
5791ef32-0b22-4c19-abf8-0d360a5fab97,20.44050345087086,13.431324390634042,7.455446094828463,9.88329182271487,26.84740308582816
a10dc04b-8ebe-4917-b9c2-84610f1ed952,2.6004660492163785,31.80902366388757,31.80902366388757,31.202411021012693,75.96473127943494
523e4f23-6070-4706-a2ab-a507e082d987,4.890209700703238,4.890209700703238,34.63749777141349,24.775997185963245,28.25285847177956
f3e2fa2a-826b-4b57-aaf6-3b06ae45e6f5,25.06654202055412,12.713468567201605,12.713468567201605,12.332654189063852,13.228922955614884
20589c3e-c4e9-4720-b800-8786763656f2,30.81957150890131,3.4013141224311987,3.4013141224311987,24.11092225647469,28.88585406879104
05954293-ab5b-41fb-bad0-7af51bb83085,15.042949176504262,15.042949176504262,26.66358724780526,5.330583048514953,5.330583048514953
7a3b186d-f3b1-4252-89de-8759ffdada45,68.38706776508339,6.817017605568295,100.8223010952753,60.32172865119625,52.85599198086591
3c6c8563-5b3f-45ad-9b42-3081fe400b20,13.647998536532615,18.57117789983013,14.303744671673751,8.366320451380277,11.66711076251109
180f4052-1791-4a4f-ba9f-1ae0413e849d,16.87248032833901,18.46514672514301,24.361956640932867,17.732478916645587,14.363851343461684
64ff4ace-9b77-46ea-80fe-53a9647d8482,1.1871206856437375,33.85564070751124,1.5496823385352732,84.94741856186876,27.39550172579305
d33053f5-1950-4906-8df4-8c54a1868729,56.568134038148145,10.286703884790333,11.121213403615137,10.208551954651732,8.485024103264383
5d06a563-b633-49b7-ad67-006132d90d43,36.95757989360434,4.817502897977944,44.91044539263762,67.99180909560152,47.06703133475868
825a0183-1830-4fd6-a1da-7204293e67c2,13.397601098854098,18.776799545561936,18.77970611313832,16.067859342430218,16.067859342430218
dab42750-c35e-4aab-9bc8-dd91b8549ad9,7.688821492541327,5.060770659068973,12.717470972955212,10.239586307497529,70.50123736538252
444de257-690d-4981-8146-ca728ce5c873,3.9008700945618955,3.1020659539497464,102.0219726263586,7.762742424361701,6.955915403498648
bfc02137-12ac-4553-90fa-26eabdd34ac6,2.9368473825948183,2.9368473825948183,16.194463880175295,55.22576656448383,5.4557989846866475
b51a8895-56c8-4a36-992c-b76b1a6c4a24,6.46222525285249,2.891542582253112,3.8979240159732598,11.861515273349232,11.861515273349232
c78e4c68-8eed-4af7-ad2d-18d1afa55013,6.109866009211084,3.6040891106252415,5.748725236479585,14.684801872207066,58.79379567715827
8f09e130-a99a-412b-b79d-008899f398f9,102.20416598310243,37.87469671104695,75.51341943493446,63.4718050646658,18.31686030618766
437f121f-1cd8-4edf-a201-ef2231e6ffa1,86.62401249261218,22.81723363838671,97.17194511845963,2.9932636196298072,2.9932636196298072
bcc23bdf-39bf-4354-aa1a-ba09a9c2e324,41.57949164189521,73.56317102965788,82.46080282995443,39.857361917045054,35.46833109434574
a7356a67-1eee-458b-99cb-503038900067,15.332620508862776,60.1958653716086,53.0951329841908,7.385136032383189,13.702698207264643
aebbe8b0-cf72-488e-97fd-9d5b88c10316,35.22024664226004,84.08797084409807,82.76894973924635,83.46615590276978,88.27812880865523
9b96305b-2bb7-46be-ab22-8b37ac0c24a8,37.30202050679227,66.66650737792828,72.43627574156248,77.9593963069874,27.9013434718389
f9979d52-d027-4bf0-acad-939270beebe1,17.4918186351029,3.4374037721007804,17.73235098186968,78.93021898956438,78.93021898956438
a9fa5332-5317-4754-8d1c-8e36e02628c5,100.5815773450924,100.29353127315107,100.29353127315107,69.80093988040528,36.781856824924695
10d8050c-964a-4fc9-bfde-1220487db93f,8.228609578103681,15.355341335509797,38.558491168993385,14.710036439844284,38.410268315207766
ce3f61c2-47ee-4023-adc0-6b2c2be5949a,8.3159760254197,16.2488430565559,33.15003521842951,12.287240470314515,25.324955214088014
0b7b2612-81d7-494c-816c-d15bcfb2d0e6,19.244253854442196,16.359590367160944,17.245273051088468,14.922325089331782,15.546247899252089
dba978ee-f431-4a0b-b017-f57f909ada9c,14.559335490132447,11.2045982277726,11.983369502445711,66.86269344775276,8.671096432041978
cf042070-7eb5-49d5-b207-86905260774b,50.14270622749492,50.14270622749492,5.430989017724668,5.430989017724668,4.795004763918177
9a1a9531-29fb-4d11-8b1c-3902340f0504,38.466586843325466,52.26806797116259,36.395285983277255,31.34644634561713,20.460191760853913
ce51e8c3-0042-4730-af42-376369260fae,20.794679660078607,6.449884814515812,1.9799184355628414,21.182228451555524,68.7501519002016
de387110-f1b2-4353-a51b-8fad0f81783c,0.9703937379172245,7.182864983828934,2.685001830143062,4.765019189091107,55.61630462577036
a4126642-9306-4052-b0ec-7c0f8b5b3dd1,0.2811443516823928,45.69315948738641,10.564267129258024,38.09650194911083,10.363283086152324
80326c05-bd5d-49a9-8cce-cc033fc6a8e7,0.6186468484134735,15.582143300580675,16.875075416920605,2.976318771110856,7.167282183606114
6f484ea1-7ed8-4cd5-b2db-5ba8152fb104,0.38055433554150986,3.5884462848718326,50.177874706029435,7.082700875655832,9.14255205702915
65c10013-4165-4286-92c7-3228985ebac7,0.18500253891115087,38.60752998611024,45.404479032398825,2.7048674104544794,45.6660429520238
95494df3-fa25-4c31-b2f1-4378ec716902,0.914601541618417,3.197707216167277,50.33935261858507,73.22925912061046,77.90735221549406
83017d2a-eb80-4541-8af7-31454c97e9c9,0.5150203649567939,1.4630464992772652,6.084305675301162,3.878671243239223,8.146453566284459
8cceb134-ad3c-4caa-b322-55d392f3b38e,0.4599574755725756,1.9842282632975916,12.343721627320878,20.211676819116768,3.248157283673608
