201b0967-3402-4f25-acf5-9f9e7fe1462c,23.66661995194357
1c5832bc-26f2-473f-aac1-a858a00c4029,45.11361760711264
4a855bc9-4a42-4483-8829-c08960430a02,5.302078065179946
9e052c90-d030-43f6-a676-f9d92de96d6f,1.0292297613258479
eb376ebd-e0dd-42f3-8348-5261dd3be1ae,0.9484881385262168
25a06a24-6438-4d08-b1c3-7954b800b370,48.303448879858756
8cb0eb40-d9b0-48e3-927e-7fd6184b018a,1.6826845698195678
455d369e-cd8d-40b8-bbc8-a902927a4b28,0.6444184636831071
2e81330d-371c-4a2d-ad2c-ef59bfca8387,1.4405930968295988
a159eb59-4cd0-40b8-8511-735b0668cf99,4.967444895661423
599a208f-6ecb-466a-8b0a-6444b5e2a796,18.256751329316224
7cb8ca64-910d-4b18-84d4-99e14152fd92,1.0653476780269389
6164b78e-8e37-4ba3-a907-b7b68ddfc9c3,5.006281197681644
6fb22167-6dd0-4ed2-bdf5-a2cf0ccb944d,41.234595961524036
1e1b48f3-3ee3-4445-8c89-32e01e6ce92d,2.606577823123753
ff6e63f6-6a56-4745-aec2-6510d5c0d3e9,0.2038621909591774
151d8130-1efd-49b0-820f-81ec0b42f3b8,36.45983614377241
7350dfc6-4eb6-4b7a-92bb-8f60981917d1,37.133773625432205
212d0605-79f0-4687-ba83-e17685397bc4,2.0120470156248675
035e2841-6fc1-4556-8993-ab955460d09c,0.9964900760095936
845372ca-9252-49eb-b021-a79e15e5c5e8,53.72650448383534
05551f5e-4d51-42b7-a8b7-75db5bdeee57,38.7886896424363
e016fe07-997c-4927-a564-30dcce6ac371,10.506910222974168
885f6654-b25b-4f24-bf1d-99bc5794f355,17.365494224520685
c77d7bd3-7696-4f25-86f6-8e2a2469245f,16.416328779067012
92c1ace2-bef4-4941-9760-36bd2ba14814,3.00122791930772
2721db63-f6f8-45ad-9633-21ea8d744159,2.2591210613479697
270b204a-5b01-43b5-b294-47e586962e3c,13.463102911214754
da5e3f9c-393b-4d98-a026-f56439cd172e,6.6508475728052
55c631b1-b8c2-48f7-8367-fc489de9a8e9,21.29015598594824
9419c8e7-a6dc-46d4-9102-5654d94b163a,54.245347416288894
91193f29-1eed-4bfc-961f-c2eef8cb9fb4,18.947676443241534
75440c2c-6c0f-4536-bf34-d37f951c5111,8.453692225450459
c2e64c19-5b54-4534-8f12-70465abfc5b2,11.005004862266768
a862a5a9-ddba-4a8c-b65b-914988123b28,20.166149020833487
78a8f131-717f-44a8-99ed-49b9a32de183,2.49399032483369
bf600a43-35fd-4c19-97af-57de75e9ec88,4.635977548237022
84693c24-b22b-4629-bb66-d98f0007c9f3,1.2113523123097756
bc921af1-8232-4f0a-aea1-7428c6ccfb72,1.8136315053202736
acbdcee1-5912-4e67-9493-724b840d7553,2.069019422587107
e528d1f5-75d0-47a8-9d20-48d31f244311,12.616754929257986
63e1adfa-d552-412b-bb07-fe247d0ba407,0.730096219368481
d36fd379-565a-4fd7-9c6b-2902ace65fde,0.9618838242040499
803be6bf-b82f-4a24-ae3d-1403aedd241d,2.3879479849107
e8deb9e3-3c70-402e-9c4b-6d7e67e4b458,8.837143673799982
420f0a50-de3e-4b25-8b42-f9a1050f52e0,6.701892533561415
d2b451b1-722f-4657-bcd9-efa7a8c91390,0.6571440022549538
c9b63792-d5d1-4685-915b-d057d13420ab,2.6866821742692695
ffe1fc2e-93e1-4d8f-8869-ad600ec64c26,51.2597248855807
2c3cdd38-24be-4516-b6c8-87e82c9292a2,3.265618879240795
69ddb0a0-50ea-4e8c-b3c9-0ba28ecf013e,6.936370564647909
72eea1c4-ff11-4ad5-abcd-15a3923b513d,44.70267712327368
bbcdd6bf-f263-41e7-bf4e-bb00a35f0ee6,4.068210819803489
57489ab1-d281-401c-97a8-fd2029ec35b9,1.7112469421358647
58b2ff95-4b85-461d-a36b-3e2ca7c26ec2,1.909544699081623
78205a9a-467e-4509-a910-87725f206d31,1.7356898923924988
5297b188-db4c-4682-9d74-d9c4c2d9f8dd,0.9351189411975863
7d37eb51-20f0-4cce-869a-600547a0c214,0.6306766734107955
dc7ea937-7734-4490-8f32-cceffd9fe4f0,2.591230156075767
893ae038-23a1-4a6b-92ab-84bf6fc6c4a6,1.0682136599699117
4b1a9cdd-d81d-4c99-b7d9-87cb34d8ed30,2.6651754188102026
6f05fd0c-872f-43b9-93f3-84c26c36458c,1.0141046583502775
55b48ebb-d99b-461f-ab57-bc202c5fed52,1.7804042429939169
8cfad19f-21fc-439c-85c2-62c0f5f9c51b,18.14878205254956
04f57fe4-c5d1-40bc-8577-e45daa7579b5,2.1163000825862524
5441a3bc-86d9-48e3-bd22-c67c54a2b6b5,2.1460928288482544
106fbd94-0175-470f-b2c4-c56399054861,4.904669380034268
de153cbf-b834-40c5-98f6-73120c1224a9,24.503272160101986
519de39e-5f8c-43dd-8ee7-d2cfb1f6b396,6.944486143039736
f0b2d2c8-7cf3-4692-9caf-01b3a8c0c6b0,7.161996550184502
557083e1-bac4-46a8-8472-c8fb871f9305,1.012145081481079
ad6e1a19-4a1a-4812-8f9e-9012c0179ce7,13.834490557865562
cb70f01a-6f52-4f9b-8789-6cd07aada9c6,48.47977781652007
1c0e6ecd-eaa3-4209-8498-371f64ce7b2c,8.34373052101695
3f50c621-0492-4fe0-868a-77b2ed38bfe8,3.023673576154855
135c3941-068b-4062-a12c-55dd9933a654,30.236884081759506
eea0a0ab-bdb8-4423-9cb7-436fbac514bf,1.4706538771397557
1be7afcb-9903-4039-a550-4e30569041d7,23.66077088571236
9ffcc849-f9d5-4a92-81c1-0e774ff065a6,6.5837087724747825
eca5c9a7-4eab-4dda-8352-2ec06f8d46b6,2.1922789766257442
9cf59dbd-eb53-428b-aa04-3990449bc6db,4.898904906462068
1a8c4b10-0223-4b8c-978b-22d471230162,0.29251489785048046
e95efe2d-3e52-403e-a398-ae3ac7109127,6.795782951889882
7f575508-c8a5-4cef-a5ad-0479714269ea,56.22860525319748
50744f04-c41b-4eb7-bbc0-40d306ae2849,0.9448451460514479
2bf1eed7-b0a3-45a8-bef8-63a453bd1491,44.54496925616088
20e79840-8408-44b1-832d-62f6f749c2be,5.144470300111664
d512c410-b4d8-4ae6-908c-f6430f82102d,1.2885137426691755
b45b8e5e-d9b4-4aec-9e65-18daa393e25e,6.349114637993517
56b91e5c-9602-4776-b24b-f31f1c02ab32,1.182730109171995
694d004d-f2e2-4302-a1ba-9b071dc9b3d7,0.2893414747570904
53f1b31a-f357-49cc-a5e5-c33710984d90,0.36792594808930856
6abba390-9d83-49c0-b970-8495b56eb792,0.6904573620526339
9f7fdf5b-19d1-4c74-b28e-a13489f6e29d,1.9464441491747264
c6ffb1b2-143a-4abf-8f30-22783389c81f,2.8210944848830026
f2660888-cd5c-48d5-8e07-ab455b132985,2.1151381386835633
bf282306-391e-4810-ab7e-f33c455be541,2.8629690310810605
7ed933ce-7003-422f-af27-276d3fa6d178,6.568768992941099
0dbacce5-c70d-421e-914b-b81cd3fb78df,3.852292792894327
d4b90d2a-54e1-4807-a2f1-c7e8d432ac17,1.2943865572326092
842ecb35-9a8c-4d7d-8272-b04c1132e17d,40.84904454938876
c383cb16-efd3-42d7-88be-695366ce4dde,1.9302367158599276
93e74c25-e625-4004-99f8-49fc96c724e3,11.501067176750722
e0206064-b5b2-4399-b08e-b4ebf7511345,8.971599893188921
f90561b6-6eef-474d-9cc4-a2d70ec7a98a,12.766311008641637
744851b3-2363-41b5-8f9f-3468306a2a3f,11.366085780942383
fa35471b-863d-41ec-9cde-cbde02d38b08,50.7297740553236
065404ef-d81d-4d6f-a457-d9deb6456bb5,7.729157246636525
2d7cf3f1-5a8a-4375-9e09-11dea7b62902,1.714461936747995
e165021b-fee5-4cf8-ae41-0ac776a87ec4,4.540064011597949
5559e8e5-c89d-4e4f-8c9a-313744f10f0f,47.845406873437945
b5011572-19dc-44d0-9781-0d1c3d9e8536,1.5989008930660686
a5972b5a-011d-49cb-a32c-fa915b18a253,0.24029619827738274
7e50834f-962a-46a8-b730-e343d7d3abf3,1.0217087297216183
4f730156-226a-4a22-b028-fb2f0245562a,2.236519879202415
30ceac02-feb2-4386-a1c5-962a69a0510f,0.6984971830564567
cbe3f9c7-7b05-49c9-ab7d-397c2da89b09,13.07604867833492
eab89def-e170-46d7-86c5-a29366f6f993,11.041448281203325
8d554b1f-6936-4352-a753-165f216b251f,48.597089627791334
4e124b05-0e8f-4204-8c21-a184ade51d65,25.457850872152616
f702e2f6-fdee-4f4f-86c2-6b6d8c74675e,19.72424012922776
1e2477a8-c280-4cbd-97d4-4a5f49e4b990,5.235368433579537
f7763345-d7b6-43ca-8b9b-6225787399ff,42.682249043632574
9f422348-5b65-4059-b4eb-f3190957544c,23.655858438563676
53e851ac-eb19-44a5-a2f0-bf24ccef91ad,7.925483299974156
1c0af6b9-1f27-4319-be67-42ce6ff9527a,7.580046063077092
d322ff86-1bc4-4cf5-bf49-b58ff63edda1,2.5411665170953417
5356f772-6c96-4be0-b920-e06859aec628,5.904504055768541
d74edfec-f88e-484f-8cfd-bf13a809599a,11.254785556595747
3b7ce730-b5e5-4171-9601-35be69f6fb80,15.911430206720379
5f6a7408-b113-4390-9b48-2639e66df51a,21.51773091122548
97eacf8c-cde1-41fd-86dc-79215ee5f15c,1.2729164403955182
39376c7d-8cc3-44fc-a895-eb2fdd37d6fb,10.812799124975616
69918eaf-6fc6-426d-ad72-8f44d3e581ef,1.0940211960630883
7efc0d48-6f7f-4efc-99b9-48f191be0a09,2.1178208406046743
2255e600-04ae-4865-b674-201d0744c8cd,7.504366846405449
ddcc2044-4490-4f2c-8a7b-a8406e97de40,29.47526231311435
c4efc761-5619-4f82-848f-77255c9128ed,11.793815972823577
9d7448bf-566c-4774-a022-39cba67a79ee,4.161718634863159
0ad14b0b-d9a4-4447-aa37-dad735380fb6,3.3651624661119905
d71ffc43-8e89-4df6-b25f-1cf14cbcbc37,15.815079230710808
96bfb09d-f210-4615-80bc-be234639ed7d,7.2666624283993375
e5d0c8cc-88a3-465d-89f8-004e143e63b4,62.64343254877354
f9512768-7700-4e2a-9115-ced6a7a8be86,11.590062591045719
9ca8ff64-baed-4001-9639-5fc3fb1ac005,3.8147842584075913
7d6b48d5-3e54-427c-94b6-73adb8597200,15.645652749957032
089b5046-0d2a-4024-98a1-e60041e2c90a,3.5829093436888395
3eda9cb8-37e9-42d2-a969-3d287aecb0fd,4.082827408015878
26386ca4-6f0e-4055-a16f-3471148693c2,3.2161469870818524
ba082076-2963-452b-94a0-a18803ca8539,38.76144346313009
22af02b8-87cc-4792-b964-bef592e7626a,4.5050121562453
24bc69d7-a90b-4ada-b1b6-75a72e84e3d5,18.610641010278023
56aa8a37-29d5-4482-9150-1da041c67e61,1.7513056645516054
f0b08e40-ccff-4511-bfbb-b319b6ffed3e,38.93518099303309
1f7b8957-ada5-4d21-af1a-f7f08d5cca24,17.152600819949296
3e49a7ae-d230-45d2-91a6-1a02ef61fdbf,0.6497534027031249
f633bea6-5a95-4ca9-9869-e989ec254f56,5.075657609204099
6187854d-9e82-4ad9-bba4-03e38f583fe6,2.522998959938463
03c398e3-8c15-4e54-aa80-4f76c525237e,0.9812579562857203
18eb31bd-fec3-444b-a643-ac9487b02168,18.040421763844165
a2bad4aa-cfb2-4c3c-843b-ef18e709bc0a,7.15991895270757
45d97e3a-1af8-4b9b-8aca-ede418ad6934,0.45617630035763085
d84c722c-c262-4255-80e9-803b2cb47f65,1.5545459780666981
4b2386fa-fec0-48bf-8fd0-743d020fd89d,7.518257668029324
6abde412-9abc-48f8-a0fd-963b9f42ab75,0.6659159603133715
c2e1406a-2602-4c3c-9224-2eee5fc8590e,9.656113962467883
46dac42b-10d9-44b9-8586-445993599828,2.026658395844808
55cd38c6-539a-4359-812c-7b144b4ea9ee,14.897560168600805
6eb0d953-db68-4ee4-a767-2a64f24c843e,0.4714274634428111
569c9268-2e66-42c4-9d18-9d8437d97669,12.146794370993279
d3d83c25-a7a0-4871-b3e5-08d75828705b,2.6119227289609954
ad516dad-8c58-4d4f-83a8-bda375d3968f,2.496674498458467
74a90a9f-9954-46e0-85e6-d2a556ebc6dd,0.8328408086609681
cd92b47d-9d2e-45d7-adc5-9286dab24a9e,6.836881958313972
ccf831f8-debc-4e9e-ba40-eb8e5eafdcd3,8.690629274930874
51223dec-95ca-4325-abc2-24b0e7e010c1,4.000011964868033
1748f658-3e79-4f0b-8e60-75a001fd4223,7.738657425841061
8d7c3afb-5275-4e39-9bf7-d996c1601e1d,7.372120176774713
38f024f9-5ed5-40ba-9bf0-f5691cb0c85c,10.48289618160233
253b5634-6cb3-4829-a43b-04c40404c8d6,24.782338060067545
864a138a-0ccf-4901-9d7d-90ca7ddbc86c,28.922340845307637
f5ed96dc-54dc-4eb0-89a8-494e019b8998,3.253347787834864
a6ecdb60-7cf8-4d5f-b112-56b9403687ad,10.006147697557962
60ab94f0-49c4-40e5-b4ca-27199b1c0553,2.683397370476251
7ec0ec05-4c48-4863-afb9-7f5065a74506,20.12004702160578
b31ef253-777c-4e89-b4ef-7559e03a3b20,12.792701001881664
b1850b6d-a08f-4504-9459-3cdf09594d73,3.003286209444954
83578864-688c-4fcc-8ec8-fe1afafa4144,4.556259551399215
dc456966-db6e-4afb-af35-547b6d3d7887,48.03519340145966
de443054-e294-4063-bab4-d74aba1680b9,3.311112812848291
8934f2e9-5db3-447a-9019-e60583550e4a,1.6436461801983968
c00a43c9-2830-493d-bcad-91a7c11b986e,1.5777327040277174
f0698c5e-1874-4dd8-9ee1-c4cf4c5c9407,16.739552171721698
864e44de-55ff-4aab-beb9-7ba74856d767,5.188241039171418
67fa60d2-7e77-4c7f-bb34-c855292fbd63,0.9346377148045872
9cd783f6-7ed0-4045-af36-176e771eb376,0.49180377901015654
b8e74bbf-9fc3-4ae6-b77a-ba752ec56f7f,2.4942830192222445
ce1d8d2e-170b-48eb-824a-103d3d3019a0,1.8186262193913436
70cca0cf-2c24-403b-8590-6964dfbe661b,11.634360773455844
33c7526c-3bad-47d1-abaa-2748142becd7,12.064786810819404
ba88d816-e4da-4e3f-987a-c22d512929a2,4.695260940132886
99ac4573-78d7-4373-a20d-3438eefae02f,38.357649733541805
7ade6196-337b-470a-bde2-0e6199670469,29.391815886619366
b3259a1b-1506-48a2-9f35-3ad2266fa954,4.6334582396097
d7570148-b0a3-4b72-8fef-befb30f49edb,4.176314009642124
2a504a1d-7ab3-49b4-ad09-67a7747b9583,4.514812452769345
401e511b-30d7-410f-acb4-ffe3d7050a14,4.596596087135349
0b31ccd5-0a66-40c8-ab66-bbb670390639,0.3772603210862181
28a6045a-338c-41fe-9214-a8792fffee3c,1.4219697011839973
1954a705-ed78-4563-8e92-79ad02b07ab4,0.41178815411184516
166cdc74-2f3d-4043-83c6-cfa7e775cdfa,49.18986679977734
a01a030c-c334-46f8-bd51-3e58e9d0c709,3.556289424434662
fc43265d-cc75-4a82-9bf5-1181fe0742c1,7.447451156802988
91ab545f-1a2b-48e7-99b1-e4d419ef524e,4.930371244826386
bd590273-f25e-4d88-98c9-4d639975f1f1,7.266968975636352
b47b79ee-6b46-45e1-aaa5-a6e4a941334b,13.663069581475792
32c0f54d-6bec-41bf-83ed-cae70140758c,16.592092529681807
4b9090fa-2df7-42f0-9764-00627629f177,2.885789809619947
2043b27f-f8e5-4b76-9018-badb9e1be27a,16.04962569566218
6be67405-d338-41b6-8e04-8c8c8988eeac,2.466205164736022
7ee176bf-61ee-4682-a410-7394eba584e4,0.6747623856640221
24d97481-2a12-4e8d-b313-fa32175903c1,7.067485043702507
6df454d3-ccad-43a3-910b-f60272e33cd6,2.6073301192122336
70b0160e-a2b6-48ff-9475-fe22326f608e,19.040294063488485
b8ef1d2c-3e2b-451e-a94d-3acbf8f1a185,35.837276658762676
96a14538-46c7-4d70-9e0e-5147fa54f770,1.9928146502643833
978f8cfd-aa06-4b41-a2c8-99f0cbc8770d,33.058379231307576
76bcf1ab-73af-4e87-b0aa-40557389409a,17.863384463936477
cd55e57e-644a-4989-99ce-d46a0fc81920,2.83231164572266
6a908990-c9db-428b-b843-1b59bbdfe55f,39.950652694527804
c246ec3d-074c-4c26-97f1-371878fb45a3,0.9982473481424121
0ec66e61-09b3-41d3-b03d-262151bab0be,0.7334930186056479
549a91f5-1d21-4957-ac7a-37bc56dc780e,5.996371519078244
bccf7cdc-ab2b-4753-8928-f26b8aed7613,25.739070973861562
9ecc3f47-3c6c-4c21-942f-def3ef69eb6b,9.28056977174602
4d853f33-55db-4ed5-bbe4-7daec0330c32,5.8991027614383205
ce6c7d4d-362a-4bf0-8920-e4c92f670cae,6.812307765427539
020d4b0b-4af6-4ff5-b0c4-92e5485ae7e2,1.6431439249498325
1f93c1e2-75a6-4450-9001-ba17f36c055d,41.01210609320968
4d903b9b-4c76-4150-839f-3847bc0b66c7,0.9708676258387229
476850da-3b82-4dd8-8884-18182ce93b14,2.6658966921421614
387d96b3-6902-46fe-9405-a0fe3ce7be0c,20.467274906308347
089a9cb5-dcb6-4a5c-9ddf-369af88e2b67,22.631271987747283
88102829-68fd-45a4-83ba-b3269daa81f2,1.1690256737781493
f666bc0b-ec0a-46c2-8570-b13280210582,3.0126334813331703
a42383bf-cddb-478e-8568-75fcdcd408dd,8.708306514352868
640a75cc-619b-4a53-acac-95272dbbf1b1,13.52938046768263
abe4b520-dfdd-417c-894f-6a0d42519c0e,2.1697836452176054
c339b32e-0eb0-4214-a054-8529ef3f7275,3.1969016726926016
ca655ce5-83ca-4f33-a044-685d880cbb37,3.527740743198828
bae404d7-ee9b-4dce-b688-142c89e538ab,1.5796523987708193
5564c23e-8ee4-4d2f-9362-226c71f3a1cf,15.99264167230308
fbaf7633-5cf9-4170-a19e-18d70b9ed0aa,45.30740318606153
efe38dd4-9c57-4ab6-842c-7df43879ec7f,2.8293620926265097
77090198-d65f-425c-9b8f-8edfaf160933,8.591492148051675
e108fd00-ae31-4af2-8ca6-a86a454e137d,0.6458554656739914
df962d00-ebe1-446d-8a8a-cc6845400528,1.5793219496172441
c5e92286-836f-4dcf-935e-687f358df47d,9.361532650907018
58e7fdb5-227f-430c-b909-599dbdcacac4,1.0828091642108661
b0eb93b7-694b-4df0-9fe7-c0798b8b053c,12.767501419898435
302966ee-2143-45fb-85c0-896c0ef2b703,17.157764708287043
0c3f7c7d-7f4e-4d41-aa60-19d08284c55d,1.6530627363754382
ad659738-c667-4b78-af5c-d12652e436c1,7.822902973274068
c6e5135b-88a7-4dd2-b312-61e570c6bfa8,8.515699454898485
fd2d88ed-5814-4726-a2b8-99edf9ab2d00,44.74373370148167
3546393f-d852-4d31-9b7c-e5a5576a5e3b,0.6698773211884506
43390b2d-5eca-48da-a626-1afefde8a7bb,0.7738792951532922
d3573ffb-b94e-4e94-92b4-2598ce362676,3.2805814650540115
683cf055-72d2-4f1a-9f58-fa64d56ddca2,3.3011507801473283
5fb781f4-2fc3-4e78-a38d-172e2237e8fb,1.410785077040127
93ca0376-b6ac-47f1-918c-f8f7221e9c02,2.2481857191645056
f7486591-b79d-4828-a67d-39eec956d993,0.718150519811836
d19c9b7d-1c9c-4641-95c7-da857fb22c2d,2.0627523959582637
6bd3e4e8-13b3-4162-a4f7-dc9f592d3854,0.21213257993805432
bdc61db5-e549-4e33-81c1-74de6e73fe02,2.370069802184937
d7e72181-dbd3-4877-a4d6-5c7d6127ddcf,25.779675291877712
d3f8b799-064d-475f-9863-769939ca0c94,1.0639899459773354
9f241f05-6375-4ba8-aa6b-eb79f165fb61,5.35643799104674
09136a55-3850-46ce-9a97-0cbe0c444f18,4.3273842848433866
d905ec97-3449-4a0a-a857-acb146e3341f,1.7302602360273651
8c02c172-7be6-43d4-bf20-9d7b7a164fd4,0.42062938488049706
54a4ad01-701a-4b08-8e43-72e7f6557783,0.4423139615874039
fc2e5a2e-4ace-4e2e-8794-01742762c21c,1.4312639916445429
d6805acb-23f9-4ac0-a740-715d2dc8e174,15.779901849169862
fce682f9-42d1-46ab-a07d-203b7c3a01ab,3.838420177781461
5df10331-b78b-4d44-a20c-8bc6c941a214,34.348450703540564
419d6278-43b0-4291-9711-6f07ea7efdc7,0.7791509037413744
74ed51ce-7b5b-43e1-8bd1-ea77f75fbe23,39.013286229773136
6d7d2a09-defe-4051-976d-905ecbbc0b9f,2.6067334888737954
77cd817c-a50e-4634-afde-db9b10efd203,1.5832387833133152
6a4e9da9-8182-4b4a-b68c-ef4c22d3a64e,12.291244272539776
88e611f3-8066-45fd-97c5-e1eed6558045,9.10963401862665
eb6a77f1-c5bb-4565-b995-eeac549775c7,13.284012842191283
01682d7f-f085-43f4-9772-f76e84a37337,21.417857481214373
9a5a5142-ef16-49b5-a0cd-e59680e1c769,15.777604636622948
b14a9ed6-0186-44e7-ac3e-53ceccb332c9,10.57287383034291
383d8497-2aa3-4916-b517-58787882a552,20.955013906836644
2cfa2098-c86c-426a-8120-dc0e970c04bc,17.078110376127032
7835b3ac-6521-4315-9495-16d101e60d00,22.705991185673394
68fea2e8-b2dc-48a0-9257-f9bfd2f92adf,0.5964467317633133
fb43263f-f6c1-4789-9bd8-b503d233d525,21.644963729221853
f7675854-9216-4da3-bdc9-64f1ac825b23,2.492551516177109
41acbf26-63d1-4568-a5f9-3492fdb6e72b,2.7938797923525676
ec0ec068-c8d8-46a5-afe8-7c62bdd72993,5.473182014678896
3dbc30e2-92c9-4695-a938-49971516cbb8,53.8523073231649
d8b68ba5-e082-4750-93fb-3a4b82fdddc0,0.8653594197094575
9bc8e65d-f301-4000-b7f5-221cd79bdf41,4.746040741365001
679b6bc2-ace3-4dfa-a3f5-6393f1f1f599,0.46741308823173966
173da7fa-b0d3-486d-876b-9f679f3b9044,33.46174485538949
6c6ef21d-cb8a-401a-9f41-5d7a34bd2cf2,2.5182167227820687
7b352213-57f7-409c-a8c6-35c9b4334b42,1.568167177473398
738d351e-b2af-4431-a1ba-c4bbbb31632c,3.2355736333579403
29922885-611e-4023-82e2-c6ae1fdb18d5,8.921497597766217
c1a9b816-0c12-4d79-beb2-04626585e394,1.0658042205787686
5d3c4bea-a28d-4f61-aef4-1e3c9e9dd0d1,1.1059445399866004
0cf11e3c-4670-4964-b4c2-6160545b4c89,11.953942142208476
20589482-9e09-4487-9da0-877e6b2197ad,5.858739316502088
b7e268ac-ab5a-41dc-af58-5806a5349cd1,0.46875875296521796
d48a901f-c7be-42e8-95a6-8cc17deacbdd,23.8791018994663
ffe73b9b-75ec-4963-b40e-917c8b18aec8,2.2472796462051
39f93d50-4b93-4e15-8af6-7e58e7ccb00c,0.6984325095336309
6f12733a-683c-4072-9da1-95227c243e50,4.505350248260441
b61f1114-611e-44f3-932d-ff154c7fa075,60.02591207733613
5e47cc25-1400-460c-8fe3-f7d12db6f609,0.917265925988109
207e7653-27dc-4aec-874e-0674cb315911,0.5432953947698798
277f4ce5-6848-4646-94e0-5b18273af9d5,3.842278753460449
58da7ee6-6a9c-495a-ad3b-1431e189e0c3,0.33463266159269206
8919d18a-c750-4010-8048-3d14464c294b,0.35358575214956317
127156c7-e297-45bb-91a7-825663768e60,2.2709216326808837
b238a04b-7e43-4133-8639-7436c13ef181,6.6234913709596706
d6a2aee1-d87c-4664-b760-0b468bc3542d,0.8826746439573023
6d7c9428-18ea-4471-8586-56a90ec9c240,2.356133224247053
43e80076-d01b-4cf0-baa3-11fdd1b2a940,2.7963362289067346
03e4196d-41d4-4bb0-97e6-9ff78e9e2a64,5.430650489685157
017dc864-227b-4ff9-bb39-18d7ea65eb91,2.9791930626280916
352dc510-94e7-4eec-8d86-9de708a865db,4.336001507522126
4e0730ea-9f44-42bf-be5b-32599467ff59,3.0685729397465837
a955e6e7-464b-46d1-8df2-372e2e91db7f,10.271689265803289
b4cd6569-71ef-43db-a0e9-7be50bc440b7,3.802637564710853
45e8d101-4032-4346-9376-107a674b594d,1.6450038689122184
422acdbb-4774-49bf-b17e-b297e07cda82,1.0959855724975753
7572e4d9-dacb-46d2-870e-fac2d6a95e6b,32.48342227200161
4c43e4b7-b613-43fc-a10b-42851ace71a8,2.5047569122533555
79aba667-bfb5-4744-9474-15bc5cfbb1f8,4.432176718133123
c8bf7d49-309d-4619-9f65-0bf475afe8ab,4.659905322427817
57436a6a-2f9f-4083-93bb-ddf23d4ad852,2.620402890037692
1f0e666b-a9db-47cd-89f4-4ee3e9a89736,0.9909381984453565
2d5db3b5-972f-4462-9bf5-e1bd15667e38,1.032847045455848
757f7a14-1eb7-4c9b-a2d5-f8198b8cfdfa,24.15820274846906
e84b4888-29df-4e59-8f3d-3a14a310f4f3,16.537204811424665
d4e96df6-29cc-4cab-b861-050eaa21fab6,9.33861636987646
1e8c4126-2ef0-440b-8601-d0004b236525,21.51940172319731
beda069f-daa6-4f5f-ab51-8fcf74a493b8,10.03465144600945
de4ba27a-ea4f-4dfc-aa46-d066d104f6e2,11.78937331632778
f3117125-6b80-4881-96cb-a503eaa45ec8,4.280633554279264
2be249ac-c61a-4b21-9c25-4d98c0212829,0.9672460051022849
9ca7d01d-0019-4739-9367-27fe02911a33,20.869211274232736
35579cac-2043-48f2-b1c2-5dbf2097d84d,18.564764645185644
89c9b84a-6502-4fe6-b4a3-cc1d15f516ff,25.95285474036019
92af5c37-e0b2-48fb-b243-f1338ddcbcd4,27.423659892324547
2bde29a1-e197-4600-b28d-71a1258721a2,9.698604619559129
baca21c7-c367-4145-9eb2-657b740ab421,1.4792145706406852
0165f6eb-34e2-40a4-94be-42288a3d3da2,7.892501325094543
3aab570d-923e-4959-9d57-30a83c98a04c,2.6357483816634533
4769f804-3b6d-4ea2-822a-e3a8e9e45269,17.76049313967965
d697b927-528f-47d5-873b-9dd48b6fd756,3.8969328034727013
681f8509-71a9-4383-a625-ffed6f8d93e5,46.3817759822898
776c21a4-1d82-490a-90de-908f4949767d,15.823069280105408
169e3bec-0556-4d59-a9ed-10b53513f3eb,7.676268674773217
033bf430-5c0b-475b-a053-774bf2b03cb5,7.10505943195955
790f8cf9-fd93-4c09-84c3-9ab2549509c1,17.006473051481105
3ff5621a-64ea-47aa-b932-2ab2115059c3,11.469771946063204
22626bb9-8def-494c-bdea-951101adcd75,1.7597927014411747
3781cc07-16eb-4df9-9262-2fed98fa96e7,14.49418665752365
f14fc687-8131-4882-b127-c8221f913fc2,32.863642416710846
94fbf92b-7e48-48a1-950b-c41146a1f9b2,9.545247815775067
6ca11023-34d1-4f7f-8d34-7bfcd421dee7,7.060005526648741
7b67cfcb-7c8e-4f8f-a13f-a054df4922bf,5.865324702675009
21a442dc-3f40-418e-9156-c17c895b777e,3.9835077759883677
3e3b7ed8-bf5d-4e3e-8032-51b2a5a93bee,0.8465926363853586
d62d1bf8-fb76-4601-9735-20ad1c006a75,1.3255807255761747
93978ddc-99ea-4570-93d5-c60ea905eb33,9.73153755443752
e95f0e5c-e576-4e98-8625-8f7f44cd1f77,13.376526350650895
a29a85d1-8912-4c62-8daa-12b6b85d99f7,6.102956941128369
48909f55-e48e-46e5-8b9b-57a54ef220df,6.70531388106495
ce22be2b-1293-4e91-bed4-bb85409d982e,0.6577403567662408
ae244404-ef73-4326-be7d-5eb241d13e68,7.22721250870113
05844d42-2c50-471a-b120-43cda492794d,11.858921837606843
d544103d-cc68-4d97-b643-296e028ed08e,2.2704650615640523
b32a4fa0-fb4e-472b-a5bb-11cc6723f531,2.093659331682902
f3c93a69-322e-4850-a5f7-e9722013ade9,0.905737558874994
d1ee6867-37ae-4b1b-9271-87f663af10f0,3.430418602119379
ec0c80b2-8777-4c69-bce2-430a79b9d50b,1.316126814951215
b58ff5b1-df57-42a8-8ccf-beb8c20c3675,1.0525260869738853
1086f6c3-59a0-40de-80fb-d022b5de5645,0.7797028768859023
7a071a6a-faa1-4209-8752-661f6c795910,3.3212574774739716
a0631b28-4cac-4046-b04f-5b83610d5fe9,0.7139545147635559
460e1569-c1c3-4b84-aae8-771257d59626,20.69578528030829
d8b949b5-9c24-4f49-a589-ce62459bd059,18.988579987929544
11391718-4469-4784-a24f-c8ce1f862772,5.353086046745175
78fa691c-93ec-43aa-8a72-a1737771106f,7.2031653186664455
40aef623-508b-413d-8639-8e59d86edea0,5.9821978432563805
2778feee-0174-46fb-a92a-53595c4e8375,9.975839870973843
2665f965-6549-4d89-a596-bd7e47f19d52,6.467293264788209
dd3a6400-f010-4487-ac7b-4e92c7c589ab,10.916615496491069
ad7d4cf4-96eb-49d8-b46d-ab94a39b16a1,2.5287195474046116
5899169d-47aa-4b9f-9830-cad417496f0a,7.626438836130842
fae87b86-baa0-41d8-b60c-a5e317947938,0.6470784287997244
4ff8d063-b537-4ff9-9f2c-4f44173b9fc1,7.486929061790301
7e5706e2-7410-4ae0-bdac-d7ff5cf3591d,50.80780750967831
fdb1474d-e257-4bf9-9d43-8db4dc56f88b,7.594617323679062
94b8ce94-2954-4445-80fd-7fd1b69b4008,0.8725641573982273
13b22a45-e51e-4d06-aee8-03e64e56acc1,6.965614938681167
150907a0-7926-4161-9e49-81a08f8c6a84,8.66091940885105
573c6fda-c2db-45ab-b920-0e3a0d6bf7ed,0.5579493556097775
5c622839-ebf3-4372-976b-da538c85e4f2,7.7522880145009765
26b9f1bc-8b65-4e87-91e2-bbc81fff21ed,1.802867764591503
c2d77d7f-8dc1-4a93-80bb-53c817f3808a,43.44894276905139
d8e5e498-55b5-479b-ae90-02802ce8470f,30.548202909606385
725d7e77-bca5-48e1-bb23-4f099202be68,31.172402425910505
25739525-aa5f-48ec-a83e-14ece495861c,32.03652125235533
c8f0268f-ba2e-4ec5-95e2-26b877ab7cce,63.72645272861381
99343777-5ce8-4747-a1d3-8064176037e8,58.669457456676895
43752639-07ff-4b10-8056-a58d331852ac,53.231478767510254
4450147c-b13d-48ce-8029-7d538ac02154,44.27291472486242
4e106ae1-a8b1-4e10-ba8f-59afee2290f1,6.884147408645779
4243fa57-45f7-4149-b530-16c4e5ba5f50,18.461902365649667
c33060b7-b927-4490-9f10-8454bba19083,3.1998066224027166
73913c59-55bd-43fd-830b-d1995e4795d4,1.8220513433503596
e38812ee-dcaf-4466-9bb6-51a644a4ef4d,8.528936996025235
27bc5304-473f-444c-9796-553205d41680,1.3624993917549397
1b19d8a9-3e60-4608-be89-465c10fd98ff,6.808376751434153
4b2a91f5-6973-4dda-b00c-7654ee17cfa1,3.169605573864724
80c3a200-2c5a-45c7-b316-82ebf2f4be98,1.4717054355188965
46e52ba3-5581-4639-8b47-271f40fecdd5,0.7068617634252667
e6b1093c-d74d-4e45-b219-0b0b2d94d045,28.22970180791752
567a30e9-05e7-49d4-8eea-8d75f00c3786,4.244535721675823
d355ee44-53a8-428f-8b6e-a30fcadd8a14,16.361546648903612
340fb91d-00cb-4016-85f3-a5ca9325e357,2.3828838243826755
525e2459-a1ce-4383-86c6-ef27373a8eac,15.757803793221179
9921a581-0b19-4eb5-89da-89f86f3a5cb5,0.7766342758209899
3074f859-d26c-4fbc-aec0-9df425dd2f27,0.26448355967546944
d6f86c6d-ebbf-4306-9c1f-10679e9c6d13,0.4034462800544296
e12c5b51-3d95-4681-b50c-bdd588c3f5ca,0.8371269108238953
197ab07a-2282-4d17-b695-97ab32f3ec50,0.11770794022969629
9a521bfe-c9cf-41fe-b6c4-85e2645732c3,2.980440942342371
853476f0-5047-4e70-873e-18e0dc6b9fb3,1.5612373406462068
4b6f68ba-1d36-47ec-b568-d178a5d6f206,1.4202977988000653
35f82371-3afe-400a-82df-9cd6fb058868,37.32230771344629
8f51d210-9b46-4bce-a09b-4e20248a631f,44.87791939609261
2f43c6b5-9429-45de-bb14-dfd2a4636d70,5.7176810434501855
9a1e4d76-6892-4ef7-a31a-8071e0698e6c,20.912596140576003
0d90c43d-c5e0-4386-a10a-35c59fa87c0e,4.489036833176405
a0848e8e-4d89-4b88-b351-d5bf2b66b484,9.918569707106931
0b1f3ada-833f-4848-b512-7b83f1892627,3.076737525883893
cc984258-4ed7-4443-81f0-d4aa5e2402b2,1.7769535516404995
df62f834-3d21-4b83-b3b9-4ec8dfa81734,13.475961964481037
eafcd99a-f9b7-4b4d-b5be-d7e13ac5a9c7,1.4987912600934004
fdf3b34a-71d5-48ed-824a-812b10f7eda8,7.780435532058302
b26fabd8-5a51-4667-867b-73ce438c14d8,1.5140503638844067
b6c2634b-c1e0-49b4-b539-81699c0e72b6,22.45079486864809
4a767d45-571d-4942-a44a-ce611705ab3e,6.735379661592529
22390ddc-db38-4f26-bb8f-f5a5fab97b83,2.900950501606728
722cbb1b-dc9f-48c8-bfc3-5c095fed0bf9,2.7010359103576906
8604f8bf-daee-45bb-bbc9-2f98fbfc4dee,13.430137843873473
7b32e64e-9798-40c7-b125-df76000296a2,7.238809755812928
d3853690-2f6f-42b9-ae6d-7948f0ae3f5f,17.667160011489486
8d7ebe3b-4a55-488d-a218-410f7295dc92,31.75638145570399
3a911a26-7afd-40b6-986d-232420745ae9,36.822341496698456
8e309fd0-25a5-414d-995c-43f5f45181bc,0.43635173234235214
d3e9be19-e8d2-41f2-b38d-eef50c6535d6,47.93940744315622
a3172614-6506-4d8e-9872-8761c81f9664,0.08952365227245472
df557445-84ff-4eab-81ca-32ef7a336916,3.2703661722576065
ba315c29-be46-456c-a2be-88e28c301f1d,0.8488219431041795
7d25f879-064a-41ad-89e9-1feedb97c459,0.6051030409809816
d72f7a32-6966-4441-85a7-8592bf300b10,1.6664766313077186
215b6bc8-3be4-43b1-9147-ed60753c53fc,4.537996607236235
a1d02f93-be91-46ec-a3c8-ce6c844ac4e5,8.946161232732232
dbbb02b4-0738-4d61-86be-80c877d9546c,5.303028315316561
e96190f2-65bd-46fd-8fe3-cdba041d27e9,8.898588044446432
d5ea3091-9f8a-4712-a8de-0206dc2aa42f,2.2845703243895894
42caf09d-a54b-4be2-9b22-83f58ecc1a30,2.5123326130726613
6e511a00-2702-4ff6-a77f-26c1818d67ed,0.2794076006332103
0685b8e8-d583-4254-b5a5-de8036968970,1.0879070779335092
e7eb07c7-8695-4b37-befe-0c01b7eb8e50,3.971273324002765
bc352ad7-3cbe-4537-87ee-4680be0eab5e,10.497602913048965
8741b94f-79eb-40d5-9454-8e46cfb2f1a1,6.054727022869056
9ce16961-c157-4966-9c21-b8daf66c9af0,42.00284668401061
95bb6d4d-cb87-476c-a841-dcf39d311fd9,2.870881190251422
ad247603-3340-4d9c-a010-3bc9f93c0d8d,9.809845468027918
c2486a6e-f812-4e91-840f-d181b2fed7a4,22.606667109054285
5ba3db1f-09c7-42ec-8309-9dcc9746f89d,9.781306966486367
845a07e1-40c2-44b3-83df-501448699c64,35.97853665683986
93deebf8-c337-4d88-91eb-fff91ce11218,1.4997234938161255
ec27765a-ab42-4926-b103-6d89191e846d,25.894212705389034
8115ffa1-5f0f-4802-8075-abe703d3870e,0.8042580239035079
4e0401a9-3749-4202-b167-8c3c0ff6bb25,9.663290756173978
0d137998-dbc6-46f0-8d3e-183ff0864693,1.1022950549803072
d507ccd6-3541-4d7c-acbd-1675eb30a8e0,0.9664947753675895
aa2dc706-e331-4cde-9329-24fbde8ab8ac,4.0247697945621
50dbda62-b6eb-422a-a62a-4a74c7bcdc96,1.0306377661378163
eaa33e4d-2e5a-409d-bb36-a42b270a8d47,0.25695681728610376
41ae537b-b17a-4470-a1cd-6fc8d47547e7,0.43416806271976727
d9a77ff8-98dd-4e83-bf46-d24730cca2a3,0.5153616213829627
5219b233-4542-4153-a3d8-3e7472d421ed,52.173402912153854
7595bef8-d26d-40cb-8df0-23322d77fd14,0.9489038779662916
e7be4da9-a32d-4efb-b75d-57b27f701488,3.1932676462660723
7769124b-3789-4cd8-b172-ceec75efb41a,1.6423847305958807
a066f7b3-9772-4211-8482-89692cef5978,1.3114655949557186
ceb07f09-eb82-416b-9167-d7f693df682c,24.315763430411714
10207436-0c9c-4ca3-a903-c2cf62a000cc,25.348335936151976
09be36fc-e1a8-451e-8132-44f8b8048721,35.91836389252914
4fdff89f-eb06-4d33-a36a-47dba9742e70,3.490416227346623
30abcf8c-c7f7-461c-9c9b-024e50d816df,10.9622768374025
21361497-d305-4a7d-a60b-509b05c3a532,6.21457287883099
77fae21b-8cea-4297-bc58-876e2a859889,0.6185679084904255
69c8af35-1101-4f88-9a18-c49ce3691100,29.718748684172983
4c0cb4dd-54e7-4bab-beb5-84c01fc70aa2,3.4459083510486197
cd5823ea-6ceb-4bdc-8d3e-3aa26423ad53,25.66974445255614
aebf2c54-978a-45e7-9a32-8cc9be88739c,2.4486379661009616
65120d43-94ee-4112-901e-75b1c0bd7a39,6.642596539153747
3fe18c77-01e0-4621-ab5b-9ba8676d4daf,2.1729405781590074
389a6da0-f079-4540-ad77-0731e0d99690,4.988976030014805
fdbb2b80-82cf-4be4-a71c-1ac241d3e85d,3.066481497596574
c4015573-0931-4cf7-abb4-e722df2aa937,5.7031723574348065
78124bf1-2080-470b-9761-be1bde1ac7c7,2.734938640422572
74713620-ccf7-4211-bb48-1aa721711906,2.7261422788382506
52816fe4-6b16-46f3-aa6f-85a2510881bf,4.442594109460374
c1f90a20-8731-4fee-a31c-2a0c19605a18,2.8591919613149277
7b55b6c8-e165-4559-865e-d176a01aab4c,3.932665972015255
98c13b8e-5783-45c8-8c07-0170f86bbac9,3.121557605432296
7630284a-333d-417c-a168-9b0460012bf7,9.10019585592551
be789368-9371-4b86-a366-275d3652a121,3.3882418241714976
5e8ddbc0-fc46-440a-aed7-5e37c4d3febd,2.81933651482978
97644ab1-d0ad-4e6f-95fe-150e6008d02f,41.855587517981284
1936903d-3f8d-4fc6-aa0c-b200ef436a6f,2.381845726056854
a81374cb-e511-41d4-a27d-b1ab0efff8fe,8.615141934378155
0f1daaa4-1ec2-452e-9469-9e5c0e5b53f1,7.388746112324062
cdb2b4fe-e525-4411-89dc-f542a34a9597,4.007188697155737
dbebccba-051c-40f5-89cd-5ce3683326bf,5.086904925287559
e61aec73-580d-479c-8335-71b5aaefba30,3.546424962503939
15863667-38e7-46f6-8977-15a333938edc,7.146573254817043
0541b1ae-756a-4f69-bf7f-06e3f05c4381,5.945011762106028
fb852635-1bdb-4d23-9d84-811c84baeb5b,1.1279424143845973
fe1ffa25-804d-478b-8e68-c10565815a03,1.3207842047155587
287b6794-1e3b-4ee7-9ef8-59bdf63294e0,1.9110692817311539
0ffb57e8-4760-47d3-98e3-1870697b59e2,3.1684775681264767
d09db3e0-86cc-40b3-80ae-74b8ef0a35ad,4.732600032041104
553b206e-1b1a-49d9-8d8a-7d2ed23acbaa,18.608362405801362
f6841eaf-5c43-41d0-8188-aba7e6e12a93,3.329905224248419
57a31591-a993-4537-b72a-766bb6fa055b,0.9610513583108332
fafcd661-d841-4c96-bea9-ba892e4dc2a2,16.073615312982216
d6e91a9e-df4b-4db7-8925-4b46451cb56e,3.417401209925903
25295e27-5192-4691-89fa-b00f0d8c1969,23.8912638001678
18fdcc68-dfcc-4989-bb4b-495308764a80,4.951332706116184
e25db5f9-c586-4dcf-b480-9acb2f942e84,4.600348703508532
49e93e0c-9d66-4ee3-bdb4-5a12f0fd4f62,3.867617070332033
cfbcb8e9-fcc6-4f3a-99a6-8a203d9928aa,6.104494996642866
9e9aa674-d98c-41b1-9af7-1a27b318db6f,48.264609423212576
4d9fe24d-c95a-42d3-9ed5-8bca012c3a4b,2.6632712664288896
ae6a5a0a-faa5-45c4-a0e3-89f4084a79cc,6.5979401630430985
b5d24ca3-bf59-4401-9cc3-4fd1803b8516,1.1587903920990095
ac90899b-d0cd-465d-b20c-0c5c2c075bb9,0.6296870363109836
dcb87cf8-05e4-48e0-a31b-943196543f97,2.4536432176580614
3a80beac-fc54-4c9f-b36e-355c998be679,1.1139114729603496
e2fae72b-55c9-43ce-b1ec-27f86be377c8,3.193440376784339
83c9f5ac-7a99-4998-9456-c1cf121d9b1b,4.668785811314534
eb68596a-7875-4205-a6e2-e17df1252967,13.259083636984583
88e06a56-930a-4707-bbf1-b97df80a23bb,4.521582243928978
389079b3-ba81-4a78-baea-8e10c2236ffa,13.559026913871861
bf9c1ea8-b17b-4c8f-9762-d44687637576,20.44388876223606
d7e6cbfc-4694-4413-93d0-14fc7f8b8b34,2.564183048150888
5f078599-a58a-441c-9861-7af2e5f452ed,41.7358985087725
72639b88-3438-48f2-9e38-afe7df02b3ba,4.253441126301971
4823d229-61c8-4e58-87a0-885a868558f3,2.39794065702965
6cbe12f2-5434-45c0-a067-e6361077bd5f,5.598959607677361
048e9aef-aa86-46f3-ba7d-431e8d4f4e93,5.352984825631781
d4af3216-391c-481d-af93-7cbc441c77ad,3.4770399967543653
0f574a61-bd92-4778-91c8-fbe96e0a16cb,5.433249908197813
09886a5e-fa88-4221-835a-38a753ce1769,4.401208200951783
a6461752-586d-43af-825c-4b97d2ce2373,7.472374721460161
d2c3cdde-4d70-45bb-a0a2-f748046dbf43,2.481153122834454
c77b4ae3-59bc-4a6a-8c6a-604acdbcf0b6,1.4591978292230905
7e26cec3-938f-439b-b862-e2f22aed888c,3.415699457306602
b745686c-1cca-4d17-9875-76622bfc55eb,3.237729599395512
bca6a890-a8ec-48ef-be5e-20a8c81e43c8,1.22203624674676
23ce71c1-231d-4425-8a54-ef79c54ccf05,1.8655089946028276
71d4291e-f6c7-4dd4-95f1-a94f73d184e8,2.642967376132401
cba82496-9f24-4082-a7a7-f3759aa7cc3f,6.974717813723444
affeceac-d331-418e-ab7e-29862f2d84eb,26.12523712711898
363c2a65-803f-4128-8af0-70de701bb775,0.19263361695066591
deb03736-caa5-4d13-8c35-3c81ad7747ba,4.64206135717436
c5adcf59-2933-4fc6-9145-60e77b4a0808,5.312219267215238
3d9957cd-223b-4b62-8bf2-7b054cefdd98,35.23539302761471
13927a6d-9b92-4559-b799-e33a2bb7bea0,7.400045157704639
39f14d84-0993-40cb-b5aa-d2dab32c6008,9.693249171173727
60c365e2-9e6f-4440-b029-e4c50ea1ca84,0.7161318129244217
9573f9ba-9f99-4749-a82d-7866e00eee8c,6.026910069756206
df70c158-9e8c-49b3-ad0a-0827881707d7,31.33796429547513
929cb09b-4116-4a84-b391-443ebad672e5,1.0772794891498902
fc7cd5db-06b5-48c7-a892-9571b20e4730,3.54172992815082
80e4c877-c3a6-4660-977a-bd9c43c1715a,3.241522571406981
a4441434-cf2c-46ee-a562-6f2080b239ad,30.797409292738536
664cbd00-5b66-4cee-a133-e0ee07e9d85f,40.634907616857475
2cb42bf3-75d5-4df6-8f1b-f03ae119bc79,35.01663927045828
20c13323-a0b6-499c-9d55-2b8777eb60d9,28.563645243631232
5705b4ac-dcb5-4c16-9ce7-86841669bf68,5.7262499662426745
2817181b-9c85-4d84-a319-c246502b5f5e,1.2386845442681536
0f17e71c-6c37-48f6-830b-a05c173ffe73,0.29767117707204516
c08bc574-91cb-45f4-bb60-351b9068a53f,50.25424853328263
c2be62ec-6218-4534-bba3-6dffc592a723,0.5689383141340177
c38f871e-c7b6-4f95-9607-9a4de7342e45,2.0203521047662933
5cfaea7f-99a6-494c-8a2d-769805cebcd9,2.237346772351179
03a55533-2892-4027-b71b-5f44d0e60909,3.1248791040491635
07633c33-a841-4bc9-a161-203c3214e4fd,44.84741497296334
42bd3683-9b79-407e-9c6f-fccc249d32e2,1.9582492386531296
d75a02cc-de93-4308-8ca2-c692398058b0,1.8825409689591859
ec612889-b597-40a4-a40d-fe2ba8a82521,1.1955603100144951
66db520b-95b2-43eb-acbf-8c70ca15ee04,25.251244144733135
af3cf15a-618a-4e33-9d63-6cb53b6a114d,29.369320639263474
49c23285-f98a-4811-9546-a4a3beb34631,2.050217295100939
b5ee4d5e-6e26-47eb-9383-cac7da07fc4f,0.45437172153923827
df78bdef-8ff6-409c-a81f-26692d0f85f5,7.703432217773546
f8f9852f-f810-4bc2-b8e7-c457d6e0fc08,13.435968713514836
f11455c4-3e88-47f1-8ac9-4a819e0e56ce,38.813204659937874
218d6e06-936c-4a6d-b1b3-092cd37ad23c,3.3831274132309543
719daca3-adbe-43bd-b23d-2cac87661d9d,0.8299435984867237
aed66272-fbd6-4b3b-be3c-4c2cec9a7a16,1.0863173257337588
aa2df291-1254-4569-b85c-4f39c351f109,1.266190200742319
9e23ab18-f408-4fe1-8840-1c0bb9147045,7.2288085570440455
c8c91b65-36f3-4176-a690-483bad171638,3.648416121702695
e14f30dc-999e-4428-bc90-c7ffca94a10e,2.9768388124525806
eecf719c-c595-4393-a84c-13eea1c9eb2d,3.804733110649345
6c348704-7f48-45c7-b4f4-ff517f7a00d6,1.1536058473483886
ea5a6e0c-1d87-478a-a2d3-b163aaf9617f,2.498708450000802
0e3cc2a1-9c01-4a53-8f35-232ab12dba7a,9.567037843815509
8517315a-96a9-49f0-a607-a7ea5a314927,37.028096884294115
c22489cb-26c4-46be-8831-b25bfe57ae84,5.321988731982572
100e1000-9dde-4b02-9819-285dabfaf8d6,3.902658419571338
2214bae6-4ed1-4bf0-b3d3-80aa0278f620,5.831275918049434
f7e001a8-ee4a-488d-8458-0752b8fe97a4,1.9876234383261913
58318231-2911-4618-9022-ce980763b21b,3.7744229941924985
1f0043f3-eae9-491a-8dc4-160865bf3d06,4.318770254687738
f155df00-5d68-4a92-b1cb-8a472e1164c0,0.7012873124834608
995b556b-c025-4518-96ac-0b2bd76cc82e,19.863271989741627
b75080f8-6288-435b-a190-88d92235309d,9.601928716425592
14f96b30-d000-4a61-a9d9-0fa24a46b233,5.370850805208694
c7fcd397-453a-49f1-8564-c7411bb5615f,29.251288857290003
bf191369-3fd0-4a67-bca7-df4a9e69533c,5.382255242486008
17d23f76-6c34-49bc-83a6-54650df6e335,6.483754211615423
872ce2ed-f958-42d6-85eb-0999188ac885,25.37994928398662
1e886774-b4bf-47b8-b7c3-2a8d22b0c275,10.55443205416634
fb25771a-cbb5-4c5f-9198-f1b98b1bc9d4,37.78790153258339
5b3853b7-8754-419d-9ef4-236995bd6eca,13.773070471287902
12af03fd-5c2e-46b7-aca0-601b087d5551,22.048600275401622
61f5d857-3d23-4b15-a1f9-b15ccd0dc310,42.586571186877016
9851823c-aa26-437f-b215-3d62aea59514,1.0347236686651737
be243e03-aef5-4e1b-ad43-fccfd28dfe45,0.2607339543372702
fb8909ec-183a-48d0-b0ea-7275a7eef02e,0.4766094422357616
98bdc5fc-91b2-45e3-937d-1baef0af3288,1.589880603923551
7d860ce6-ebe4-44d2-8f52-904fd30308a5,2.309084969476266
0b60dcdd-1e21-446f-8a34-b4eb5702b04c,3.2272104306471214
b351bdb9-3769-44c2-8fa1-08dae59812a1,0.6081543731457695
88e114ac-e25e-4ec3-8794-d7fb1d707b4e,8.648367797641486
8a63e15b-af23-401c-b548-5b3ca05ef3d9,0.7879774022018424
e01dfaf1-91bc-4f67-93e5-bdeae1a6aa98,1.9310572224151876
97cd743a-ac17-4f91-ae1c-1105456ee8f0,2.85396458328694
3caba8b4-cd8a-4465-a6aa-55a573a25335,12.84290265554432
cdb9abdc-01b6-4f06-aba4-289bead40c66,58.49167299755782
b4c98f3f-b8b1-4362-b686-7dfb3b10b2e2,1.049272547067121
3fae7e65-1372-4001-bf78-55ebfc32eaa0,1.079613110940117
7f75f9e9-168d-4001-a383-0a28dc08b059,4.741910401626656
5680a0e0-198e-413e-b6be-b054cd6a315e,1.8913378172852247
5e81ef6e-0a1e-46e9-8a20-d22467907db7,0.6376333184871095
55a41e4b-09b0-447f-9fb5-38304fa50e61,1.6998155935218116
7e4ce559-d7de-4811-a123-6f5616fdbb79,2.8656970159647406
e388b161-7a16-40f9-ad85-96b2fe7381dd,27.095910434685344
b661c554-c763-4220-b329-2c403121885c,44.9787154574421
d78c34ae-d619-4cf0-a82f-d4fb17a1a0b5,4.038081389017514
eaa2b157-2f9f-49be-a77a-6002265c68cd,9.046456017585093
028d79d7-8d2e-45b1-838e-3541243060b8,3.901526394702473
ae05306f-bb77-4b90-96f1-c694c3ce1aab,5.164857070036787
25c81e34-f15e-43ad-9fa9-176f487f39ae,53.191242472276635
bc17e234-4b6d-4602-abf0-6aaae96a7b2f,6.090930974050522
0e9a4dae-2f5d-4bb4-bbeb-6b384c751665,54.371753763020116
32eb4ad5-21a6-462b-96b2-42731756cb69,19.5236843871931
822988a9-e2e1-4092-b16e-ee7504d1bbbb,4.982242289585308
f2decaa0-22ce-45cb-aafc-a284c307901f,16.609600869801387
317ee1d0-9be1-48af-9865-4f34d1bd1296,2.840661570745332
a5152470-604d-4e6e-86ad-da1596fb5071,3.050994731847458
b15723c9-ba1e-4753-9ba8-221e2407fd53,36.58667415841118
7b5833cb-aac0-42d1-8840-a3a70035d1d2,50.37962720986882
a75a52e8-314f-4202-92a0-31ea5e1c786c,48.45839813718794
09cb133f-15d6-4561-8cb7-11a21fa0704f,58.165251084433244
88beb9cb-1b5d-409c-b319-ae1cc76ced22,2.3687099338126534
873b4e00-a9f0-4720-bf83-386454f8ef57,9.083699697372548
c4b093cb-3712-44ce-912b-7190ae7cb685,47.79758396308253
17e91bc0-3bde-482f-969c-ca245bbd990c,5.262840200192342
8ee1124a-b4ee-4aef-ab9f-77817f904df6,51.24340600690611
d340d8d2-90dc-4608-ac14-7f5b0822fed9,0.8098045752775952
d58249bb-e3d9-4abb-b7e3-609bc8dd755d,6.114486899525883
29cee62a-c1f0-4a58-a07f-ee503d85b5d0,10.305105576411679
8b3036f9-671e-4d2b-99b5-6c21a3205f43,15.674053977191775
af4de9a2-0cea-4a1f-83d5-9cf1ebcd1c83,31.156505685468257
3a7ff4b7-e365-43c8-b5d9-6e7b63b48725,0.6002862981281875
759b1fa8-07c2-44a2-a338-5dfafacddcbc,0.5983379071188405
f3c883ee-89f4-467f-93da-5dbd3772c29d,11.250656302131713
95b7fada-c551-47fc-9c64-3dfbb6ee3576,1.7414251342446943
797731bf-f20d-48d0-beb9-b7d0d124cbe3,1.012262510975074
03fe4b58-0325-4a4c-a23e-29017dca9f89,6.752656636871904
c48ce76a-fe00-42e6-bd65-477dbbb79dcc,19.120172289586982
948e46e3-d5fb-4957-aa58-3b12a8ba023e,4.89577709012175
e4e1edd1-b9ec-4ae2-8e74-131264d2cdb1,14.522873266166522
6383fdff-6ef6-410e-b8c7-6d2e88b84010,1.9566487182748393
c77117a3-b13a-411a-903c-e1b4b4c3d5a3,37.63520268000954
65154b8a-08db-464e-9c73-13a3c2136bf6,0.9364753712535567
3a75b9af-77ba-4656-a3ca-6ca8db4bda0e,10.655772271804604
7e264d32-b492-4a81-94e3-3b24c600c9c2,0.9845660497963824
8af3a110-2584-49f9-880e-40d5ea372b03,9.16604290938559
999356ec-af01-4766-97e4-6781294dfe3f,20.071069691856742
c90f22c8-98a6-4fa4-a275-ab8e855d1806,4.071504702911298
d6ac3ec8-2996-492e-ab36-6fc560af1029,18.481337869473485
d4c6b064-7880-4418-b9f2-d068100a0aaf,13.312361344504513
162d0787-9890-44af-9608-690316c73369,1.6230180364055349
89529421-2a63-4cd1-a4b8-6d700c24e606,1.5450817867876774
1488c684-395d-473a-9640-8d529aab7f5a,19.93379644059701
5618abe4-b9fd-4aff-92b2-2b8fec54cc34,0.3581750142080003
e6e602f9-183e-43d8-a030-a8f0ed1ba400,0.5474520182365014
b79b6dbe-57cb-4707-9295-6ad98d8319b9,1.7728700135269746
375a52e0-adf1-451e-a604-7aee5e180dca,33.711018492992494
8347b667-f51d-4f5a-88fa-99b7d9ccfc93,7.376180105885166
64f44ebe-44b4-4004-ba8a-cc9a8a35d897,0.6904892273790739
2306b2ea-8bed-4e8a-9701-efccf509d2d7,3.1859605767485255
f68947a1-cae2-4226-a771-bea0011862ee,1.9432435681244344
c0df5437-e912-42e4-8de8-3f88c3a1ac6e,1.3206154721471919
2600fe28-ecb8-459c-b9a3-1e9a192fe230,1.6906101850335284
be6d6a07-74c3-426f-9b44-ff037a0d52a2,0.5501971998881737
f0c13ffb-d4f5-42d6-b2ab-54c081d97bb7,1.002321049861947
9671e7aa-44c3-403c-a4d0-b30a963c8c08,1.8633182716850076
f60b133a-c293-48e1-ac29-273a75a69543,16.210171483686555
