81683279-a094-4ff9-945d-53a1574aa37d,6.147117594,6.104393778,10.29772025,8.10218315,14.62342112,,6.104393778,,
59fccc5d-f169-4ea1-87bc-22f80bf4eba4,12.93261816,15.65168364,7.893320216,10.87116386,9.54300028,,7.893320216,,
87d420d5-2820-43a7-ba67-b270d37cb5fb,17.00675197,28.3218994,5.568474173,22.44037799,13.6809588,,5.568474173,,
b91abeb0-61b5-44dc-818e-b747cdcb2b23,23.99256094,30.55992937,37.51445683,1.350724288,16.73371705,,1.350724288,,
b18df25d-1f7c-452c-aca3-9010825dac2d,2.620864369,8.56696643,12.50470067,0.681989223,9.598382706,,0.681989223,,
bc485f53-81c0-4b2a-bcea-d33870051b36,41.24365134,37.29672901,36.4439908,28.53329602,36.94015124,,28.53329602,,
bd4c3ba1-2adf-43c8-8eb1-7c057561676b,48.53318818,8.870818039,1.643294269,32.31882555,33.25158583,,1.643294269,,
de4504ea-5e54-498d-85fc-2e5f0d6a08ac,1.31024286,24.69427338,33.34646659,26.74369027,6.789613768,,1.31024286,,
03fafc01-4aa4-40c1-8cd5-a461af63da9b,1.002957295,1.818300116,1.779965748,1.420117384,3.84573104,,1.002957295,,
ab127384-bd1b-4b9b-957e-f9d892bac22a,14.67017393,12.83978769,15.63901202,4.515753296,5.629412762,,4.515753296,,
ea68ec42-aa37-4274-badd-8030a86d764c,33.3560522,33.94858727,33.09879712,13.04972581,26.60420264,,13.04972581,,
835699aa-7dbf-43cb-875a-c3ad3fd3bc22,0.974651568,1.569043944,1.756976104,9.290286024,3.889995291,,0.974651568,,
c4f1eb0e-b574-4a58-b8bc-b537de56b0d4,4.358419001,18.1814327,8.337933822,11.64206586,18.48536114,,4.358419001,,
725533d9-f1d7-414e-b792-9e73b4bb82d2,25.05053348,30.62632168,14.25507683,26.79037666,28.19400193,,14.25507683,,
6c65806a-2dbd-4589-b99d-ef5ef2cea145,26.2095508,2.079695149,3.030325895,0.561946221,28.46925507,,0.561946221,,
0fe9641a-9ac9-4fe5-a827-6990456ee2f1,1.166283519,11.79707773,14.74764084,3.343534296,14.46924169,,1.166283519,,
b3ffa8a2-3707-472d-b29a-4f94883a4c17,9.675219206,26.31697455,5.238154183,24.73023787,25.7787705,,5.238154183,,
6633b334-900e-4530-b9d5-c5bf84065541,21.14753448,10.99036196,3.82046925,19.56546028,21.47848316,,3.82046925,,
eacd424f-9f28-4573-bfd0-75a75bfee896,26.70468642,27.98795787,2.158150287,8.085823558,19.55008906,,2.158150287,,
f6a0fbb3-ce40-4410-a765-6b5b90638ad0,9.003277695,5.510635514,16.6682813,4.821138019,6.847539578,,4.821138019,,
74e3e2f9-1c09-4009-99af-57e063448331,10.70683302,14.40235015,26.79463283,3.119934356,22.18420581,,3.119934356,,
b189a9b2-411d-4530-a336-60343c4d5f92,20.60838301,18.32277066,17.01787162,22.21753575,10.57642872,,10.57642872,,
78abde8d-a855-4e05-b729-db851e974197,6.134862677,16.97947798,5.392045784,7.726945494,17.3064811,,5.392045784,,
2b981541-7c05-4d22-9cee-8986e1ebdfaf,3.471931853,15.21463216,24.00718731,16.20097069,31.42194888,,3.471931853,,
8a0e767a-3ed4-4e1e-b5e2-c4f1150de479,13.76223779,14.51907832,16.83614751,14.88432256,14.66924985,,13.76223779,,
9e1261b9-f996-4297-b9b9-ceecc36e3b34,7.100378221,17.73556943,16.24308367,1.82308007,37.604472,,1.82308007,,
ce1d375d-6c84-42c3-bab5-d9383878e35b,17.15844599,1.840997056,14.7886148,17.48030745,19.26718982,,1.840997056,,
ccdfecf8-2114-4d89-853f-9bcb43170776,9.427403453,17.25873441,17.03285471,7.705687324,17.59347825,,7.705687324,,
989caa93-12c1-4442-adcb-118d715f28ef,8.339275344,15.67004607,37.68646557,5.931401763,15.98537995,,5.931401763,,
203952b5-df55-4365-bf5b-afef01a21878,36.7584226,35.63945343,15.24346934,18.0036996,12.67031206,,12.67031206,,
c05b3d7b-c9fe-4b41-bd9a-d627084539c6,37.19209177,7.238054905,15.82613317,34.70816479,17.2317689,,7.238054905,,
7270eb97-eed2-4823-97c8-55eda749c34f,15.16475922,33.58537199,12.19767481,11.41077038,34.41560055,,11.41077038,,
92596dcd-dbd1-448f-a3f9-cca6a1d1bed1,12.82149912,21.97324729,25.92123694,31.2923102,28.92628406,,12.82149912,,
4fe9e373-3fe8-481f-9acb-7a4ca5633e36,19.6375503,11.34202539,45.3966063,32.10462377,17.06836089,,11.34202539,,
140cafdf-bf85-4a6f-93ed-9abd7930acfb,18.24210099,44.86781675,10.14683645,18.73820182,14.14530021,,10.14683645,,
087251a5-8dea-4f36-9d04-adb42dbd71b1,32.9510165,3.200781542,11.89890548,3.832978699,10.63144926,,3.200781542,,
b936be61-d3a9-4ba7-bcf1-2d250cf819ac,24.09729092,5.782178559,7.261348945,2.822939787,24.89821916,,2.822939787,,
8fcd2362-a337-4124-afec-810a04e5c2dd,0.676952539,13.48461721,1.100920636,0.895867583,5.161876622,,0.676952539,,
ae47019d-1277-43e1-9fc9-a1d526184b42,1.189651677,1.746371699,3.924216818,2.135078037,43.68707923,,1.189651677,,
e8738948-f06f-4b9b-b6e4-ea408607e51f,3.794750471,32.18827008,3.022427029,1.554239215,3.483439008,,1.554239215,,
ae5faad7-a42e-4ede-8895-304a151a893c,38.90777743,48.34434043,32.19786119,32.26853502,13.00129177,,13.00129177,,
5410aed7-0c66-4c87-940c-422a385c5fb6,2.162331639,1.296087235,3.370669331,0.744332431,3.821581794,,0.744332431,,
d3edfc4d-d24d-4441-8580-733578b727d3,0.587792411,33.38613579,14.79135087,18.22878374,12.24261414,,0.587792411,,
8136890c-6f6f-4831-984e-dad8ccf49b4d,1.33508364,2.491783458,1.52839852,3.351246365,42.44834272,,1.33508364,,
1e78641a-8471-4760-a957-315d357056e4,1.381704999,2.80114611,3.660068487,12.59868153,5.459882609,,1.381704999,,
b3c6c4a5-f629-4d0c-96ec-568bb7fe3e27,4.177896853,19.38867896,3.552778967,34.10082811,34.44865312,,3.552778967,,
22d7f055-e660-42aa-ac12-98773d550fac,0.536731943,6.517140812,8.837065075,13.73824072,16.84337125,,0.536731943,,
e4f3b0fe-0f0c-42be-a048-d5977280711b,19.96694159,2.320786895,17.54499458,35.47997211,1.148025303,,1.148025303,,
73bf5b09-34f1-4673-8294-9e70c96315ec,19.52013987,20.07950999,28.85272571,12.46734547,34.40753087,,12.46734547,,
16a9eeed-b47f-4343-89ed-9b93b04ce6ec,1.313198703,0.653579433,3.463453456,1.38285401,38.73229355,,0.653579433,,
68d85d5d-100f-4867-860e-85b1bbe8cdc7,1.760835862,1.692948734,0.424241468,1.423754155,3.081904577,,0.424241468,,
344c40d0-53e9-4994-aa55-84e215d884f6,13.84614845,4.315777207,26.6074478,3.370077474,14.94672065,,3.370077474,,
b4773b6a-baed-41a2-a5d5-c5eb1f4941eb,4.484372875,17.33614207,17.19705834,17.84553356,17.3262205,,4.484372875,,
b8db78bd-2b27-4420-b93e-afc6c6d71288,1.752800297,3.464265359,27.57611206,2.998685292,7.105855114,,1.752800297,,
3423f610-4519-4d00-a2f4-4ad801d3534b,1.689523056,2.903818938,2.762284103,2.273748177,14.88764498,,1.689523056,,
03a8bb9a-d64a-4dd7-9eed-18276f994cbf,1.19986383,10.47897154,1.57846006,10.6803124,2.023686374,,1.19986383,,
4cf3bfa2-08e1-4694-9d85-92dc4ea84c14,8.784901061,9.706399395,2.366588332,0.524859931,19.59419172,,0.524859931,,
45689151-9f33-485f-8d4d-7039996ff140,3.333117936,1.741615026,1.391762502,3.663233628,0.592126774,,0.592126774,,
2b2982df-f78d-4e25-b517-f5e3d6300c4f,25.12548046,30.43113499,24.010159,48.45669186,1.535142755,,1.535142755,,
6ecb6369-7c7b-49ab-babd-68ef6b2b906e,5.02251165,1.686457388,1.232216637,3.721528426,2.029092972,,1.232216637,,
e2d3f365-4bee-4dbf-95e1-1f120d628c2c,1.639436719,1.85275597,1.702172899,7.869604652,2.667669008,,1.639436719,,
e8cf5319-57c0-4233-8658-da7a376b6793,3.722059629,1.695062489,3.333909367,4.30996457,0.980616455,,0.980616455,,
2d338cc4-553d-403b-89ca-6e079b378525,3.579658695,0.618584867,43.80898658,2.875508978,2.092075386,,0.618584867,,
ebd5c3d9-639c-48ce-8738-8cf464439ea3,14.01718236,10.7193672,21.82097047,16.1478433,12.56879159,,10.7193672,,
73cdfcc1-8496-4d10-9fb0-4660567b051b,1.574324741,0.830162022,5.56478873,12.46377765,1.309368323,,0.830162022,,
c6154d12-5e6a-4f26-a161-c3f2a0409434,14.78026342,14.49753752,1.302564837,22.11242575,1.654516124,,1.302564837,,
6cf0f363-4f1c-4ac3-8a78-2e9120e5d2b8,5.321876117,5.20118348,11.02951689,22.50733314,24.26532603,,5.20118348,,
15c2c697-f04a-4307-8876-091c79a5907d,35.19564206,20.94382575,14.96941787,18.63541466,36.48058148,,14.96941787,,
7c71ab98-a083-4de2-84b5-c6c0e48df571,6.751117478,17.12640229,4.901273577,7.154711954,18.68075883,,4.901273577,,
13a5cd7c-44cb-45cc-aa71-7f893f9cc105,12.25124446,11.30812582,12.84751632,8.448176614,7.065489079,,7.065489079,,
9dabe927-fa11-4c56-8556-d5d72fe77410,12.12270343,11.94307393,0.931653249,20.41694522,12.04126255,,0.931653249,,
76035f57-548f-492c-bb4a-aca0529e6ee6,32.40152374,6.991284632,6.438426864,31.93442795,28.16582469,,6.438426864,,
cf65dbb6-f589-41af-b90d-76685535c4d1,7.323453521,16.27301861,19.2839461,6.962074401,12.943843,,6.962074401,,
2defdefe-5c44-4a6f-80e0-112c24e1e3d6,8.353718443,11.95564684,9.752049323,19.13463116,28.58596614,,8.353718443,,
15239476-4313-4311-9ce9-ed1fbd099dc7,8.460423931,44.54366871,2.739525588,9.49243222,1.283428241,,1.283428241,,
91b9f02c-a3e6-4bd7-b822-cfeb45078a9a,45.37078384,12.34245635,38.95207566,43.37565977,36.07494475,,12.34245635,,
4b37a5c9-e5b6-446e-b427-200dd8fc1e0e,0.756836467,1.847266875,3.122569365,1.65427903,2.966416876,,0.756836467,,
5d914b36-5a1e-4488-b1a3-8b738a419963,6.362150254,21.76398974,21.7179339,7.755721542,18.63062965,,6.362150254,,
97a35a68-996f-4aac-b54d-449b2adce460,14.27997237,13.71874189,9.598657096,20.28871969,7.040945881,,7.040945881,,
5ca43de3-a6a6-45a9-8bfa-151f1d531086,1.55144181,1.931077075,12.33776333,2.555455474,1.495760103,,1.495760103,,
3c2b39e0-0ae7-4fd8-94d9-7bafe92084aa,2.099223685,2.029906031,1.581198398,1.510224027,3.045858244,,1.510224027,,
1c1f400a-72ac-4b46-bf26-c9710f2c0b5e,40.70878041,0.910912881,26.52120974,41.49281636,38.88563294,,0.910912881,,
39a600e9-d618-4ff3-959f-4e1e0465d322,18.03980478,3.488792706,5.079086205,13.33594797,18.01378436,,3.488792706,,
646dcab2-33e6-4ab8-8dee-dc2943d6dc7b,33.8964402,48.8715616,39.86600243,30.15897965,37.19601338,,30.15897965,,
fe125aa0-a627-49aa-90d2-c4cd36e76fcc,18.23033928,18.17741795,16.75898442,13.45113181,2.151256213,,2.151256213,,
393d4e4c-a83a-44ab-809b-297c81237787,24.00147566,23.15147037,27.21118647,45.16592666,17.8173646,,17.8173646,,
bc4864aa-87c0-4354-b649-2b7cd56d639f,14.30619988,19.72824062,4.143091032,13.78148198,17.3699827,,4.143091032,,
f7632b9a-a5d6-487c-b17d-c25c7c6dc5be,1.184928887,38.02127222,0.897399594,20.77640417,7.864773128,,0.897399594,,
c6565a66-291f-4bb4-a8f5-9d3df3cb8127,2.283930929,12.48809496,17.98142132,4.125608559,2.142890785,,2.142890785,,
15e2dfbf-934e-4d8b-86ea-ae6ee24d2254,0.638666839,10.74031322,42.31107848,41.34572057,1.38746721,,0.638666839,,
5cc06e71-7110-4295-ba3a-091cbea3330e,0.50278782,28.01356948,23.91729043,29.22283628,27.17196783,,0.50278782,,
2909df79-1b6d-43ed-b810-85a196d4181e,1.048386457,4.810337062,21.5187861,13.19147957,20.73072565,,1.048386457,,
792c9296-ff10-4bf0-91ce-d2b38aae7570,1.389344754,3.095619102,0.4896505,2.530864815,31.62191383,,0.4896505,,
27d73d91-cf93-44bb-976f-d01b9e205be6,1.33019237,9.55066087,30.83320933,0.517673174,2.483427601,,0.517673174,,
53bd3e87-8545-46cb-9e0f-db29ee1f467d,3.088626603,42.16050812,1.828950206,41.76459677,2.259605631,,1.828950206,,
0330c379-eea9-4665-8406-f4ce7e54deec,1.919464813,0.86034014,1.24717579,13.19399554,2.619881185,,0.86034014,,
80813dea-3b8c-45eb-949e-b56e0829baa8,3.291515683,2.9990385,4.312444384,26.92914194,11.4020835,,2.9990385,,
942a3184-0517-4bc5-9a23-b8ca28f56431,1.949628001,4.150717951,0.78844245,32.21650017,6.266441246,,0.78844245,,
1ccb3034-dfa2-4d7f-ba55-c909b4ad6c86,28.81425942,2.105530758,10.36323062,28.98091292,21.15244711,,2.105530758,,
ae4fcf0a-1953-4714-a5ff-cfb511c93c93,12.06749612,22.84786901,9.633946558,1.430659278,38.98385508,,1.430659278,,
7e3aee7a-b309-47ef-8bf9-801daaed40c1,12.76676685,20.18291798,24.80203459,16.50581089,9.631871914,,9.631871914,,
3c1238c2-25ef-4b60-a342-c2188f09c5ca,4.299759292,19.48697337,19.7478578,34.12904881,26.33910193,,4.299759292,,
1738cce6-d1f9-4886-b7c5-cdeb063017e3,1.659107036,30.24483169,1.354858018,40.72970409,4.463427297,,1.354858018,,
ac939c5e-054e-4987-909d-11c8a89a4abb,35.56530012,10.15773726,36.93410451,6.356817382,11.03922585,,6.356817382,,
ad1beb3f-fb31-47b3-a9a1-16cc7d04f5c1,28.00117003,16.06800777,11.14836849,13.64758001,13.27394653,,11.14836849,,
e5ff6b7b-2175-44d6-95a1-387d95d2c150,27.2347596,28.36622361,10.72344811,6.428049471,27.94119344,,6.428049471,,
69815cfa-adcd-4d1b-b0ba-acb50ce66dd1,39.65309993,24.03384389,43.93006614,30.90895381,7.73220672,,7.73220672,,
30161065-b3b5-46fa-9c6b-852e213c1980,23.22795372,22.68288065,7.123314492,7.300194972,14.49860833,,7.123314492,,
5027ddc5-ecb4-4057-a8ed-217032f8f919,6.940667724,3.379576856,10.22427614,0.662079063,13.19626741,,0.662079063,,
70120b1e-4c22-475a-b0a1-f3a440727c56,7.821765503,0.866201139,3.096433392,4.524283503,3.758776833,,0.866201139,,
31ac63a5-b7c8-40ac-9fa7-20b634763d5b,2.01673991,1.982222755,36.24431587,39.61816007,28.89218386,,1.982222755,,
ac3b1cd2-7310-46b5-8465-d5878bae5ec2,0.691851655,1.22207584,18.38870279,10.59479022,20.72766108,,0.691851655,,
ef8bcd44-035e-41c9-aedc-cf043faf2179,8.498557377,8.389056145,1.441000407,0.535209318,22.70252256,,0.535209318,,
4c3c0da5-d5a8-4834-aa1c-04b3ea69ec91,1.457948749,1.273774681,52.68880022,52.71341097,13.89437412,,1.273774681,,
fe1a5baf-aa97-4609-8b92-a363ccca3d9f,3.58894072,6.663280142,13.68197063,45.59351569,13.69029738,,3.58894072,,
93323c6f-d61e-4da9-b2f2-f1c851c11953,2.729097647,6.602215076,6.618288617,51.78506361,7.186518618,,2.729097647,,
4224647a-1290-42f9-9978-bb0fa0398550,29.54998494,31.53300824,14.27643662,9.125532811,2.780402432,,2.780402432,,
bdc069d3-45f8-4e47-b21a-99dd3bbbefa6,33.50022236,36.50487386,35.65399104,4.642482267,36.65861884,,4.642482267,,
d43f878f-ec37-4595-b27b-45d28bc4f0ca,34.86584198,32.86110094,6.634003285,23.76122949,34.4604108,,6.634003285,,
6cfe5da8-fe7d-425d-9e46-081616b3e2e2,42.5087875,41.46109209,41.47705253,40.14000454,41.95661136,,40.14000454,,
9991a697-9eae-49e9-977b-1f96561305a3,35.73472469,36.16582652,18.19862229,9.147753381,15.66743986,,9.147753381,,
aae0704e-b6e6-4ff9-8de1-88b26190978a,23.70617299,4.998961038,11.81877127,2.406739369,12.05759327,,2.406739369,,
411e7f65-fda5-4062-8fa7-4df4337218cf,49.10878103,34.78295045,7.25293608,49.8551831,22.48324246,,7.25293608,,
22c24f6c-2c8a-449c-a75d-8c9d3d1f51e5,20.17736333,10.82151704,4.876143482,35.1404834,5.637966828,,4.876143482,,
022b7d0c-bad7-4087-89a4-99423d326d30,33.56217107,24.29884363,17.10910832,3.841166837,12.09606801,,3.841166837,,
0bd47c68-c6fe-4cc5-841f-1380edd8d314,22.17422601,12.20291981,4.359276404,2.453884779,5.309087588,,2.453884779,,
82097bcc-5bad-4d4c-b537-71057d442e19,14.40219226,2.092567115,12.88309774,2.474905536,2.10165746,,2.092567115,,
d7c750a6-e6f2-40af-b17a-4d4dce0b575f,5.119474536,2.411376329,14.9278558,1.951448388,1.990262454,,1.951448388,,
2567e3ea-4187-4193-aec6-c2629252718c,10.51591505,19.71992351,4.682427255,18.64030871,38.50937614,,4.682427255,,
c878e948-8854-435f-b8ef-552a4f095d7c,37.4608687,4.939962042,15.80441632,14.60206508,16.78164089,,4.939962042,,
c379d599-3dfb-4380-8d3b-c17015985f12,36.64368497,37.90477622,16.09548169,37.96621955,29.06800505,,16.09548169,,
d2bb29e4-3748-41c6-bb28-f06be1b90570,2.954203605,2.784842464,0.769109862,12.49975038,24.76759603,,0.769109862,,
fc81412c-8cd6-4776-8be0-f630910be511,21.66823545,15.85162301,7.600589249,9.368778216,10.56752501,,7.600589249,,
c69d5cc4-59f9-49ac-9723-f03d4df8c275,0.754864051,30.62300065,2.880670082,2.813456418,2.133058023,,0.754864051,,
d2a41017-72ee-42bc-900b-47d8828ac92d,24.85851453,6.314855129,6.526813226,8.395905302,3.248690346,,3.248690346,,
1c54fb5b-3239-45a9-a683-839dd1db3efb,2.26254809,5.155184063,2.916539006,3.803020259,2.887658473,,2.26254809,,
c1008923-4061-4948-96be-680dd492a10f,6.727252689,22.09853208,21.60381373,14.65899112,9.909638495,,6.727252689,,
f65e1137-a8ef-44cb-9b17-2d979ccb9e28,34.60444107,4.908283274,25.35346372,3.869293801,18.60473853,,3.869293801,,
f5e48244-9844-4811-9fca-6c7541019ad7,2.762880627,23.20498543,1.07906253,2.501256067,5.182377241,,1.07906253,,
a58f499a-ffe0-49cd-a562-671eb7f0c1b2,1.902139181,1.703616692,4.320745459,0.712954688,9.152448163,,0.712954688,,
5964cd00-ab1a-449a-90bf-731187b2efc8,8.600375904,6.247830546,12.89293209,5.666246396,26.3970873,,5.666246396,,
d86b67c7-2ab8-4f5a-bf1d-704f0ea790d1,5.105846095,25.78688387,7.113210975,28.52700712,5.286621165,,5.105846095,,
70970ac5-e89e-4c3c-b187-56a6866d4993,13.02228259,34.86811328,14.98903104,37.36867924,18.6371896,,13.02228259,,
3176142c-ead8-42fd-af6f-09ac7e1e579b,19.8803451,11.73278479,17.40008124,45.49939948,32.19159675,,11.73278479,,
3f2af11c-fde6-459d-8672-66b26a15504e,31.51904743,8.582010031,6.054019859,2.788052955,5.585452601,,2.788052955,,
2425b04c-2385-4a4a-9a3d-e1fc0c184586,5.145872781,1.837422308,14.92564488,13.57817348,23.54552865,,1.837422308,,
d51bc49e-b1dd-407d-b43b-28550b043493,3.348539275,17.00035073,16.00985401,17.07402321,17.04631262,,3.348539275,,
ab67df78-813c-45ad-9af3-68699f67e473,5.768034031,10.09477846,10.54650381,11.15921236,8.062223887,,5.768034031,,
0b116b4c-6135-40d6-8b80-d2571010594b,2.399906081,2.181472671,2.143229967,4.785459455,4.740105449,,2.143229967,,
7e735be9-a556-447e-99ef-237ee84abff9,4.405970567,32.38248957,22.66145673,42.75639163,36.70439092,,4.405970567,,
30bd2b5a-d5f4-4553-b11f-78739b74ef5e,26.35659363,3.628061822,8.811273917,30.10244767,20.56023745,,3.628061822,,
3b2d016d-adf4-4862-9357-f44e6f54bd92,33.24970378,34.23368661,33.7733659,32.10574504,33.59154418,,32.10574504,,
ecbc2b81-a11e-4d47-ba29-3126e142d2d2,23.75869754,33.93960847,44.88754959,26.43145697,4.148935457,,4.148935457,,
41b1ae48-0516-48d9-80fa-12161669fc8e,18.73126239,31.89658559,25.85505889,25.68443634,21.48136099,,18.73126239,,
037c796b-9f58-4721-a48b-372c69ed3eb3,6.185006518,15.41917224,14.50899274,16.52820169,7.841924692,,6.185006518,,
440e8837-5d5e-4d75-a58c-37a1f0163595,1.445892498,2.425070199,13.80315566,39.59264857,34.9510931,,1.445892498,,
6a916735-538a-4acc-9b0d-0f792b4d1783,0.84024628,28.10428273,29.62736937,13.39672574,19.43521975,,0.84024628,,
9ae82c40-1a49-4345-9a1d-c7e7f02dbdd9,1.824713635,2.158425499,1.436712064,12.32475725,1.023492322,,1.023492322,,
eeda1032-11b4-4995-99de-c499226f4d7d,1.970553232,31.86588129,28.76926813,16.52306676,27.79063311,,1.970553232,,
98936683-d0f2-489d-a1d2-d4f1fa0201ec,24.57410984,11.0002016,27.21724203,12.41465335,23.76634546,,11.0002016,,
720f9018-15fb-406f-8933-5ef8586ccb78,6.061563156,2.052949956,15.17112777,7.168211894,6.928950528,,2.052949956,,
7b861dac-37ed-4622-8450-af5b323fd3a1,39.69356024,17.53602088,0.944928584,17.22637406,26.92044098,,0.944928584,,
a78d15bc-cff1-40a7-a04a-3eb737bf8cd3,1.509056623,16.66836903,3.862408832,15.01396607,13.9228601,,1.509056623,,
f0f9d819-afef-4bb9-b17e-43aeea6bb29f,3.235065712,9.536932581,10.43473779,20.73392386,6.565143272,,3.235065712,,
c8060d11-9dec-40dc-b525-08871301c680,0.724009122,16.20725469,12.58315773,22.12115885,37.56685003,,0.724009122,,
80b9d91f-5b31-481b-ae7a-14b5bd27c1b1,24.43155714,6.743790979,13.33176145,11.18666038,21.52623566,,6.743790979,,
c2bca339-a40f-4557-8e0f-b2de092bac6c,1.634647057,2.753393537,20.35235664,46.02748343,18.34278158,,1.634647057,,
db60a98f-3b2e-4925-8099-8dfebde0620d,1.770015781,2.98330299,12.49902903,1.671970151,3.486857081,,1.671970151,,
07e1efa0-33e0-41e5-bec7-4f883768fdcb,0.812031931,15.17216067,12.2783442,18.87853158,3.165383842,,0.812031931,,
8a602e0b-7109-41b9-baed-872302df7168,11.35864956,19.82415731,13.49954921,23.05631912,11.76866838,,11.35864956,,
5143294d-c51c-463a-8934-96f0da31a1a8,25.53548802,35.87017908,0.7480074,36.64001819,0.964799029,,0.7480074,,
dc10fdb6-7763-4284-9bec-86bc87cd87b9,33.96927654,27.63301911,20.33921517,3.576852789,34.87122858,,3.576852789,,
e4e6f132-598c-4a28-b078-9cf92daa82d2,0.673710514,1.634266024,4.003514405,39.10192574,17.59240935,,0.673710514,,
b507e324-41f6-4a43-b95c-ebd9eb608961,13.50786995,7.012821656,44.94324823,46.79834561,30.13692981,,7.012821656,,
f78dd751-1a49-4232-9717-56d4035b1d55,2.556016854,2.060137579,3.678832586,16.22073179,11.89314059,,2.060137579,,
586c86b3-0a5a-459a-8dc5-1474d7a1b3c4,5.691087444,2.246753862,6.436795503,5.80522154,6.166146037,,2.246753862,,
2b4d884c-f324-4118-b893-0db9edf2adc1,1.791259664,6.4497291,13.25374585,5.357054247,3.963849766,,1.791259664,,
c04d1e4c-9d32-4387-ba66-14f969dfdd28,13.71999137,26.6030252,5.586588827,32.39935526,30.68128759,,5.586588827,,
9c39a114-9a6a-4724-a738-49601b673552,9.151763939,25.75015132,11.27261035,40.70138529,25.43263196,,9.151763939,,
1c88b571-6e86-457a-af11-844d1ac6cc9e,30.60066328,30.65547202,12.39723687,32.55783275,27.75423323,,12.39723687,,
fc77034a-0105-481f-8a11-6424dce19dd1,6.543973686,24.66184086,28.2183033,25.31629085,9.591556866,,6.543973686,,
b68b77d6-e18c-42f9-b909-6b044729fb1d,10.63852885,33.33278827,1.184298889,34.47990707,40.8469081,,1.184298889,,
2c5658ef-a080-48b0-943f-0a4b5cc0b083,19.14761628,17.05733773,9.97699913,38.92622342,2.948810439,,2.948810439,,
7fa89f67-ad2c-4664-83b2-6c406d136101,1.134917741,18.44578175,37.60853342,25.69340898,23.96831053,,1.134917741,,
3023514f-2d5a-4dd9-a91d-7d1b21fd8771,25.29183924,17.45903358,16.85305264,16.936881,16.93492624,,16.85305264,,
b81c5773-4aa2-45bd-bf35-05796907c1d7,33.8114774,33.55233697,10.15709732,12.03619031,18.76765304,,10.15709732,,
bbde9e0b-0f21-429a-a382-350e916bf591,14.11296234,12.37924251,9.518101717,13.73018319,5.386900586,,5.386900586,,
18ca9fde-b30a-493b-93e7-9cef5e923a4c,3.941635341,12.74709629,7.879126753,10.94554001,13.45227357,,3.941635341,,
7eea851d-0edc-496a-a39c-195bafbf5db6,38.55262542,36.74337364,39.79752228,40.83286853,38.37083331,,36.74337364,,
5f920687-7cbd-4a2d-9e7e-891cd4e9a76e,44.44905567,3.957984935,43.38717862,46.91376661,2.338626771,,2.338626771,,
f77a12b2-32bb-4f35-a1b3-737e8e9fee2e,1.590281645,7.140905663,25.5165926,7.383579227,4.364695852,,1.590281645,,
4a7f6446-2ff9-4212-9f92-820ba4445f17,9.603319925,10.5319136,2.159409436,5.872536573,1.752743135,,1.752743135,,
02890d1f-26e1-4abe-ac9b-de7fdd27d89c,12.95309535,13.95144284,15.38526085,39.17727882,15.30801876,,12.95309535,,
44cc10e0-4dc1-4f04-a783-3cf3fa853330,14.63026407,3.023011358,23.78592281,22.3525149,25.48216602,,3.023011358,,
8253aa31-7c28-4714-ab1a-def872c81d12,3.367662858,1.529256167,5.836416846,5.230140415,15.70702297,,1.529256167,,
16a61bae-00ba-4846-a9cd-0f6014758345,12.65468967,46.60642594,42.91443014,38.55871906,17.88629871,,12.65468967,,
34ebc7b2-b329-436e-8035-27e0af808611,1.809253132,17.85060605,2.853922469,28.26757719,32.92669173,,1.809253132,,
c6cf2ac1-df8d-4db3-bf93-f234a27e9aba,2.290389979,8.130965872,7.900447331,1.836402108,14.0467133,,1.836402108,,
d851f2c8-ce70-470d-b7d2-5fc7fcdfb366,20.71184867,32.70442374,29.78058788,27.59761553,9.172661626,,9.172661626,,
a150d141-a497-43c1-9507-62f21aa893ea,17.98484088,7.877022024,11.36841052,14.48323014,42.58985042,,7.877022024,,
a00949fb-b707-4343-91e7-1290c39acf94,9.104397078,0.971080425,14.57031848,15.51599031,26.02617204,,0.971080425,,
61a6f5e4-c540-4314-ae3c-847aa21218fb,20.76419301,29.58802457,44.47310617,30.65479284,36.62550178,,20.76419301,,
e7051ef5-b67f-4b3c-9942-ac0ff73abf9b,15.15030718,24.66647676,10.11110675,33.19308449,22.52718114,,10.11110675,,
4343ac53-239d-449a-a009-558ee0550645,2.363994225,2.581104555,37.59248534,8.554233956,1.900565026,,1.900565026,,
9221d5c8-3559-4c10-a0f6-c662ead56542,20.40962125,1.65369978,5.444049005,9.161293668,2.191740425,,1.65369978,,
47716483-fb90-4ed2-aaa4-d26ba57cf0f8,1.239025002,0.717912555,0.738700382,4.172681529,2.783837069,,0.717912555,,
2a9d318e-89fb-4e12-9447-eafc7e706c99,4.526409986,26.49023284,24.3035246,27.07953609,25.25832156,,4.526409986,,
0935eff3-1f8c-4ea0-bdd1-3fb81e0243d1,1.321228805,4.275464167,6.000621317,1.13008015,5.346363231,,1.13008015,,
e8d157eb-af47-4023-9ee3-3ec15dc3b5ac,42.02503779,4.087895614,41.6340871,0.914261607,1.139822504,,0.914261607,,
30b66c4f-cca5-4838-b7f4-f48162f2bd82,21.49828702,0.858534791,18.29008687,24.65818382,6.013088192,,0.858534791,,
4fa5b77e-9947-4936-a014-48a0ec8cd30c,29.62286087,36.3886407,17.78188186,49.01474946,30.48721138,,17.78188186,,
4b0eaee3-4b69-4507-836e-57310d6d9bba,2.296622293,6.902155171,42.88936386,7.728114016,17.90544705,,2.296622293,,
6ad8d72b-2386-4b00-baa0-cf4a29785601,2.52640275,4.192672603,45.81453153,6.594583004,44.45015594,,2.52640275,,
c92721eb-5026-44a0-a6e9-dd70296d09d1,41.05350708,0.897153533,3.709043451,6.829732419,2.138731737,,0.897153533,,
aa6ef47c-ed94-4c88-b72c-ab9bb95eac6d,6.922337,2.219326485,4.089654244,2.211763983,10.28338998,,2.211763983,,
0820b61b-57c5-4432-b473-6fea0e653067,8.038494033,4.502926829,2.992104224,26.62784133,15.5596676,,2.992104224,,
9081b783-5f40-4df1-a261-6b32df8d3b03,15.43036537,20.2878813,4.605235654,40.53968853,40.07942302,,4.605235654,,
4d469a26-3054-40d3-b4c6-1ef66d2ef020,5.127112982,1.879901643,23.40080474,26.19653082,23.97555881,,1.879901643,,
9413e516-94af-4867-9c7c-4bcd464ffe88,19.13695615,14.84571531,35.60387323,16.13771075,17.07248816,,14.84571531,,
8198babf-1bd8-4740-8dbe-2bd4bc270ba5,2.331223678,7.498639837,24.7810895,4.576937403,2.760228285,,2.331223678,,
140cce7a-f91e-460c-b957-91f3d5c702dc,26.86694177,3.877393165,3.687198955,11.61238437,24.53840071,,3.687198955,,
083518a9-6d8b-4df9-80e0-29319ede00f9,2.395596116,10.65045173,16.33341896,3.57314916,4.263013293,,2.395596116,,
e621c736-3d4c-4700-8636-85a7b9bd96ed,19.00222476,1.159641744,25.43933644,49.58085586,29.96259259,,1.159641744,,
e7360f42-dab9-4423-aaed-f77b7bbfc7da,10.97480756,6.203288011,2.841873251,35.64149262,26.71231563,,2.841873251,,
88f5021a-1684-4c54-aa5a-f7c264adc88c,22.52205815,21.27654809,19.35798526,29.43899568,32.96844134,,19.35798526,,
e47ea0e3-f427-436e-8d2e-e374f5ee8876,11.29404915,32.05892421,16.99974348,4.585502705,27.8951618,,4.585502705,,
f92674ee-0e9b-40fc-a3b2-bc358314d2c9,12.02013861,31.66864271,33.91433396,28.09472519,18.32086232,,12.02013861,,
a954fbb4-c7b2-400a-9d44-be2c3520adc8,19.46718603,4.135250646,13.50439926,12.54142509,11.92001569,,4.135250646,,
9c455c3a-aa2d-4cfe-8666-ae53c2d68305,10.48894233,23.83487327,29.16868954,15.71006845,3.104572037,,3.104572037,,
c4977486-6b48-4261-a486-5165b0bcc267,6.591280545,23.97438145,35.38550531,27.83838221,37.51372814,,6.591280545,,
d337c2e2-637b-4674-b842-b096c85d8bb5,18.74138236,6.029004834,21.4282178,17.54578969,2.940600681,,2.940600681,,
25a04bcd-e67a-4eba-a0d2-b376c07f37fb,14.98749045,2.646154935,14.97726446,14.5120637,1.092949609,,1.092949609,,
91f8011e-1a05-4424-9ed3-d6b553dfff15,19.0594702,4.429224398,23.99122482,32.79517888,22.70393687,,4.429224398,,
5532a049-6943-4608-906d-5bd037ca7d36,32.95324059,33.45866122,33.64595165,30.12942774,28.14518359,,28.14518359,,
45002bbb-e97b-4f3b-bab1-48efdac71cbd,14.82986101,23.36625857,2.847993241,10.92951515,24.15083792,,2.847993241,,
e9f774cf-14fc-4bde-aae1-70413f77d9dd,4.136712467,42.93527449,41.50990362,4.369650285,6.811613511,,4.136712467,,
dce0a7d4-a61c-4d0b-856f-d0ec5c8eb19c,5.100566176,29.78883879,3.669284198,6.775591613,24.90071813,,3.669284198,,
c50e92df-a214-41e2-b537-ff7d271c4026,1.427448749,15.54227638,3.352443977,4.518987259,6.337029673,,1.427448749,,
0abc03f3-f9a2-45c2-9673-91262be1f00d,22.49774324,19.46886856,28.94147785,21.35785473,28.63652151,,19.46886856,,
f92c5a24-e411-494d-8d7c-9d4bde1c378f,1.657256108,17.24089593,6.966793686,9.532615611,7.904948299,,1.657256108,,
0a325c23-be73-4cc5-9f21-fe4efe2abe0e,7.425048523,9.125736536,15.32846639,7.266209273,20.69000539,,7.266209273,,
71507727-5193-4471-b31b-e134f95cb573,8.214862106,22.1791121,17.68727061,25.86531463,5.882166641,,5.882166641,,
e9b0caa9-0b09-401b-8fd6-cd59732f4694,21.81033079,10.45436433,15.88230528,19.72953136,33.2134161,,10.45436433,,
4b6d4ba1-b996-45bc-ad9f-316c5a851c98,0.542224515,3.094530316,10.3799243,8.900318609,13.98864384,,0.542224515,,
47b2a041-5c39-4810-bd31-95395de77526,3.746664992,2.916648094,7.207849187,10.24947248,3.595150452,,2.916648094,,
ef562701-bd63-4ead-833d-a21777488a9e,51.2778148,6.934500021,43.69258541,7.999563718,8.70350935,,6.934500021,,
a30b51fd-e8cc-4430-bca9-0fc7ba0c7b02,20.28417072,10.77285285,17.62084148,16.47379828,11.82792172,,10.77285285,,
fcca24e1-53c2-4e03-b649-4e8f7bd31ff8,2.689855469,31.80841949,1.918960499,16.95343205,32.75309483,,1.918960499,,
1fc14c47-69b6-4fe7-acbe-c63ae4797b41,34.28045929,34.36482614,2.134246476,3.025650234,11.52748442,,2.134246476,,
b4c34e70-fb2f-4d91-8176-e1131fa56cf4,38.86389108,22.0659027,41.22136821,5.061806158,37.16071042,,5.061806158,,
e2e20249-b312-4da8-862e-81dd540363fb,4.382891001,15.26057741,5.887062926,53.26387237,34.44045192,,4.382891001,,
768bf0a3-799c-4d4e-bddc-cd71ea8a5152,15.19748619,12.72146629,14.58785251,15.6844329,16.03498206,,12.72146629,,
b3962d20-fef9-43f4-bcab-4e9b4ea6cf37,11.05587159,25.1071559,10.46528314,2.25566168,9.922860798,,2.25566168,,
9286985d-f451-4ca4-a031-2ee211a42bbe,3.513801545,1.012482536,13.69205895,42.15743837,1.917756194,,1.012482536,,
61b3b33e-c3dc-4a9a-8025-f073cbf67c36,14.6194732,4.575318024,13.16716327,20.86100671,14.60886506,,4.575318024,,
bd67d891-f3ff-420f-a287-0abfc03b4918,32.74978512,16.61059886,1.436459899,2.803929653,28.60581544,,1.436459899,,
ad47ef77-49db-4f46-9f6b-c7a6e05342d7,8.285805562,41.96757151,44.50599242,1.747642912,12.58189813,,1.747642912,,
8be4aecf-0a24-4435-8df2-a4bfbe63c310,14.9743185,4.287897694,21.47393085,14.73961587,13.91532772,,4.287897694,,
370bfb86-7a91-4c24-9862-a41caa455ff9,1.54595486,10.74277821,10.93775732,10.58068594,0.988756633,,0.988756633,,
173812b7-d906-49d6-b5a2-12f86397c978,12.0107743,30.50443123,17.78077615,10.1620558,6.103962422,,6.103962422,,
27093adc-760a-43e0-9c08-49b6d851b327,15.26146624,15.16048529,13.79927722,14.25379437,8.929305227,,8.929305227,,
c13ee760-a31c-4329-9b1e-5b786ea3c84a,0.832897614,5.604018429,4.391893145,12.49952893,20.50290147,,0.832897614,,
51f4c5d4-4144-4b62-8c36-915183ebb346,36.66535206,38.90622309,39.22273963,10.64716329,34.47497147,,10.64716329,,
d42dac60-b6e4-4aaa-832d-0f99adb8f98d,4.274528776,16.72459035,15.76110958,4.466358902,4.692173167,,4.274528776,,
c65f06ee-4b03-4c06-b111-5da2ad8f2967,37.66752145,37.93695449,37.34958911,38.03342739,27.51006078,,27.51006078,,
8b8fbb02-0320-45b3-85e1-98868f661c14,25.60609515,9.069683817,11.14815836,0.72965372,5.278873315,,0.72965372,,
6fae50bb-9c6e-43d3-96ab-d110e9a010be,3.234137609,1.673262115,5.96442615,33.4262095,0.837964343,,0.837964343,,
f1b35840-01a5-46fd-b1cd-8f7a0736278e,2.285955316,1.036327051,5.151547196,3.602903017,16.39972282,,1.036327051,,
81ea2a83-54e4-4187-9637-a5d055b31b33,34.4453793,1.849672742,15.73815788,30.24936748,42.96971547,,1.849672742,,
b2333d95-f1c0-4619-932f-b7dbe57a1739,1.135717766,0.749018527,4.305206301,1.132864217,1.371166681,,0.749018527,,
d7896a18-6707-4798-99a2-21a04fa70a97,1.470722988,0.989028441,1.018899232,2.845427644,1.454831954,,0.989028441,,
d7e28db7-06bf-46f6-afa7-784dd9332ccd,0.743818416,5.316230942,4.402080278,7.225362067,5.991396614,,0.743818416,,
e4efc22d-1797-4ca9-aab3-5d3a856beafe,0.846906365,2.710591621,1.368994175,1.451262424,1.385113981,,0.846906365,,
8a694828-ffcf-490f-abe0-15651f357da8,1.452600117,0.656068909,34.22884004,9.038127764,4.445390366,,0.656068909,,
490b0015-cc1c-4630-a40d-95ac480d6ebe,1.677666082,1.039551992,24.70540934,20.73552158,33.24257513,,1.039551992,,
c193e7d0-ef6c-4c7b-8609-a282ddd044d6,21.67867355,23.49733488,17.27460052,15.88653898,25.64499977,,15.88653898,,
a705dd0f-a749-492f-8aae-504bdcd2f6e3,2.805559785,19.12761305,21.62522616,13.81258682,0.759517785,,0.759517785,,
cf5385a9-ed9a-4f6b-888b-98f027d99bd6,2.453413626,21.48707111,17.83746091,13.86295969,2.973879383,,2.453413626,,
b72bf0ae-61d6-44e5-8470-55507b79f108,24.22161731,3.272380311,31.35622756,3.403874169,29.33045013,,3.272380311,,
23c0c881-c672-4dd4-a20f-878a1ad2fd21,0.974586161,2.58583195,37.26690712,6.439751978,40.39772602,,0.974586161,,
258715b2-3442-4285-9d9a-58cf796b7fbf,0.66114795,1.400829173,1.192273532,1.020711235,1.975951086,,0.66114795,,
24062c3e-02e7-4532-aafe-91e823dc12ea,1.816163089,0.751354137,1.095744702,1.804720567,1.868629567,,0.751354137,,
934da989-2e43-4bf5-b315-5872ff1092c4,7.360581219,26.56402995,4.136702443,4.141393884,4.128891835,,4.128891835,,
e8aa973b-bf6e-41c7-a02a-9fc3175b9b57,15.96164064,11.3423077,7.068294365,28.68992953,9.854026581,,7.068294365,,
f84d1afc-dcf7-4176-9d35-3c184044cbc7,2.273623798,2.225416366,2.831846827,7.186736739,3.378217114,,2.225416366,,
20b725f1-da0c-47e5-af90-7343e390a4fc,13.03636356,18.99485557,15.42709515,20.07257462,18.57441025,,13.03636356,,
fa7d69e6-5fd5-4220-ae67-25099e8c12f1,1.413477871,2.908719486,1.814900666,8.951965778,8.173417704,,1.413477871,,
df9d6fc5-036c-490b-98d6-35d7c8225b8d,14.87705336,18.30560895,18.43367705,18.06405494,20.6539043,,14.87705336,,
e3b95b46-c933-4cd7-89f3-67c9fac3a159,1.346047277,2.869924771,1.931774984,0.836403935,2.104611018,,0.836403935,,
6153156d-e8f7-430c-a04b-06fbe8521a7b,2.772672346,30.16062851,3.020578138,26.59123079,15.87207433,,2.772672346,,
1a7bcdce-eaf9-434b-822d-eedfd27f099a,34.53104287,22.6458939,31.8012921,26.42957183,35.51569094,,22.6458939,,
13dcf3d7-4190-4496-b849-b1453ecc86a1,7.207603649,9.958674725,7.007766261,1.532766339,43.89883192,,1.532766339,,
03c2857d-c54a-4642-9f9d-0f3fe4a4abe0,25.10203715,25.69668053,23.40940105,13.66893824,17.59063494,,13.66893824,,
e670b6d8-1380-4bff-8435-c4bfb270fe0f,9.375592929,33.85133185,33.98340032,33.69049251,8.831373035,,8.831373035,,
31f8875b-362c-4292-af21-e8376df5ff10,14.40795794,16.3043817,13.53899378,13.9438598,14.52645434,,13.53899378,,
ef39c5a5-b9f7-4ae8-993f-e83b6b0daa26,16.50661339,16.93803808,31.134965,5.562912064,17.54553658,,5.562912064,,
bc5e05fe-9677-4444-a48b-4ff6cea8f5da,7.703600854,11.49368858,14.59324007,10.50838236,15.17905563,,7.703600854,,
f3d1920b-53de-42d4-9c37-b20c7569d108,16.5099228,14.50231172,16.86762347,3.855874187,18.69557893,,3.855874187,,
673f04f7-55c3-4d5a-bcab-baf2b3d73cc0,11.0118399,15.81591258,11.25466705,15.09690435,52.88259103,,11.0118399,,
df6d9a88-6a05-495c-83b7-5b771bfefb69,0.652282099,3.772674456,0.727993774,4.636152778,2.856680111,,0.652282099,,
69f6d637-d04c-42c1-a8b7-3789b942ec5a,12.72196256,17.82785442,30.03932228,22.47681828,14.44516423,,12.72196256,,
cd68956d-d79e-4bdb-9a6f-cc00bee8f5a2,2.410484743,14.57634966,13.22482963,14.61055304,1.532801124,,1.532801124,,
1198c18c-82aa-496e-862b-950d2ca42b30,24.10766056,43.19892261,2.440861693,2.49503405,18.18290369,,2.440861693,,
64be6955-69af-4515-ab8f-60cb400eaa63,9.665724362,7.708562468,5.041652723,5.346203914,10.00937721,,5.041652723,,
36acd5d5-f3a1-4ad9-a497-31a209047c9d,27.13462184,18.4215096,16.0486757,25.36172528,39.42151815,,16.0486757,,
b96aa187-98ba-47ba-90a9-6098631c2dc3,15.36044732,1.210504917,19.03790148,21.90229177,14.49168203,,1.210504917,,
54042b1a-1d98-4fce-af73-185c8f972199,8.969616561,21.53283856,4.057540024,9.187325465,32.09635835,,4.057540024,,
3078bc50-667e-4a91-820a-3d96650654d2,4.939898566,2.369833586,0.383216169,2.331959122,5.361624062,,0.383216169,,
ba709a0e-967b-4400-a2f5-4062a2c74af2,14.77663526,27.28694779,15.82270761,36.98515754,23.60126842,,14.77663526,,
d295a32a-3df0-4577-9e8d-05ff5ff541ea,1.070971832,1.46904826,1.00502928,41.38703596,3.471643762,,1.00502928,,
8b9c76cc-ed4a-4a46-930a-3f1f45de61ca,2.882072612,11.14650073,1.723835486,2.903030108,1.608619177,,1.608619177,,
317bd502-eab0-4fda-8558-b9e49fbbb626,3.832295706,1.691008197,1.753488286,4.570011556,0.961419389,,0.961419389,,
da9b1859-a6a7-49c8-80e7-d304d9a77372,1.121298044,3.447638659,1.422799499,1.752403479,26.36047246,,1.121298044,,
dc79a9c7-0b22-478c-a0c8-96adcdc0a99c,1.209057239,2.110952533,1.93647302,17.95945273,1.708274006,,1.209057239,,
cd1e895e-e7e3-484d-9ab2-106db9df22ab,0.785839575,6.885599283,40.51589274,5.408874583,3.818348381,,0.785839575,,
9026386c-449c-4c5d-9475-293557332cfb,22.83885116,4.358644089,25.75197952,3.966000995,33.00174766,,3.966000995,,
1e33f44a-d486-4024-9e6f-6e3efbdce88b,3.874660934,1.693181814,23.38883708,28.06621857,19.63015703,,1.693181814,,
6ada03ae-c8bf-4180-a0d4-4eb6accff33b,17.47619423,30.25145142,37.01267699,4.956007323,15.53819163,,4.956007323,,
4cee1b7b-62b2-45f5-b525-e05a7b39ed67,26.52783486,11.44678078,31.69440841,41.54969839,13.04244361,,11.44678078,,
04c63b8b-bccb-43fe-b444-109a0a9ae90c,18.00129362,14.05193641,32.02213817,1.129104213,2.713162678,,1.129104213,,
2523d8d2-506b-4f43-ab59-66b54ce84382,1.934694474,34.12251242,24.82147982,17.13730783,4.480396448,,1.934694474,,
1437c9b3-5301-4e52-abef-adbcfe5c3686,9.024526531,4.841773885,5.48713126,4.667804499,6.827887624,,4.667804499,,
2be5fa27-72c5-4976-9c6e-bd528f361ff9,4.51942663,16.27179964,24.36742923,31.93076083,12.94075016,,4.51942663,,
456de1d8-1e09-413c-9e2c-19741e5f4995,11.24224698,17.23116172,33.01234705,4.883161416,17.45661717,,4.883161416,,
3bd67ee7-2809-4b6a-9fff-00c3ee50ff36,2.995777541,2.662538948,0.480793836,0.598062106,19.38363016,,0.480793836,,
2e9f8923-ffbd-4e03-b0c2-3f82b3ccfcf1,1.406552748,33.54547984,3.208308452,11.39815464,34.80037861,,1.406552748,,
c126416a-d7f1-4477-b9df-17eeee4259ae,0.642271539,2.808722576,33.39392214,2.330202969,6.848476649,,0.642271539,,
8d45a4b4-3cf7-4f65-af45-b070dbbe5c2b,2.839746727,1.991220692,1.297806975,5.910876264,5.673963993,,1.297806975,,
b5b8281d-c0f4-4de0-b8bd-8c401acf0a80,4.316984122,15.54468087,14.65454305,2.117046543,2.351353467,,2.117046543,,
fd6b0e6f-26c6-41b6-820f-501d9fd7ac57,5.267806818,29.86483326,41.81045438,9.81449357,58.64911679,,5.267806818,,
b1a62fce-66af-4d92-92a4-b9e62b1dac86,2.642265882,0.997766042,4.862342105,3.749281396,1.90516297,,0.997766042,,
69ee475b-ada2-4f4d-b127-b9e582bb40db,1.02051748,5.534622005,3.631314198,5.322707235,29.70887432,,1.02051748,,
70842267-c6a7-416d-b254-ee4e51993587,1.881118537,12.41335219,19.14130106,29.52680814,27.52609477,,1.881118537,,
9c9e1f0b-0e23-41ba-9444-db55a56ea62a,9.019255001,4.904875325,18.71377311,8.404894758,6.231513242,,4.904875325,,
c3288261-2ad9-4b07-a417-c74f823087d3,36.09736069,37.44737857,20.7890359,35.20800473,1.280003412,,1.280003412,,
a652703b-1ce4-4e8c-9ee3-c05eada44003,27.53625294,5.257897068,28.46925618,19.22341835,1.851854208,,1.851854208,,
b9278b66-5c53-4dd7-beca-be4dd0df7e3f,5.387085373,10.54240995,1.465644139,5.731304251,33.17442137,,1.465644139,,
38df936c-4929-4136-a05e-0fc289248251,9.838875722,7.894359569,9.024028745,7.684658869,39.35552834,,7.684658869,,
3d4b1779-db2f-4c51-a937-23139fa49c04,13.75977486,8.736061161,6.457318316,10.54613243,10.14225236,,6.457318316,,
cf63c691-9df0-440d-9382-c6e837fdc544,0.797489285,3.904845156,1.728406115,2.267239958,23.2726434,,0.797489285,,
edb9a9e1-bba5-479b-bdbc-c9f13c59fa1e,0.611525741,32.7735771,40.22966823,1.340757579,1.522626352,,0.611525741,,
315a88d2-6730-417c-8322-5ee96b8a3e76,38.9153128,41.26585164,42.55747834,42.34492978,42.66716867,,38.9153128,,
f804d92b-8776-4c6a-86dc-220c3fb7fd35,1.309209962,10.32231885,9.988045109,20.54938884,8.885209172,,1.309209962,,
cb1f5ec5-c95f-43c7-b597-78ec40258285,13.04934433,3.047353464,15.24156759,12.60763021,13.97207327,,3.047353464,,
080fa28b-708f-4185-8b2e-bacac0d18cfd,1.90410361,26.75810059,22.36686714,31.34185316,29.47566051,,1.90410361,,
8b0ecbf6-ead0-4a99-b9c3-d1a00b005d73,3.635442476,2.310158368,5.075829128,1.679739157,19.15963995,,1.679739157,,
213198c9-0b09-4dcf-9e26-a6d48190df56,0.864795839,29.54423676,35.76335239,24.69196612,24.38917017,,0.864795839,,
2116acd3-d28b-4ae1-a642-b72f023db65f,31.79862109,0.909685035,4.067738304,18.14868722,36.24657418,,0.909685035,,
c225bcdf-6d3c-4b06-9aee-47921157c53a,37.57524432,38.14274472,37.52103352,37.54040336,13.50481951,,13.50481951,,
e91b1fc7-a16c-4927-9079-0213223f05b0,19.35385666,5.175183744,7.998016757,37.50875206,37.37350037,,5.175183744,,
9bbf324b-1026-4ec3-9825-c3ead4594879,21.41796854,20.69578369,6.348891971,23.52423391,21.03874074,,6.348891971,,
b2d9bc63-3b97-4c98-9cc7-8917a8095405,17.99865701,7.302473561,9.125380414,28.90390608,32.10901759,,7.302473561,,
284b5a44-acc2-4ce7-a9cd-e0098a2f4afa,9.89330311,13.38415559,9.330571221,15.42068246,16.00793365,,9.330571221,,
ac0af1c8-a569-4068-b51a-f6b2f5313132,14.41723742,13.21900339,10.14938013,5.616899253,10.19147361,,5.616899253,,
77564a34-d6c1-4845-952e-e36cfa3046ed,10.08281131,21.07960351,4.689682902,14.32900198,6.619547979,,4.689682902,,
e616abfc-b203-4269-9f6f-e0867aacb8f5,6.810294965,1.098177794,17.06875048,13.52482153,5.118750429,,1.098177794,,
3115a95e-2de6-434c-a133-66864a5cafb7,22.61490877,21.44176394,20.62550363,32.87288496,19.01853577,,19.01853577,,
f88ad824-2b09-4073-916d-03373d47e57a,6.162895377,26.70797059,7.122685284,35.61938023,26.11430785,,6.162895377,,
bd6ff1a0-96f6-4ace-abb3-ac9f1930967a,4.030727071,4.739103618,7.061782689,3.729308851,7.112403655,,3.729308851,,
4f68576c-6b84-4e63-ba15-99f061fcb0bb,10.13627809,10.77471613,9.598932218,12.09371936,12.35715498,,9.598932218,,
9cfa94f1-f261-41ed-910f-d895d0436158,18.28244877,10.24669709,19.28409507,30.61954092,38.00786313,,10.24669709,,
6d653790-168b-4e32-af0b-54e3a688572c,22.5084443,29.70770401,4.422668282,23.80319716,17.25073702,,4.422668282,,
bcf36a04-bc61-4f66-83d4-d217240ec2ae,18.64181277,32.47566515,23.40488297,22.14471875,5.994146094,,5.994146094,,
522b940c-7065-4d92-bf2e-bf16ee735164,10.25523167,2.901181146,16.48238547,10.40606604,33.5105892,,2.901181146,,
f0e6eccc-8d0e-42b5-bb2f-6060a8b3938d,33.24940232,33.77229704,33.97027851,33.59148329,34.07130902,,33.24940232,,
e920e1fd-1628-4006-a09a-045e58f70cce,5.233544308,23.83984214,19.08798532,35.6600238,37.18957128,,5.233544308,,
7df920bb-62fb-4365-90ec-dc67075e4801,29.10124389,26.90023691,32.02912067,27.11265571,25.13266877,,25.13266877,,
3cf25002-213b-4898-8330-21cb52b74e86,8.153054697,5.780452895,14.38484799,13.45967987,14.00348178,,5.780452895,,
8ee48687-2dff-465e-be70-2a81cf79fbfe,19.1759412,8.278243226,12.09369654,12.68313631,13.32507493,,8.278243226,,
db35cb8b-6249-4cd0-b47c-170ee8b9276c,5.366595437,8.46898175,10.03314118,9.340731596,4.703816502,,4.703816502,,
49d608ff-4035-46b2-8403-f73f8fa116a0,13.62893647,6.737767799,22.31784361,8.416038811,1.654610465,,1.654610465,,
e54e7278-04e0-4c1a-a519-ed4429174b47,4.900145002,4.87084954,18.3986561,8.352276756,22.1727818,,4.87084954,,
ab38dbbb-9b4b-4761-ab20-c89c6dba84cf,7.710965341,18.1278652,7.077369881,6.370132767,2.244993581,,2.244993581,,
850a5a88-f22b-4f4d-9709-adaad2365e04,10.1002108,14.36769424,27.36552195,42.98208907,9.744527736,,9.744527736,,
32450133-f8cf-45d9-9d30-ddbd8ad10b07,41.81217187,35.02391254,11.07207172,15.51096076,16.53389883,,11.07207172,,
7b7b6e22-ad04-47da-94ef-869fcd5713ca,3.119386169,6.341120894,9.867705713,4.046426826,7.862088878,,3.119386169,,
cb994674-c69c-43ed-8262-768a924ce653,8.775234048,7.274380459,3.959115709,10.53402253,16.92180708,,3.959115709,,
1b52680c-9fda-48c5-be98-91b60a566bad,5.054769435,10.0787834,8.801354343,5.111954731,7.121760835,,5.054769435,,
aafbba0f-ae65-429e-992c-aa05b2fee2a4,13.54674119,1.753146017,2.142270839,2.518506604,12.09006341,,1.753146017,,
9603c9b9-fa18-4c45-a7c0-9d59ff5f0e79,19.04543783,3.946444346,17.86888094,6.627141602,3.509278457,,3.509278457,,
a1819dc3-5171-491c-b9ab-4281fc2750be,15.48217116,2.97196964,1.877235168,3.166306555,14.85738384,,1.877235168,,
4c3ba5cd-21cc-4edf-ad08-9e90122a4ece,8.622747294,4.488293553,12.14640648,19.46359124,20.21698665,,4.488293553,,
e05850c1-9dfd-494c-aa65-fe8d28ef481f,7.051675938,7.179757617,19.34666857,10.47070079,37.16233901,,7.051675938,,
b9956e79-f640-446a-9c80-5de67694a395,3.635884925,1.870826718,1.875843109,45.78356165,27.32930055,,1.870826718,,
0e222f34-8be6-4d19-b06e-8256145c22b0,16.6135448,37.66980268,5.889220814,37.4641984,18.13675641,,5.889220814,,
59774826-09c8-4699-a500-d937791e7784,3.747285113,0.60221951,43.07837221,41.29154786,44.98927438,,0.60221951,,
5f390a35-09ef-4ba5-8e01-4ecba12022ce,2.151232203,16.80866501,15.125458,19.6821239,22.54933395,,2.151232203,,
41b718fe-53c1-4e20-81b7-1533188bcf2c,31.52750519,43.3686515,12.19257164,15.11107583,6.307635484,,6.307635484,,
58ceb8a8-e0da-4ea9-8f61-d8f12e8a00e3,1.178286256,2.09323252,20.50427673,27.41435864,28.04527467,,1.178286256,,
ba6c5708-38b8-4d38-afa2-70f560cfca42,1.267226003,0.955370502,7.274125241,7.780336308,7.906655146,,0.955370502,,
a3dbcbff-724f-4df8-b9b2-f8197a182fb7,5.191243028,0.60097982,41.39839465,3.17350742,0.903532245,,0.60097982,,
4a0ef828-f7d9-4abf-973b-1f5afdb3da3a,37.30612235,27.66438166,36.93460079,1.567889089,43.66225459,,1.567889089,,
9b035db7-edaf-4361-8c50-6e2f8b2134a3,1.03287716,16.50326435,22.59742544,15.44838148,17.94626333,,1.03287716,,
7e91d691-6b22-4c9e-b90c-f41dff8afb5a,0.89187205,5.116323188,20.80171717,9.749217511,12.6120649,,0.89187205,,
20de6f86-39cb-4784-a63f-a549ecf50307,1.598142407,11.58856887,13.87003859,10.74784853,9.853698811,,1.598142407,,
3a3bfbf4-30d5-41b6-9104-4e24210e32d0,1.128825712,32.39725772,39.84200763,38.08521298,3.711521558,,1.128825712,,
f13d3e64-6fc2-431f-bac1-22f9e6cbb6c5,1.316903835,9.984435771,0.345352164,5.027857743,4.94697253,,0.345352164,,
3d955560-f77e-4bad-8050-41de4056f1de,13.90435071,12.96189079,20.7457676,27.48550762,24.86541249,,12.96189079,,
ac2bebb9-58b8-4d3b-8191-a4045900cb86,6.429257422,26.12494476,1.908113949,11.33098125,20.04489962,,1.908113949,,
ee827cb5-7cbb-40b1-ae8f-229463e52e08,2.313517455,5.057523211,6.536480741,2.063770673,6.621606505,,2.063770673,,
db0298be-74c6-4aea-93b5-365e92c2933c,1.977531569,2.040403076,23.71587244,3.888226915,4.286446507,,1.977531569,,
ff81e3f7-4ba2-4a2a-862b-0936382b36b5,1.144407723,3.243714948,2.162319561,8.124132788,8.371377177,,1.144407723,,
cdf35129-2eb3-42a5-937c-39e5c9f76aab,11.48282858,15.08710571,22.76186942,13.12780506,11.78058628,,11.48282858,,
b28112fc-5ea4-4cb7-9364-e2bc2094e3b1,3.504573766,5.415301274,8.514981234,43.32806321,6.169554573,,3.504573766,,
0ac5d522-1dbc-4c3b-a842-442808e98d29,21.6631521,28.41078685,24.31126293,15.30966277,12.61111045,,12.61111045,,
59fc6f64-d03b-4838-ae9a-c04c57cbf869,1.125521719,14.80595364,17.57806525,1.702377389,45.51753609,,1.125521719,,
4d1f8674-39df-4390-9b5d-17bd3dbab4da,28.78927506,26.90249808,8.399272389,4.707698657,28.50280362,,4.707698657,,
1a870898-7313-4f2c-b8fb-a95bc747b425,0.470739014,0.647281404,0.771146472,0.79279727,9.997858618,,0.470739014,,
ab6d3d92-d3f7-4e8f-9286-56f538117085,0.81365824,5.831260169,1.449778552,5.684864795,4.462537773,,0.81365824,,
9eca5da4-dca9-43ea-82f4-3bf000c79c29,32.30195281,24.21475483,24.47602244,23.00786015,28.11003105,,23.00786015,,
d5bb8111-ba14-460e-982f-025c8222ff38,6.958853015,5.38424585,11.59414559,7.817514023,26.9184537,,5.38424585,,
bea26061-e001-4623-be23-0c5cf8057ca8,0.55764333,0.496811159,0.773624374,0.987009001,1.623421003,,0.496811159,,
9b18f2a7-813f-4809-9edd-c1c1ccb0dbc2,6.369316278,14.17667408,16.73666641,8.727711344,3.222186198,,3.222186198,,
35506911-7dbb-4414-8c1f-01942e95aebe,9.101727573,15.98305549,13.50536015,24.96539241,5.315037717,,5.315037717,,
e071fad9-b183-4f77-bd0d-a535b23ed1e8,0.434786685,0.910515633,0.766707288,0.741941506,1.462139212,,0.434786685,,
429d9463-8bcb-4159-9428-3ece8be62b31,5.010595057,11.56977546,12.88331938,4.161273176,5.913553795,,4.161273176,,
02668f87-9ab8-40a0-9252-8b42292cf8d5,0.739974298,4.496419156,1.435623874,3.123825118,1.119578298,,0.739974298,,
4da4f7c5-d340-44e3-b989-5c1365b5c442,28.35517132,47.29831534,32.15686552,31.58918017,41.64351794,,28.35517132,,
40ddd8de-69c0-417b-9ba1-90b036229e7d,45.56175836,31.65714596,52.90961057,34.55335407,44.37977634,,31.65714596,,
6c6df3af-6436-4c71-a526-1b098d76c4a9,45.87788483,31.78610048,26.99727927,47.23302774,39.52108522,,26.99727927,,
f92b7219-fc7e-436e-8bad-83a8f2bb51fe,45.91213596,44.70075462,50.09713766,39.57611057,31.67027137,,31.67027137,,
ebfe2ee1-5295-41af-869a-79086f1f6d15,46.03848357,47.41642968,50.20137502,44.78371131,39.66561791,,39.66561791,,
bbf868fb-40eb-4151-827e-7c641c4aaa70,45.32067942,43.24083961,38.9277879,49.44131274,43.95573806,,38.9277879,,
6deeeecd-2c13-4705-920e-d555ed47d9f4,45.59359169,36.69347209,26.92502077,46.88602046,32.83910858,,26.92502077,,
1e9f8c10-0ca0-415f-a785-e95c9a638cd4,46.65279414,23.0758051,33.26678416,45.31750387,48.09472699,,23.0758051,,
a64624e0-a6c9-45a5-9b2d-a116367ea507,2.56016,4.067335347,5.049000094,28.35524981,4.69745689,,2.56016,,
b3e2bfb0-6154-4bf4-91d6-921991afad8b,13.74771664,20.25705747,12.63044751,11.35981525,12.56591452,,11.35981525,,
83d97c79-5a05-4860-bb35-5d931068ee48,6.082683541,2.91960217,4.235077723,8.660311061,16.54740992,,2.91960217,,
446cb62a-49c9-4ed9-87b4-0bf32dc6963b,2.780447605,20.4091914,37.77851486,39.00476472,26.62499972,,2.780447605,,
0d2e262b-a47f-412e-af7f-27486e2a951b,2.181051131,13.5378872,2.198369553,17.42258835,3.461969621,,2.181051131,,
0f53b4b7-bc46-4d11-b4a2-8af0f59cdfba,0.786144594,1.068168306,9.844040005,7.188200122,13.80099423,,0.786144594,,
9d413993-295b-4f20-a575-4d76363f568a,3.107306677,18.46742913,2.589296208,16.729097,24.30880368,,2.589296208,,
0bc18721-4e99-4184-8618-a5337d60b0bc,2.245395869,23.0085792,36.98078977,3.060327253,11.13705784,,2.245395869,,
f22d9125-cbdb-4ecf-bea2-a9ae3cb9dc25,1.803880779,17.08893697,17.19776724,17.29976795,17.19227523,,1.803880779,,
4b1d8a2c-3b88-44fa-9c9a-f913fdd5a33b,0.618305954,1.317808465,3.807738178,1.129684434,3.219243846,,0.618305954,,
4b10e94e-0eaa-42bf-8f1c-d76c4d490e9a,21.80402804,15.55677825,9.990229709,19.39771488,18.96312845,,9.990229709,,
fe0c4b98-e40f-4781-9c89-0e3f9b575177,9.261902892,16.93832813,8.189806491,8.172998442,22.50246981,,8.172998442,,
22325b01-869c-4368-9bbd-58a26bd73cfd,8.592155369,13.83305459,28.63225447,10.91228535,5.767917186,,5.767917186,,
4e3ed741-a425-46c7-981e-6248def0218d,1.751617769,1.500578681,9.440977178,10.13954539,15.12555175,,1.500578681,,
61b720df-e0b5-49f3-83d4-0d9fd7a9d41a,13.20384486,14.35541887,19.02409347,19.76099163,18.21464922,,13.20384486,,
6021cacb-4232-440e-8910-f6b899d083f8,0.409276688,3.293811939,0.340861127,39.83600148,5.040988288,,0.340861127,,
7b8745db-4a35-457a-9155-6a6746401470,0.296653163,12.89412847,5.48928172,14.72159253,6.62069436,,0.296653163,,
5dbf96a7-3140-4baa-a731-d837bce8cd34,0.285167951,3.24653614,0.32235827,2.677340909,15.13881194,,0.285167951,,
374a2c81-8708-4452-af77-02f4a6d8c69b,3.586934281,1.957529731,31.77988623,2.391023212,32.74038196,,1.957529731,,
d4189ba5-2d74-4501-922a-adbaa7083cfb,0.415021554,3.386154709,2.147556987,5.647959756,13.39371538,,0.415021554,,
7bd7aebc-c999-478b-a86d-8757a785f411,3.736318372,25.14599451,14.86003734,17.97131074,2.694890293,,2.694890293,,
cd4f7cbb-6464-4c94-a868-69a64ad2c201,0.588807074,0.950190085,25.85588363,32.66123691,5.876486161,,0.588807074,,
f4011aae-e530-4cd7-9688-a03814c4d61d,1.323244538,0.911556316,5.581452536,2.115553726,11.04512406,,0.911556316,,
9703f8a2-eb70-47bb-a844-5629c0bfff72,35.8203765,12.44342515,36.53554878,33.72734668,34.96218517,,12.44342515,,
b9fa3a70-07c1-4bf6-9309-0b81b57565ce,26.1666712,27.71836165,15.07361924,26.10736337,26.50595539,,15.07361924,,
8bd070dd-3a81-478d-8a68-d134a1fa7246,3.237022548,11.87506404,13.91001588,11.03901146,1.781894812,,1.781894812,,
1cf89b90-812d-4579-936e-5001cf640168,8.657298476,37.0610943,11.27153928,17.17260214,35.95960131,,8.657298476,,
353c4931-d948-40f9-9447-7a6cd37e2a48,16.04193909,8.76091856,17.13246658,18.23893561,8.795171685,,8.76091856,,
d8d767aa-bcd2-492f-8759-0e66e6d9e32a,2.568999502,5.695504988,1.381003456,11.34762542,5.116652891,,1.381003456,,
0249fcdc-a913-4caf-9a5e-00e1718f07e4,15.45747142,3.34260444,14.54759295,5.686265882,1.801773436,,1.801773436,,
f8c259c6-ae76-4a79-9637-3e1dfdaed681,3.017774549,1.807911867,2.076577791,1.243171243,1.490986111,,1.243171243,,
182dd2dd-8010-4f87-9137-b9665cd831ce,6.483604282,6.449895408,5.366064246,6.835215212,4.696869681,,4.696869681,,
acab0e9c-824b-4987-b6c7-5523e9b6327a,3.956355992,16.29668674,11.0357977,47.64559608,47.51085522,,3.956355992,,
5ccc2ba2-4fbe-4e8c-b6aa-89eaf5374caa,12.7835847,29.75296316,1.56250375,3.790054359,17.22673175,,1.56250375,,
b06a3869-b6bd-4765-b119-d876ba4e51d7,1.141298994,15.35447336,10.63274701,16.63010749,14.87950815,,1.141298994,,
82f0a9f4-82ba-4ecd-aa0c-48362a416365,8.570319925,15.85559835,14.22530847,17.04556799,8.113087389,,8.113087389,,
2fea5176-eacc-4e17-8545-95e74d08dc79,8.32058888,15.72903293,5.892573181,37.65087941,15.88701361,,5.892573181,,
30c16da2-429c-495a-9c39-33adbd703d69,7.256440246,16.19639144,17.6385085,1.411074065,14.5668089,,1.411074065,,
7c93c843-ced0-4949-9fba-2af2ec1b43e6,17.07128821,1.740081398,14.77424065,17.39791025,19.2381554,,1.740081398,,
ad7b1a4d-b194-4759-9512-eb1c3e15d4c0,9.40624459,16.98967698,17.35065986,17.68380367,7.897073321,,7.897073321,,
ca30c95c-94ad-4e03-bdf9-1388ac374b19,16.06455431,17.12600033,4.654696137,2.82351009,15.4003031,,2.82351009,,
9c8347bc-8c8f-468c-b482-e598d024761d,12.92403015,13.25776724,9.735856357,43.19306204,16.93084766,,9.735856357,,
d1a90d79-2b50-41bb-ba06-3af50fc05dcb,16.96610021,10.22071822,39.48073754,36.7903078,5.896577219,,5.896577219,,
c94359b3-ab7a-447f-8f30-6eddb4f10017,11.54363801,27.45041251,12.46266934,33.94105988,17.68536498,,11.54363801,,
361c3715-8495-4d25-9602-7ad6a64e6cbe,15.92677397,9.289494138,34.72457812,10.91964126,26.90659975,,9.289494138,,
4cde989f-8875-4633-921b-c38c991a73b6,22.72496208,31.15957838,16.70011244,28.46990427,27.84979447,,16.70011244,,
9245945a-658d-4e13-bf18-0df29cdba7ea,0.758068425,6.276514465,37.22037633,3.351830427,43.05997217,,0.758068425,,
15458022-20e6-4cd9-83ee-32c80426ee7d,2.99708698,13.02738374,1.140527594,13.95928001,2.339364458,,1.140527594,,
f99fef2b-a512-4a4e-9556-23f04057d9cf,5.041904319,0.977390115,4.412881675,12.36281824,11.79141269,,0.977390115,,
bae76fce-bb2e-45ec-9d0a-2cbac00e575c,0.540337677,35.91434076,46.78753364,1.575965938,2.10432174,,0.540337677,,
4a741a07-b2f3-46d3-a823-0b769232bf09,0.587253449,0.419050963,0.79084469,2.657121077,2.392135195,,0.419050963,,
48a65006-3559-4fe0-9b87-a9ec374e93e7,3.91440759,5.266294082,4.0227192,32.66104642,7.198128016,,3.91440759,,
a90b210b-104b-4c63-9653-1a60087cd831,7.486431972,34.54250051,12.14744044,11.95685198,18.86972076,,7.486431972,,
3ad7ee3a-8a65-4059-a865-915571c4645c,15.92580905,19.98836073,4.680183675,4.170858786,3.667467637,,3.667467637,,
45b8859e-dd56-4fd9-a49d-4f9beb089b75,3.597520962,12.50817007,15.81206367,24.17285599,25.84438664,,3.597520962,,
77cbec6c-c4be-4586-879f-fd6ffe8e7025,32.21239028,1.494669365,31.25222573,16.51192251,4.263366336,,1.494669365,,
d9b49ea9-6a31-4947-bf86-eeabe1481a3f,32.92605452,32.47788858,32.59652572,1.341323095,9.893257975,,1.341323095,,
8f653589-3f49-48b9-b23a-7a2bb471dd14,13.64290736,1.481810644,5.555554447,1.479050119,6.565034078,,1.479050119,,
c7090efd-0ce1-490a-94d5-5d97ce955ad4,34.70012587,34.99483751,12.61003305,30.86122332,1.638043987,,1.638043987,,
bc8b7142-7428-4f94-b722-640f7202474d,1.508692988,3.479898985,13.40728098,19.34037889,15.20450151,,1.508692988,,
c55f5bb3-725e-4540-a417-995bc3451f8f,21.57456824,18.01975079,2.041374174,4.258523261,13.61232488,,2.041374174,,
c48a6848-bbc5-4c16-bc36-e07ef0621f7b,48.13032332,34.76989648,9.252238861,27.45701715,28.03567337,,9.252238861,,
afa8f5b2-32ff-4435-b860-44b5c88a4d3a,17.21727343,17.1845256,39.40597495,36.66066138,30.40547776,,17.1845256,,
d817f3e3-7b0a-4649-bffc-9af02dc5b1f0,12.3964816,9.083476142,6.688880481,3.206903675,8.30415276,,3.206903675,,
4527fc05-bd46-4416-99b5-d331a15e4eb0,14.3905553,14.45901813,14.40072695,14.34206823,14.7216794,,14.34206823,,
1ed60ea0-5e3c-469a-b331-e0f20aef5d1e,10.86041157,8.148672162,10.4386481,12.15282457,5.073542039,,5.073542039,,
98265ae7-51a5-418b-a514-cb25644dab09,10.65831396,12.0672503,10.59663555,9.776050676,12.73546522,,9.776050676,,
92a0d122-3427-485b-b347-d1b72a50d9c7,25.23490294,14.30600455,13.01527073,4.812169621,29.88714433,,4.812169621,,
a862590f-0407-4d17-8c0e-cbf51d51b3b1,0.732909605,25.70054597,5.12466455,24.56125547,29.28807077,,0.732909605,,
2481c0bb-c913-42dd-b943-6a8ab3dec17d,20.26044284,5.330912664,17.64060969,8.211673002,9.465067285,,5.330912664,,
73e4ac65-00e1-4406-88df-1a8827311a72,0.506404414,55.47960906,52.22382051,16.42609417,38.99631494,,0.506404414,,
78d1f8f9-5a62-473d-96e3-9e0a66780cf0,9.754864009,9.62217883,10.30253679,11.06630172,7.963068107,,7.963068107,,
d04b0006-2458-4d6d-9652-8bc2ee238c9d,0.553827837,13.22073318,6.240270824,14.11506434,46.46280424,,0.553827837,,
8ce1e3f7-1581-4731-a873-f39b5e827a59,1.094192537,6.020476643,8.19490643,15.43362372,11.91989302,,1.094192537,,
e1673748-11fc-4104-ab5c-7cee050a17c3,28.34085944,17.73514058,18.68664498,1.616452806,23.64720383,,1.616452806,,
f32e9986-1293-4a83-a181-792c01826655,1.396670108,0.623451029,14.88726197,15.82909215,7.350432333,,0.623451029,,
81657ad9-cdad-487b-957f-bbadeea04c6d,1.485183997,2.524226443,41.31893285,30.56158633,41.1031899,,1.485183997,,
7ca4ed88-8cf5-4e64-a037-d09821833aa6,11.46971165,49.99863382,0.690103801,46.57609212,35.00433922,,0.690103801,,
ca9249a1-6b6e-4490-92f0-d7511bb1413c,2.316605024,28.80189497,43.78156097,21.5526707,10.44081634,,2.316605024,,
61654bc8-d4ce-40c7-b9b4-3818219ed642,23.39386609,20.57422995,16.01616791,24.46434738,13.48307562,,13.48307562,,
c2c6b862-3172-43ba-9cd7-9330e4c7561d,1.234159602,2.799618663,8.505972765,0.498908622,13.59240257,,0.498908622,,
8529cfeb-5a3f-4dad-a521-f29eb37ffedb,10.93772135,34.70713038,41.36154626,37.52437275,2.553359101,,2.553359101,,
2231dc75-de96-46a9-b51f-3bc2f5ee065e,1.187241948,25.02174433,25.1944165,23.3812525,16.3892496,,1.187241948,,
adaf6ea2-c9dc-4305-8660-c082eddd2f03,3.329346931,2.041401687,1.600233421,26.02028228,23.33951896,,1.600233421,,
f564c451-071f-48d1-a78f-87414b0ebfa5,42.04136433,31.52017887,26.21950642,15.76552562,44.10397431,,15.76552562,,
ca693a49-19d7-484a-aa9f-1bd843385b9a,1.20104168,20.33924261,4.647456686,17.03406408,21.8103857,,1.20104168,,
b376d3dc-4138-4ba3-ad70-c7d0b785d31a,41.8664006,4.761760744,22.25518425,14.98553262,19.96304247,,4.761760744,,
32c9e4a3-0263-415c-b204-658430f7080e,1.82510741,4.896033113,27.02011586,35.18602526,16.14955845,,1.82510741,,
74bfdbc7-0ac4-404c-9deb-b31c9e66bbf6,34.68436628,1.916148354,2.296235119,34.4771446,8.194936559,,1.916148354,,
a67ddf2d-8766-418b-bcb0-03862c74d6df,1.962138808,26.18254595,9.687971186,39.02619483,28.78854408,,1.962138808,,
f89296ba-8860-4902-9139-b8aa443b7aa2,12.01299633,1.007399723,30.41450726,1.581270952,30.12562858,,1.007399723,,
76d80caa-7882-42ad-8cd5-eb7fa57efc01,23.75059669,11.02155694,2.247456625,15.77850799,23.60862938,,2.247456625,,
b5760eb5-2ffc-48e9-93ac-de2f724446bf,29.87430616,2.419371891,1.534624538,23.05403522,14.48455023,,1.534624538,,
93c1b0d4-4505-4177-8660-44e28003aa8a,6.60976255,25.99696465,12.44535487,13.58062108,15.53904842,,6.60976255,,
1512da24-a9b5-479d-b915-64225869aa77,1.757324051,35.9797503,8.971260479,1.354878854,1.869633961,,1.354878854,,
52e9fa4c-7565-41f0-9193-e53e16f55cc8,6.513913766,42.95800228,4.161834288,45.97167345,8.379900023,,4.161834288,,
6ede0984-37b8-40b8-b8e9-d672b477b2b0,11.26959255,8.882512865,2.215141392,8.899574693,5.479705499,,2.215141392,,
e36077eb-51f0-44b1-ad62-5b9c9988c417,3.957424524,4.427538619,46.36704189,7.124288917,8.779627496,,3.957424524,,
8e53a3b1-159c-4b10-8b72-f3dd28f9ff1f,2.578010944,8.251335739,7.347615967,29.2561675,2.0581741,,2.0581741,,
2f808f6c-8cdf-493a-b69b-80ceb5f61869,18.42136186,12.51235617,11.6733258,13.87956511,10.99362365,,10.99362365,,
c05a7ec2-e150-4543-9fab-32c02db9d94e,27.24103411,14.27349347,5.712716503,4.311802747,14.08848295,,4.311802747,,
2ff72eb9-85af-47c0-85f1-71be07b54a91,1.347856472,3.66530244,1.49366603,4.425910144,3.652249585,,1.347856472,,
c218a5ba-a35b-44f3-9436-cac5cb80d9bb,11.8666131,11.36368849,3.028835147,7.986239719,12.27414935,,3.028835147,,
b919d4dc-e811-4b9a-ae3e-24b3fc9a2750,1.966397953,2.093114123,4.303312698,4.356049667,5.085788459,,1.966397953,,
92e23b02-fbaf-4331-ac03-efa590632fb8,33.64374754,33.76864471,12.31651494,1.635462241,4.312811903,,1.635462241,,
d17f9123-bba4-44df-9e74-22d69dc44d0f,7.844050993,35.4132242,38.60651207,39.66567588,34.50687022,,7.844050993,,
94688a4e-a60b-42bc-89f2-38e164a9b511,6.072533972,45.31659762,35.77280742,44.86452236,8.540084191,,6.072533972,,
06ceee8e-423d-4554-806d-f54ccf57ab70,26.67756717,1.721180951,26.48230179,29.43143911,6.807926684,,1.721180951,,
18f4a69f-97a6-4016-9819-a3e0f2749062,1.654381713,25.04879976,26.6356403,27.19058727,27.52866341,,1.654381713,,
bc8ddf15-2fd0-4721-84d4-e39dbef55670,5.646647216,24.29675518,10.71101411,23.61817966,23.704441,,5.646647216,,
1f87ddb0-585d-46ac-96df-890329dcb79d,11.39460509,41.74648481,5.590260503,23.15632703,14.15990664,,5.590260503,,
5782ff9d-8fa4-400d-aea5-b0dfac925d90,6.220213614,4.903545375,13.03308876,5.130812749,3.730741443,,3.730741443,,
3a6d4000-f67c-4db4-8d3c-a002cda9ec5a,5.12227092,34.36477323,3.069183394,36.15541284,18.33607503,,3.069183394,,
e7219d64-a373-45e2-8f4a-76cd8270d96c,2.699351914,42.18993653,42.269545,13.85854362,42.95642568,,2.699351914,,
7e73ed05-9b36-452c-a741-a89ee644c0dd,16.25195981,15.5572409,15.46354408,4.536130691,12.33277952,,4.536130691,,
eb63a674-54af-46bf-8195-5a61feb94032,2.344487297,37.62885769,38.51934169,37.09528051,37.07891011,,2.344487297,,
179fac3d-f140-42d2-a510-711bfaeb8f63,19.57281323,19.88114041,5.849184916,20.38592476,9.095780962,,5.849184916,,
e28fc689-52c0-4108-acd7-baa8ba82b02d,41.01952384,41.75396525,39.77112212,41.43404719,7.669505054,,7.669505054,,
ed80f5ad-6a30-4c59-9214-b0ea26840ba1,29.84505855,2.911049615,2.054659055,1.238384238,6.836257145,,1.238384238,,
a07161cb-d24e-4247-88af-2dbc18558226,16.93139274,14.94889801,6.179916273,13.09127319,17.54252717,,6.179916273,,
1b35335a-b867-48f6-94e3-3685a79763f9,4.315307601,11.2737824,6.29690775,5.925229263,19.44355223,,4.315307601,,
e231c98e-2b45-457b-b299-c733dd366e80,14.54261593,37.50977182,43.40387053,18.72967495,1.342318063,,1.342318063,,
db766547-d2c8-4f0d-b943-f3fcaef91c22,1.45279917,1.068368825,4.807463278,8.063094219,5.860510292,,1.068368825,,
1ddcb356-f3ad-47cd-9e30-a12534323990,27.76027745,26.90730675,27.24791781,5.258533802,30.56339848,,5.258533802,,
cb2a8550-1ac5-49e9-8835-db612281ec91,1.868145474,1.923769557,11.08622973,6.27981086,1.934857475,,1.868145474,,
77ab6f6e-259d-40eb-9bd7-569621715fec,4.818942384,3.691613417,14.67273873,44.72225536,9.468529079,,3.691613417,,
e9d8b576-64ca-42f9-808c-d1548a1c19be,13.04862717,20.95371899,14.84606936,31.79856834,24.7028101,,13.04862717,,
078e3bb1-c84c-4d93-8ab9-88d709bdeaaa,25.75450467,25.34430119,5.828042429,17.01425259,9.835713849,,5.828042429,,
23b47484-08be-403e-940d-17ea91f89366,28.19357998,17.40439461,13.30623819,12.13284035,12.60167273,,12.13284035,,
35d77909-29fb-424b-b1c1-74a4dfa41c0c,2.59834285,15.63561862,14.68714986,1.69529451,6.882720218,,1.69529451,,
1849b1ec-3f82-4eed-9cd3-5a9fb84cb713,8.6388007,1.324357101,2.340810093,5.186603016,2.311908174,,1.324357101,,
6649e827-e68e-42da-a4ce-fbdd1e6e966f,2.51470198,1.297390722,1.753973889,12.570555,5.728230361,,1.297390722,,
edc827c0-644e-4334-a299-403e472432e0,3.279188936,1.716571398,3.63026141,10.77589137,5.924050001,,1.716571398,,
55cda69f-3373-4714-b7d0-2b0639af29a9,40.92903648,27.4644332,23.66832018,45.18987905,25.39754705,,23.66832018,,
1129badc-c9bf-4519-8845-9a923fc6e1d1,3.026975085,7.995755909,16.47978823,17.76355245,1.629748293,,1.629748293,,
cb7a0558-67ca-48e4-a0ec-4a7949d79a82,7.161435778,6.937339935,2.428412347,8.178625892,4.066749816,,2.428412347,,
25087a58-fa8b-4b89-95f6-9d568bfc48c3,0.968132783,2.275757244,0.915573274,0.452235247,3.561887137,,0.452235247,,
811e8faa-ef5e-495a-b014-b684faa71a79,2.259872808,34.08575626,1.460819057,11.3686995,6.877424877,,1.460819057,,
8e432f19-56b9-4f33-add1-7d5b4899af8c,15.30827014,3.141258191,30.62317607,18.38394725,15.69733358,,3.141258191,,
152ae5a1-4dd7-4391-97ae-dadace65d971,0.82479706,1.703521315,0.723805008,41.56646231,3.322704143,,0.723805008,,
c8c2bbe6-ee59-4f4a-b22b-c6e44aa8e76b,2.575711029,2.029171916,1.062038257,0.653545826,18.69705742,,0.653545826,,
d3880989-6c41-4149-b9cb-142d810e39aa,3.941420033,7.956197012,3.326415675,1.911339149,1.127987984,,1.127987984,,
e7690285-3a78-4522-9a09-02821b733b48,16.81168731,18.52882741,21.27459127,26.68968505,31.4111542,,16.81168731,,
0081b433-e4aa-491a-acb8-38b34cb024c7,4.261342544,2.376497062,1.767396224,2.085714759,2.12605633,,1.767396224,,
aea5921f-2bba-435a-b0c5-ad4ef21c0b8e,13.82899887,22.16434807,9.457021047,18.93448414,18.57522101,,9.457021047,,
e8cd1cfe-b373-44af-bb3c-15c35911a21e,3.622979967,4.69488734,6.452786894,8.90759292,1.861539414,,1.861539414,,
fb5c8d42-4a29-4db5-97d3-d6601de61c27,2.964301768,2.623952833,1.795216122,1.909643585,45.22925505,,1.795216122,,
768e3d11-52ff-4c2e-8510-cfbb3992bfbf,1.721598003,2.639710303,12.30015236,11.90884948,28.99020927,,1.721598003,,
6114a213-8376-460e-bd4b-3f2256d82c9a,2.118212601,2.009014157,18.49981933,2.579144215,3.378234611,,2.009014157,,
74658cb4-c9d3-4735-b8a7-eda7f0e48a99,3.253495079,1.311325656,5.799248168,4.017447644,1.341224085,,1.311325656,,
3483c96e-3578-4966-bdec-79d0cbbb824d,2.807007161,2.008527359,2.796410587,7.314852717,2.273511982,,2.008527359,,
da974875-8e0b-44d3-ba4b-81a1317d116e,1.921361084,4.922631459,1.825083463,13.63239529,23.28949996,,1.825083463,,
82f89ac7-179d-42c7-b23c-db9e188034f3,0.329327813,1.839451902,3.194817871,3.548887813,40.08913717,,0.329327813,,
8f110fbb-474d-4c5d-8b2f-ff710ab99c1d,2.687700978,2.127771784,5.383438563,4.430101212,2.506945324,,2.127771784,,
1e62b342-2c49-479a-b416-4433c753164f,2.157936814,8.770674387,41.4143012,2.868904174,9.514377503,,2.157936814,,
30ce8bae-b3f1-4c7b-8dc5-1cea7eb49a99,4.437360602,4.408485643,1.575565102,1.744335482,4.892744237,,1.575565102,,
4dc967cf-64e6-4024-9631-7eaa6a966279,5.739619835,1.618711488,0.691717592,8.850660188,0.95993109,,0.691717592,,
e6570ed8-e79b-4e82-931d-d8ad7049cc4b,1.760550162,1.212208828,1.135575414,33.32422623,46.84845715,,1.135575414,,
1d49136c-6a05-4867-ad89-fe4bf0df5853,22.06627024,24.9804218,18.84290284,25.34546715,6.279365119,,6.279365119,,
87e04de0-0afb-4c43-a6b9-32cca12ba89c,8.7927692,13.01272384,2.592404661,8.089918744,11.57607182,,2.592404661,,
f8b15718-0e74-45ed-a039-e4094b795593,3.359003525,2.678607747,5.410097444,1.330221991,17.73098909,,1.330221991,,
a8534c06-f66c-456d-b678-26c98b3f19d9,1.172311368,3.275852255,5.175030424,4.303433105,5.228824467,,1.172311368,,
e8080a73-7553-48dd-8953-2de17abf8c2b,3.199325549,10.96607848,18.81054464,41.70787884,8.380016002,,3.199325549,,
5b03d9fc-9c24-40d2-8db4-d432004b958a,3.041320057,3.49495562,10.97664915,3.392392153,3.601879471,,3.041320057,,
0483946b-b267-4e99-b9c7-c7e08d3404b3,33.11776273,33.43507529,21.49722251,5.628752219,10.41972662,,5.628752219,,
531626a9-1a8e-4ae3-8851-5ca6d19d4a57,1.876655268,2.770716301,6.493464382,0.807838475,2.451680522,,0.807838475,,
643f1036-9056-4ac6-abbc-032387ac8436,4.672696603,4.99682496,4.250352624,4.404793268,3.062954839,,3.062954839,,
b5d60cd0-b8ce-4a38-8173-69bbcd2cc386,11.5312397,8.858205779,10.22612403,8.44889746,5.768366168,,5.768366168,,
e425e4c3-9ca5-4c75-86ac-65d26bb1618f,34.47154842,33.82327917,26.1200195,16.61291465,12.79945209,,12.79945209,,
6ba9303b-e7b0-424d-97e8-ff370e3aacf6,6.159149633,15.93504621,4.769543128,6.10491835,11.29805543,,4.769543128,,
05ca640d-7e29-4d64-9c8d-ebcb9358b621,14.28131206,9.401322634,30.60262249,8.866252196,30.39201305,,8.866252196,,
03ffd116-5d17-42b0-912e-4140c40fa48b,3.305835989,0.807298529,1.629710118,4.76503788,9.378518616,,0.807298529,,
401ad5cb-2ee8-4ffc-b7ca-c735a6167f04,15.1087248,5.857452347,6.860784072,12.69073988,27.96608358,,5.857452347,,
75620c7c-2627-48b3-9f2d-8b86d2d09a82,9.54881391,36.04693989,33.93450362,38.42153982,20.85937561,,9.54881391,,
b371a4ef-e6ca-443c-b5e4-03575653e6a4,1.343243834,2.482028677,1.842246174,3.60795513,1.617905279,,1.343243834,,
4eaf8c6e-7e67-48e7-a9c1-5faca83f87c7,6.914176021,5.404296071,2.876668323,3.821148248,7.060636377,,2.876668323,,
be0e56ba-f2b0-4da1-b340-da03207a5c44,0.58833833,6.631626079,7.941372336,6.790193893,4.862885641,,0.58833833,,
5af96874-789a-41fd-98dc-30267a972a8e,17.13980143,13.4297708,17.69297555,19.04063768,9.561518491,,9.561518491,,
8a93e13d-7f7c-4309-8d3f-f72e2fde8368,36.61801855,16.52908264,15.58825836,9.954994935,28.32673348,,9.954994935,,
940edea3-7a9d-4383-b0f3-987efdf8121b,20.58068648,9.127898819,23.6315176,36.70834346,18.09411545,,9.127898819,,
55eff2c0-3938-4d09-a152-9282399aa7f6,14.39878528,18.31283176,23.01122206,21.36753846,32.54616581,,14.39878528,,
f700ab68-4d90-482c-9e24-7f6c25c28bc8,13.62657413,3.258071984,3.17342815,5.739837085,27.10152024,,3.17342815,,
58812696-830c-4d98-8158-ba4ec65a1206,17.57663427,6.484325179,0.936028928,16.53089498,29.05475461,,0.936028928,,
24079550-736c-4f83-beb6-013571577995,0.438389131,0.870959575,13.28259555,6.842733863,14.13899942,,0.438389131,,
93c46868-d6ad-49d2-a0af-3c43a482b59f,32.86692779,11.3892693,23.58573124,31.78016352,24.90567931,,11.3892693,,
c92e0b5d-8e8e-4dae-93f7-7883aab67a3c,30.02290936,0.584128563,30.87536889,1.517836689,2.135048933,,0.584128563,,
4fca23ad-9f68-4b26-8050-8f148da0e81f,0.553021638,0.910691027,1.176057569,1.965295736,3.318526819,,0.553021638,,
40d31344-2590-443d-80fc-ec97b04a0ac7,0.356811974,1.009256479,6.870448285,3.161952464,3.280436995,,0.356811974,,
57439375-ed99-4248-b5f5-cd4941048e21,9.85752965,3.299989304,9.330738601,11.73825895,17.91988894,,3.299989304,,
0cc3fdda-1bba-4ee7-83d1-95fc417395a0,20.68180073,23.56690223,20.78051154,15.5636367,19.59573069,,15.5636367,,
880f79f8-c363-4534-a5e3-20ae2df0efec,2.691186822,42.54303849,41.65192111,31.53011317,41.79420585,,2.691186822,,
4842b11d-5b70-4fab-9e83-3a97742f6825,30.26794023,0.830750361,30.6932257,12.22532412,0.259016795,,0.259016795,,
091fa430-60d3-418b-92dd-b38f83781696,1.601700098,0.612409932,16.45411485,21.35892796,3.29779653,,0.612409932,,
7eeee133-1491-4ea5-9f99-4a58bbe78f15,8.666468295,13.31845372,12.17554774,24.27389817,7.794818159,,7.794818159,,
c14060f8-5fde-4990-8b43-bd96d519a247,1.228846238,1.775533726,10.46231501,18.8909798,16.78771111,,1.228846238,,
8fa6ea0b-55a9-44c1-a681-f4d67f88459d,19.06496751,0.915678615,49.05782613,11.05916517,19.0425562,,0.915678615,,
c09818ea-4c30-46ff-ae6b-f48d8b2973af,30.11763382,16.03490153,30.87267381,12.96274972,0.515145529,,0.515145529,,
809770d0-04a2-4adf-96c6-8eb5f53aec54,33.3202316,4.006800427,33.11340432,3.074270358,8.757529549,,3.074270358,,
42274628-edeb-4f8d-81a6-1767346f4053,4.49933799,3.564894927,10.31195745,42.32610844,44.32505019,,3.564894927,,
d0161223-c563-4c44-831b-e6e9488c953e,5.897183794,16.97160757,37.01660401,3.085021187,27.23856169,,3.085021187,,
b4cd0271-21ae-49b4-bcc4-1d798492b73d,3.478233263,42.06882797,1.438973564,41.67527102,2.658466916,,1.438973564,,
4ea924d2-440a-4a31-984f-9ebe1ee2df4e,0.702779097,21.5335301,5.451177084,12.83594328,20.74285382,,0.702779097,,
cc71c807-a8ef-4695-8e0e-4346c0757435,1.251945053,0.779389592,1.936508963,13.48248858,1.419481961,,0.779389592,,
f0913777-6154-449a-8e86-3039c18e3c81,1.031636141,3.563195095,0.69695788,3.008250031,31.24150955,,0.69695788,,
db074bb4-b3fe-4a81-ac35-61c57185d2fc,1.561303155,3.614981426,1.11171999,31.76767205,20.82735787,,1.11171999,,
3629fe9a-bd7b-4f72-be44-05782ac9ce27,3.911059778,3.604339609,4.903582718,24.84492112,26.72928234,,3.604339609,,
ba598e4e-ffaf-4330-be25-9c67edc5421a,2.143312092,8.853329686,30.94794915,0.735881867,1.652662167,,0.735881867,,
0abe051f-75a5-4dda-bd6d-532199f21149,1.16637654,1.012283201,2.326865984,31.62687347,11.97848318,,1.012283201,,
eaee1082-13e9-4d6c-b8da-d914f7842a58,24.9132518,46.16800881,24.39264011,0.511920755,26.15160968,,0.511920755,,
57789554-bb35-4bf3-912c-0dde7f2cf1bf,2.19452257,2.148762547,2.056746881,5.102988428,5.893379569,,2.056746881,,
10ee363e-6462-400d-a1bd-7e4215d60037,13.99784933,25.37582397,8.537709547,6.530776167,10.32881405,,6.530776167,,
000e9be9-dfa1-4e6e-8239-caadf9751893,15.62623043,19.73098497,17.23278591,15.84153208,11.33701996,,11.33701996,,
5f2ed526-c964-44ba-b57d-a2090362ba03,18.90261529,9.40830127,4.783275351,19.60661168,19.18855359,,4.783275351,,
5152c0e0-ecda-4d92-85bf-355fabc42e17,5.948428869,1.794845266,35.31277085,2.700419027,13.99446108,,1.794845266,,
39fe1ffb-49fa-4387-bb21-cbe5c8502287,42.15919611,2.814062134,42.26244455,13.79161494,42.13845613,,2.814062134,,
36f25690-9a07-4a80-9322-05c4b36409c8,40.79547996,40.07678485,25.12481434,39.24938962,0.87207931,,0.87207931,,
347a001d-f389-47ec-a784-a893d204448d,3.185963966,6.927089133,4.265003174,4.964969131,1.238897021,,1.238897021,,
d6ca60c7-e4e8-44c1-b4a6-e44d70756ef2,27.23591397,1.846928815,3.806173399,1.443398004,24.39468744,,1.443398004,,
9397e953-7dbb-47f2-92e2-7c54093a5f11,1.798589423,0.761104789,5.216840338,29.95002652,0.597215886,,0.597215886,,
3912703f-78ba-451c-813f-fc4e602e772c,25.06043469,26.23107675,25.50457816,32.16242443,4.183323372,,4.183323372,,
21e73eca-d2d1-42e9-8ad0-26325169f064,4.440813586,6.671002868,3.444820015,4.808971322,14.37610533,,3.444820015,,
5db16f59-28d7-469c-9ca2-fc536dd45e28,4.013767787,38.31841403,38.01553584,2.146618038,39.4064657,,2.146618038,,
dc691d62-307a-4c13-aeca-920b29a54979,42.9800237,28.70305412,15.22905183,2.71856102,37.21098967,,2.71856102,,
8ed2e19b-0f30-480c-b3de-4d85ce1e47c4,5.073590699,4.26670816,3.712314828,7.221169671,8.110575672,,3.712314828,,
4d72edfa-cdbd-4522-aded-433ab5099e1d,42.68634784,4.828676947,6.394872907,46.23566648,8.528418528,,4.828676947,,
c153aae2-b49f-422a-b75a-7bd67ed9bce7,21.02133221,18.38537213,17.54794363,12.26566257,13.22541151,,12.26566257,,
8768a2c8-53be-4ed9-989a-34318a166aa0,2.058038782,25.24113764,27.00261278,2.90915805,3.07571901,,2.058038782,,
871cee02-afe3-4b49-ae2a-4727b732999a,19.93205938,3.905172705,26.49563304,35.8254059,55.45418094,,3.905172705,,
68f7e9a3-eb4e-4af0-8a0b-671085669129,35.84872326,18.24581491,34.99476639,36.55929695,8.963239845,,8.963239845,,
b6a7b194-bc9b-4ca9-b115-2cada956d278,7.085644008,6.142919023,21.27425522,14.62606476,46.30616867,,6.142919023,,
de4841d9-0299-420d-91e4-4c640d1f4610,18.10783965,36.34848793,18.77092229,27.02009037,45.04642616,,18.10783965,,
51b3a6f6-dfda-44ce-b7a9-1d2701a1e47c,1.743191807,1.847071644,1.006651559,2.205142804,38.56764801,,1.006651559,,
6310e9c9-384e-4ce7-8eb1-a4ceb58167a4,1.903343688,2.30696348,1.534600928,0.355597934,7.413505783,,0.355597934,,
78681eb8-84d6-4c11-8d6e-77040591bc6d,0.809843608,14.41186687,12.25544848,5.649942985,15.63365333,,0.809843608,,
e0046399-26be-43d8-8220-b063891f6cba,1.447157782,2.731720152,14.56976289,24.43286826,1.355424459,,1.355424459,,
5bb76209-ef84-404c-b710-deb3ebd004d8,2.021603124,1.371871201,1.54582462,21.89837931,37.26587313,,1.371871201,,
beba7963-5a69-438f-bf98-ae054c336a0a,6.954535128,2.508775694,17.71864699,9.690798712,1.19845774,,1.19845774,,
6ebfdfb9-c03c-4197-ac9d-a5dd52e35984,2.164632308,3.686482059,1.840372194,0.494517248,33.18287729,,0.494517248,,
5238f9ab-701e-4929-bb01-471950f2097b,1.262877051,16.56193442,16.92491028,11.83278023,30.66396553,,1.262877051,,
baf9c600-80a7-4a2a-9e51-64d29a6b50ec,0.889667556,0.975691527,1.998477893,21.82772259,1.974225951,,0.889667556,,
a50a7100-100a-41c6-96ef-086ab0fab7fe,1.97606375,3.918123986,42.02742849,1.826214141,42.24597852,,1.826214141,,
18d9cf60-8033-4839-8beb-abc778cba568,1.702908193,2.421725668,4.492461071,14.04612001,12.5664885,,1.702908193,,
81924f16-6559-4d76-b5c7-ef6456d19311,10.50782839,4.229706821,21.47646173,6.895894932,6.210250399,,4.229706821,,
e59686a3-6ac4-49d5-89c6-5532416063b7,26.04296778,7.391494176,22.30378182,14.58790926,16.196636,,7.391494176,,
654334c9-5f9d-49f4-ab20-c1abcd2d0071,7.592793834,26.15548345,23.01543992,10.09122661,1.460594128,,1.460594128,,
a29b5b10-0e2b-4f2a-aa01-9f94ea3bd0df,43.40043945,4.56649267,44.4064451,1.292464891,44.94893608,,1.292464891,,
fea46039-38b1-47a0-b743-0a0295c4b62d,8.983682851,9.908341832,5.227399939,1.938067418,27.76021858,,1.938067418,,
76167b2d-ac92-475d-a3a0-fd7a6386097b,4.403587119,41.75630081,2.763309313,3.777750126,0.988836214,,0.988836214,,
43fa4c27-3b53-49ef-93a0-1e918d41d485,1.930600657,0.983999792,2.035698107,1.786535118,1.95431651,,0.983999792,,
de74e042-f3b7-4b2c-b9c7-017e3a418fa4,3.990275067,15.34087743,6.423854807,1.271783565,8.183100931,,1.271783565,,
69249b30-d458-4f86-9be7-bea3ed34fc99,40.76561038,10.4891852,43.61482625,7.458393377,2.348941881,,2.348941881,,
2aab5cf4-3878-4881-a66a-fc9ebbb04b34,23.31698078,6.11677826,4.244950346,19.45741791,4.931484541,,4.244950346,,
46ef2d1f-272a-4a48-a377-2882fb1562af,14.58490664,2.70314501,3.339107207,13.95291519,8.022783298,,2.70314501,,
76846072-f125-4024-a698-d480b9be1b82,35.53887097,2.634678263,32.5705902,33.28380093,3.460744021,,2.634678263,,
c51669a1-9f15-4eac-8588-b4d59571678c,2.173931502,3.177462251,3.455378399,4.044330638,3.619648456,,2.173931502,,
8ada59bf-4d30-4556-ac55-fa7e1cf91ae8,3.740359413,26.15373856,5.009463581,24.27026113,1.791496824,,1.791496824,,
d4751914-b410-4099-a2a5-20db8cdc4feb,18.35235902,15.05730332,31.76568302,10.67910653,17.99040591,,10.67910653,,
374b9133-2082-4c4e-9b9b-94f088d9b01e,18.05385082,26.15123719,11.96530392,25.45121741,25.90337363,,11.96530392,,
621627ee-1c21-4d28-ab7d-3d65afa3bc0c,2.53194136,2.850089322,15.87645193,1.907801919,5.243125596,,1.907801919,,
f7fa9a3c-55ec-4d3a-be3e-33f28ed156b6,22.07988605,21.53828108,26.88338886,26.34457088,22.50732055,,21.53828108,,
c618aeb8-d1ad-4ce0-8ca6-b60d8cb70a7b,27.43913504,32.7393428,38.46746466,45.20380503,6.639681579,,6.639681579,,
8f0cc018-b044-45eb-864b-b98201405c4f,6.365665555,5.533906625,2.224337436,17.03702155,5.269224744,,2.224337436,,
70991cbe-c331-4862-b793-8d966e4a7e92,15.65299454,17.43066637,4.421668633,26.7250933,31.36011129,,4.421668633,,
794011a7-232f-4213-81d0-fef98c2059f9,14.55958573,29.81877263,43.13474896,41.06082698,31.97044327,,14.55958573,,
a0de62eb-40d3-4df5-9865-a9e70fcb7085,33.38290873,10.90746518,1.928368597,33.5258167,1.471220086,,1.471220086,,
e6508a7c-1809-413c-a397-2673e5fb6c73,30.08238412,33.13237108,37.03229573,26.0716354,21.48105502,,21.48105502,,
04018bc5-1753-45bc-a973-d5d4f36c6e66,48.47974564,47.54726623,29.3015385,26.78664371,42.79992205,,26.78664371,,
10604546-ee10-459b-bd1d-c5fc5e1a80f4,34.81566674,37.30055655,37.48769538,40.40834811,42.2231083,,34.81566674,,
1bdec188-5d78-404f-8da9-f21aef61eed4,48.33061966,39.16351572,47.35767694,36.38852212,40.48977168,,36.38852212,,
d5ede802-1ec1-4c2c-afd5-49e3722117cc,16.37194149,16.48938523,17.17426654,6.50798353,16.28797211,,6.50798353,,
431953e9-ee20-4abc-aafa-75e225772e30,43.04010769,47.31771629,37.19323098,46.43052673,5.863692824,,5.863692824,,
0b8c5300-ec1e-4771-a525-8e77009bf0d2,7.990272804,28.26283846,13.99777224,9.460294162,19.87129334,,7.990272804,,
4ad8aa1c-3690-4a5a-86a2-739b5efe2748,45.34950673,40.9356177,42.77877388,9.322689994,5.538554435,,5.538554435,,
b3271aa2-d02a-47d3-b477-77f344ed1e43,5.045882756,34.30269723,35.43460469,14.29080175,35.21175065,,5.045882756,,
34646284-f1a3-4e1d-8d12-b55156e1dae6,16.96319515,14.14295166,6.477168737,3.115238629,4.278687119,,3.115238629,,
592bc75f-47b8-4be7-a2e2-2c96734ab69b,2.987590857,14.31121958,15.2236187,16.0733984,17.10502814,,2.987590857,,
089796ac-1f19-4225-a54d-3e895a58f8b5,8.82582342,32.83435893,5.909428927,20.04408362,11.22025308,,5.909428927,,
3a9c4133-6a55-48e5-9f15-3307eed45a8f,5.570167049,24.9828474,41.2087052,37.05733301,43.03159121,,5.570167049,,
06e35d3f-28fc-4b09-a81b-47bb7574c375,15.4554909,21.69606986,17.43154773,16.07593003,8.411387269,,8.411387269,,
9998e2c7-3528-4dfc-9558-0adf4348eb22,18.95675541,6.339640227,2.779416139,2.748623992,6.587265557,,2.748623992,,
bc25f567-bb0b-4047-b9c8-8a1e835481c5,25.07897606,11.57268713,9.499226712,24.59283112,5.148725151,,5.148725151,,
5bd2628d-369d-4947-a84a-778f9e52c49b,19.99121297,3.021090713,5.802626731,3.23110986,10.53639521,,3.021090713,,
7c133e4d-7ea3-4e43-8f98-bd7127d577f2,9.919514422,5.74676084,23.40298693,26.36496856,2.192246654,,2.192246654,,
0773834c-77e1-4dc2-9d1d-f0fa54f83dd7,3.548165213,2.816882306,2.882192721,1.352089625,5.452570249,,1.352089625,,
e2b00eaa-ec41-4710-993d-77cac50b76d6,39.84232177,3.874246911,0.827235557,2.920993517,2.317187283,,0.827235557,,
d70f72df-23ea-4eb1-a663-b8999c9f0a4d,5.160569851,10.76698015,41.79248254,11.56151883,20.30108889,,5.160569851,,
11115fa5-5d57-408c-b61e-6f73830708cc,36.64978228,25.93841637,37.12920302,23.43570317,2.011683265,,2.011683265,,
2b92be2b-a960-4bec-ac45-c7988b992a21,3.136848335,1.486480702,45.18273013,3.09370602,43.88631927,,1.486480702,,
42719fbb-e976-429b-9382-0f5fb31fb9e7,2.43314595,1.238176069,2.033488453,5.066765317,1.106933242,,1.106933242,,
78e9a2d1-5477-45ae-a8ad-56ba0e6e7669,4.972161904,5.744427365,19.11469037,11.88593377,15.45659495,,4.972161904,,
bde6ddac-2a21-4ff9-a1b7-4c1ecda1f9af,2.368042871,7.519900453,3.662333762,3.275494538,1.12954923,,1.12954923,,
8387282a-dc47-4c3d-9e02-cb88a879ae08,5.162120065,10.98066837,23.255287,6.06310064,8.38982989,,5.162120065,,
6209c492-2a4e-49b0-acae-3153c53089dd,2.279977929,2.980202033,42.44885242,45.58619209,46.02953105,,2.279977929,,
89de1691-fb12-4d8f-a3ff-314ebe7c2172,9.665455701,2.434651497,2.760175806,11.84044583,2.397046613,,2.397046613,,
dbbf1127-3465-409b-a07e-4937c9f4dc3e,32.95563582,10.91360053,34.62717982,21.84598905,20.71508672,,10.91360053,,
1cc6aef1-3a4f-44a6-8054-b7b68b72c655,27.66727439,10.36373205,11.27219288,11.59215995,9.727828966,,9.727828966,,
3802c4e3-33f5-4964-ac61-bc4d9d60dedc,6.623366048,12.45727108,15.95974812,6.863111367,12.49459829,,6.623366048,,
210e5504-3504-4e40-b07d-0e3875171dfd,9.134914982,8.484255921,39.38477405,40.51060087,8.616498949,,8.484255921,,
47e7f187-751c-4a70-8a91-c9b4a584d7e0,6.270166932,5.528222308,10.08164659,2.95861319,2.479441596,,2.479441596,,
9ad18109-203d-470f-9be6-e1995a833f52,12.58747181,12.72644637,5.956455746,15.0330645,26.32377106,,5.956455746,,
02d0cf5d-1e9d-42df-9d38-43638546bdd9,9.4827736,9.689673535,32.93704138,9.063455228,9.639744066,,9.063455228,,
5529acf1-fbdf-4610-a2d7-097ffadbe30e,1.294620662,0.507135314,2.239434843,0.953715191,26.2132646,,0.507135314,,
06879531-ccae-4d1d-9aa9-58a7ff4f094f,0.505763178,23.61719685,12.23044964,22.72497281,7.960481983,,0.505763178,,
79e8373f-b5f7-48a3-8dec-36597c5d5cd0,1.101907332,6.700565329,1.613741221,2.777711586,2.363106337,,1.101907332,,
19d45036-59e0-48cd-97d3-83eb9d564754,15.20622983,16.45835507,19.55087422,1.362677147,4.406971879,,1.362677147,,
2993e8e2-058d-4868-bdbd-f3fed2522bb1,5.445159517,4.561742611,8.89725145,9.235338871,10.4838207,,4.561742611,,
40782389-6073-4dbc-8abb-0ac5e4fa1290,0.427319052,2.455207128,1.521648039,3.357046179,2.356133136,,0.427319052,,
965cfe6d-6fcf-4101-86f0-05f71484cd7b,2.033273841,1.788309338,2.42837279,17.90876746,10.83125523,,1.788309338,,
7319be86-a1b8-43c2-9a17-98a179b07820,2.357973145,18.9130191,5.901619571,16.23184923,15.26609246,,2.357973145,,
1fa3ddba-6e96-4c29-a600-f8baa4dd7be5,2.4174991,0.761274473,1.732897453,1.440426768,43.02890062,,0.761274473,,
cbc493d8-6327-4d14-9222-4d00e16ab7ad,2.10353249,6.417366582,7.457566341,8.288784465,12.03082366,,2.10353249,,
cb3255e4-6194-401e-b5e0-04082e4069f3,34.11375173,0.459355317,0.890980389,33.85347233,20.21622656,,0.459355317,,
a34f6eea-e7ff-42b3-8c01-3dc4d31e77a8,1.839300239,1.384887531,1.505921585,0.897212125,40.22888242,,0.897212125,,
8c9b6ded-0aa5-4021-8c90-85494ae11e6b,0.952393776,1.641768656,2.468942058,1.502923139,41.67607408,,0.952393776,,
6594998a-b7d3-413f-acf7-4cde5efbba13,20.58313706,19.38280072,3.011883801,3.323659095,21.59157332,,3.011883801,,
,,,,,,,,,
,,,,,,,,,
,,,,,,1,134,740,18.11
,,,,,,2,313,740,42.3
,,,,,,3,396,740,53.51
,,,,,,5,505,740,68.24
,,,,,,7,578,740,78.11
,,,,,,10,634,740,85.68
,,,,,,13,677,740,91.49
,,,,,,15,696,740,94.05
,,,,,,17,705,740,95.27
