e2b6603c-52c7-4637-a92f-0188ae5102c4,1.735991783,
a7db5c1a-acc8-4051-ae0d-3e7ba8419b26,5.373603769,
51dcad17-1bc0-4e46-a528-f32ffa5decce,0.791625831,
a70e0303-c5f1-49a1-b297-ec2c2cb3ccf9,0.828828591,
d7acf1a7-688d-4e92-a42f-9d221e8b5469,6.439540282,
f98fd0eb-31d1-478e-a6f1-a780ada52181,2.933321142,
f4318260-58a8-497a-9fe8-5a63f738a31a,2.298522477,
c8e6a543-71f3-496d-b29c-c007a08a8bed,9.15252392,
155204ae-7229-46e8-8c97-321a8a20c460,5.50595254,
29e85787-2ea0-46c8-881b-b19754c22563,0.797711131,
cf01c66d-646e-485f-9ac1-78ac709bfe91,2.499477028,
7577f5f7-abbc-409b-8276-b571f26af8b2,8.137187717,
534d7435-db41-4708-be38-ae16874c0091,12.87522594,
eb864bee-d9d2-4885-9f49-36fd718ce55c,11.52172165,
22ec7744-82a4-4474-a71f-096226f7a27c,19.17326461,
2cdccecf-9d8e-4119-b108-3f505efe17d7,4.659772982,
a4892522-4c24-476c-ab70-2d7abc1088e2,2.932810122,
52b5c104-587d-4d63-b38a-f3fadfcb4701,9.940367641,
e3c07012-e6e5-4271-9cfe-3f008d795c5a,0.954531274,
80bf81f4-483f-4f5c-9661-a350b0f20769,11.28738575,
064f5961-3172-406d-99d1-0837f3e7502e,4.448724553,
8323e3c2-24e6-49e1-917d-30b71172dcd4,5.201596805,
ae5b3c22-2aba-4465-aa58-101ce1cf913a,11.99186923,
4a3d155d-47a3-4702-ab89-7380c22fa33b,5.346783994,
de418a2c-b1f3-4863-93b6-9546a14da535,14.83104979,
fc52e6de-337b-4fbe-b389-6281f0c50013,7.223741655,
85d2b226-1bf0-44d5-8459-978d3718f6fb,3.631282242,
32c7ca78-f863-4eef-9cb9-ee4db6310660,1.045349311,
4e1d8087-4cc1-460e-87e7-d7c41362bd53,9.012345781,
d69ec930-2efc-4e6b-8fb3-6ee99dda76b1,2.440667758,
fa05ada0-d299-4c8a-b303-a562c8cc303c,0.193557213,
56d82222-7461-4e04-828a-db643034a830,2.91947691,
dd0600d7-3be7-4e79-ba29-4486b5224695,0.16853297,
7b4690a8-533d-4481-b7bc-4a10c3a511c1,1.014581797,
1212ff32-ee86-4ff5-b0a5-2e84a0e11441,2.863428455,
9cf64454-0b4e-4aa7-8c9b-95dfe45a1ef0,9.067854803,
b584a571-02d3-4d01-aa8c-b89df33ea4a0,0.981470917,
884386e4-41b5-4b2b-b525-9c7cb2f5a6a3,1.33182785,
225ec602-1b7d-4169-be48-69f67698a80f,3.404537306,
1d0e38ff-b607-4621-84c0-2d42115d7687,4.671283309,
65e9418b-80dd-4c9a-8a4e-a13d5a2c9f17,6.218965771,
3e7ca6dd-45cc-42a4-9b4c-6c94c6af2c7f,0.844026988,
fbb96f50-089a-40d3-8c1d-90243124be99,3.934721859,
41cc0206-20de-4394-94c2-7ef0c1075448,7.211698205,
175aa199-b74c-45c4-9567-fb8ab8943443,0.485762988,
2e85cb46-2027-4742-ab0a-68e4150ef509,8.089166306,
d833151f-55d6-49c4-81f6-84c98de5d844,0.754699811,
514cb08c-296c-46e1-89cf-925a66219353,0.547529951,
ba2b9c46-6e36-4db0-a7d7-87c271dc2338,7.106268833,
0270ac2b-a1fe-4f1b-aaaf-bb683241776d,1.857977192,
0c96f1da-1488-468b-b3c6-18ff3aec3be0,3.149668694,
889680ae-e99b-4db1-aeac-9bad1f90174d,7.680863174,
dd38a743-b37e-46eb-aee0-d79e0637d64f,11.36325116,
aa28aeab-511e-4631-ab75-baf939a70849,5.460673246,
fedd980b-7d56-4521-9f9f-1584ab3b95d6,5.60439904,
641d08e2-43e6-491d-bd7d-7acf3b2bf357,9.399509811,
f2700b85-02d6-46a3-b96a-8bd266b40196,10.35308868,
5a5bee9d-d3f1-4ac5-85aa-1270ca2b380f,2.596138134,
1c76d702-5721-4827-a8e4-1cfbe233d361,2.395575236,
964c97f7-3512-4844-9489-97738d74c980,13.47516481,
ed879359-2d1c-41a1-9cb2-4afeb139c967,4.886020544,
7c604f82-2cdc-41b3-83aa-e0fe4c1a52f3,13.44583853,
3a826962-0127-42ff-b48e-0e8bc5d5ff87,14.18856223,
2481f639-03e0-414a-8b0f-dc06c439f980,2.562840161,
70175127-fea4-4815-ac28-651a3c7b6e7e,2.961923416,
f1f2b2ab-2423-47d6-a580-cdc6e5d59669,2.704134189,
00f94024-4af9-4933-9957-abf7c3822fd2,5.038142828,
b16acbf5-339a-4c8b-abe9-b3ab13eaff87,9.134529415,
1cab5fbf-b1d9-4987-b986-6f9cb174ed2d,5.692601525,
4cf70d22-e4ea-43ff-a289-e3b9a803904c,3.917330257,
46b598d9-c818-49ba-abb2-5639a4ef006f,0.768022745,
19ffd1ff-fa9b-4e55-80b1-18694d389836,20.38690569,
412892cf-ef24-4627-932e-3207b242e792,8.438197815,
2af92784-e537-4d0f-9c7b-1d637c1c3cb4,6.268520202,
739bc21b-9409-4466-bc34-54569fcc89cc,0.124224385,
6f00652b-99db-45a0-b890-1896f99a64f1,8.032289733,
e858e0e6-6054-49c3-b366-47d978c95065,20.47525296,
b0e73bdb-8b2b-4eb9-8381-ac54b1833bc4,0.703883015,
a658510f-b1db-40fa-b610-0695a2870a1f,4.595958463,
377e8682-dfbc-4f23-87ee-5ffc0938d62e,1.502720466,
71cfe20e-19b2-46e0-b510-f978995dc24d,11.55756387,
13b331d6-c894-476b-ae4c-f9f49219170e,3.394231646,
6010674b-938e-486d-8fb7-31ae88b34b72,16.93541025,
319dca4a-829c-4d9b-b13d-31038e1d3c6e,6.380116488,
7c307ba4-2b08-43b3-a43f-b1b42eb3152d,3.035733986,
15930ae2-31ec-476a-ad66-974ef0affe98,8.214600982,
32e29111-2ac9-4556-9dea-ffdb44a0de9e,4.141052801,
c0a872ed-b265-413c-b04f-b004773a806f,3.175483432,
556f49d3-399f-43b6-aa9d-055dc4eda9b1,10.06832808,
049e5b08-95c7-457e-b67b-910fc2183bee,6.501982277,
802d162a-e6fc-41d7-a089-8bfe9be82ad4,1.028881128,
7739cbd0-6583-429b-adf4-b99451b11998,18.12244867,
db77ed47-135d-4191-a452-2b69750f6bd2,5.885265047,
33b21211-cf7c-45f1-8dc1-d1e0f70fa4cf,4.182863355,
b4b0f21c-5ec2-4746-ab86-e7ee1290cf5f,7.026213565,
1133cfab-f0fe-4cc6-bf2c-bcc9a1ef48a3,15.12249724,
920cdd97-b0eb-4706-95c8-67f37a7df210,2.867165494,
c8334ba1-e5eb-414f-a7dc-b06d86dd31b4,16.24228634,
bd9d9f8e-1feb-4721-bc54-d6aeb8873347,0.378484931,
8c0b96e2-5101-4def-811f-7e58323d5a3d,7.972718977,
21cf3302-07b4-418b-9a7b-dcb84246695f,1.070391641,
464fa1f9-6a81-4cba-ab1e-b0b7f66b1aa2,6.304322999,
6e5de3f5-6fb7-4f53-9d62-828bd0f72004,5.467032345,
b44354ba-f5a0-45b7-918e-4295c3b264be,0.142649138,
4bd0a0ba-e76b-48ab-97a9-db4a2155a3b9,2.793530905,
14e16e48-a789-4c0f-9684-90618c58a6f4,3.154333036,
e6c348a5-6247-4dba-94dd-e954c25061e9,17.53833116,
671d58f8-f832-4e1f-911e-34053a5fd1bb,3.18697803,
63d62a4c-9d44-4131-bf81-843807d5926e,3.092681108,
5296b0ce-64c7-48d1-9278-a5449f02f95f,4.518173089,
4b49f9a2-160f-4fe5-9433-4153bd10c831,8.452450659,
ee2fabb0-fecb-46e2-b735-9e0008a5d2db,11.65362767,
72323ed8-93da-486d-85ae-051d818d55b7,4.325343174,
d004574b-c238-4bb1-a4f5-4662346b2c3a,13.88880001,
170bdefb-f13f-4fcd-b4d4-62f4dbb62fe4,7.087498301,
f09abe9d-4a9a-43e5-8632-654d9e0620eb,3.490663893,
0fa99b98-7099-440f-9ee8-c929d3c10511,6.838201216,
45952892-8b08-42e2-9dad-b12808ed2f51,5.743547683,
0d7c612e-f450-42a8-897a-e2af64a620ed,2.985465078,
1e5e2b0d-8d77-40c0-9215-f9751ff15af6,0.62155531,
0264a91d-dad8-4302-bcd5-1ff2ecac53eb,9.601091845,
203faefc-686c-45de-9ac1-3a3836f1e28a,11.89695424,
a3245e3c-0f80-41c9-bae0-08ad649560e8,8.315471432,
6ea2ec1d-49ad-43c0-9f37-7c1947c9fc27,1.716679199,
cd8b5f99-0c29-4ccc-bdb9-ed18d31b2c3b,4.352137682,
945d5895-1376-4b0b-aec5-b0e9ca4cb5f0,0.457915122,
f0252f64-d2d8-4ab8-9a96-45527d1727df,1.224348884,
a8e23693-3520-41e0-8d5d-cb246a6daf7a,16.87301442,
800b3fda-bd12-4dca-acc4-c48feea8940b,2.879796281,
7f6c16c6-4949-420f-be4c-4bfe5236f7a1,8.778816192,
18032b1f-b60d-47f5-9eb3-884f9a6d4a0e,3.315960699,
42ee7876-2777-42dc-9489-b7f9444a88e4,0.984692009,
075abe70-f504-430d-9a39-1f56e354cce6,5.242360684,
a75d85d8-d8d3-49ea-b1c6-5e891fe3cb4c,14.73776465,
1b9b55e6-e336-4efe-bb72-f0aef976b929,0.704867421,
c8bdbe83-7724-409d-84ac-fd99d210fd41,1.114965806,
7174af06-3998-42f6-a1d2-7ee10dcfe336,18.42895744,
331e1c3d-44de-4349-b387-28580d78248d,2.257797745,
2dd385b9-33bd-4d2f-8e8f-4351aa032700,6.172656624,
8b1433e5-e599-4491-be9a-43b4fa035e64,1.385607154,
7794bfef-ef3a-44a1-ba98-8f1c64a7cbf3,9.287609906,
79cce927-b0a4-4b10-8d75-4cd4a6b6babf,8.017276119,
6db31a8a-c174-4df6-981a-8780f6cfbe02,0.685161843,
22c6dd9d-983a-448b-92f0-3bb227bf6de3,10.58603631,
e840ae7a-c422-46cd-ac7c-16d63b00546f,7.526107253,
7cbed8dc-d280-441d-afd0-4d0ede75f368,10.44348585,
32a2b80b-a4ad-4075-a6ea-473003dcdb26,13.61570084,
f116b2ec-c69b-4610-9869-4f6b0500a0c9,1.52560847,
9ef2b9ad-526e-4f28-8ecb-52c3711d07b1,10.28363556,
615e526d-039b-43b6-a3eb-f986b1150f9a,6.433062126,
3efc24b3-dea4-4adb-9613-25aff324f87b,1.218402436,
bf0412cb-00a8-4282-83c5-023dfb4de1a9,1.822248042,
e6d492c7-f2b0-4ea5-b5d7-3fc517607aa2,3.410586848,
3c579639-2a77-47cb-adfe-6c947ba75c19,0.234252995,
60b6dd1c-5fb8-4820-af97-1da739c2b6e0,1.847248026,
ea8eb6b7-5b71-41b6-8acc-b0fb288b2dba,7.121654726,
380c35b7-50f9-44b2-827d-89269f9ac4b4,0.4908989,
92284ee8-39a2-424c-813b-aff829eb7b4e,5.089643913,
3b557805-577e-4438-846e-e9289945044e,11.59259858,
6c21fbf7-b8fd-4206-8255-b566698df36a,5.784230352,
238d3bb7-c0b5-4441-94e3-e3d135b54eca,1.240806496,
339b5bc8-321a-41ff-8666-6427b7e1e75e,2.824676743,
22e72a7c-00ea-4dc5-a619-3e9771c0a41c,21.17337639,
e75948bf-4502-4659-9b27-9792631754f1,4.743231004,
04549d7b-9197-4a4a-8112-f38d8ad7247a,4.559713074,
d25cbabb-5b81-4c90-ba85-6295cc7259aa,0.629888348,
3c3be125-e375-467b-a8df-fa1f917395d9,6.051762395,
0ce7a449-e9c8-49f3-a99c-ce74bbe707d5,8.869047013,
05c18fa1-567b-420c-87f0-b3903048bfc5,8.125155389,
963a5db7-7e24-4f62-a6b7-9414a3b61fd8,2.867659393,
9355d34b-16cf-4aca-abba-70a171289c86,3.696526365,
69d9d4de-2705-491e-bb10-ba0c27f0972c,1.654633291,
e700fadd-2b63-4523-89fe-dd994b45d4db,2.874798251,
f45b2500-fabc-4079-917f-fc9172c1de27,14.38826524,
77891f58-081b-4049-bc28-1344190dfe9f,5.301011666,
4ea21595-9d5a-4757-ad68-2e774386de89,7.40145769,
81a5c8fc-7bbd-4a72-bc34-79c2b764d97e,9.689055569,
306173b0-6789-4d80-817f-a19bd1ca1932,12.7036092,
83341cf0-9540-42ea-b70a-68598a356813,9.467959701,
2e39fe82-4612-4f0a-8206-408c4c3e185f,16.47553223,
651c42dd-f1e0-4edc-b608-2028213e82f7,7.582327778,
d19d4edc-bfbd-45c8-95e5-ec88fdc0703c,13.13416124,
d555db2a-cadf-4a94-bb85-73e3dccf6bdd,3.04673049,
8ffdfe06-49fc-4ab2-aacb-b13a9288e5bf,12.60176767,
2bdf32a2-b245-43b6-8e24-c90ab5326128,8.663564961,
ae954cbe-5eca-4359-b273-b2e7d0c37cbc,0.687888456,
d42e8d05-7818-4438-909d-87c7858cb2ab,18.442524,
1d8256be-01b7-49b0-8241-f92a7180825c,1.787679709,
fb15e718-982b-4739-b2a5-837ebb341749,1.183139285,
1390984e-7aea-4853-a7e2-9aa354a8df91,9.362623481,
d4559f11-85be-4e06-97f6-54863b7d155e,7.429269639,
e18ddd8e-bb6d-4c92-94e9-f55978225496,3.374795545,
7e8df974-88da-49c4-bb41-e6f4980e8810,6.791046493,
ad527b02-8b49-4508-a66a-a87b7e103ddb,11.2772388,
483e7d1e-01d3-416d-b83f-2ec3499d3571,0.247241378,
aeaa0085-6c6c-43c6-ae38-6326254dcc0e,1.874907522,
4b5ff368-26b5-4e60-8d81-891090528363,0.742968205,
10c745e5-03cf-45ca-9100-44c1fecc0353,6.143661386,
ba963ba6-654c-42ad-b99f-34f64556e07a,9.083419202,
89bb882a-4b68-40ed-be5d-42b5048cc0a3,4.798298355,
31e6fc71-5393-44ef-a6e8-3e39d8b6bb42,5.277455139,
9d3b5761-eae5-4393-8270-956f3592fbca,5.392765076,
10057fdb-ca96-4d1d-b752-cdd86415ada3,1.327847556,
d0acb549-0cf2-4885-98d3-8ae1ee726744,1.675615807,
b3c3682b-1b58-4644-96ee-316d08c8da52,0.447330542,
4f9487a5-fc7f-4b4e-a904-2986efbfb789,10.85665703,
b9671bb0-8776-4065-82e3-c0e09a5504ed,11.11152153,
4ded46a7-f17d-4a27-8bc7-8a00c83092fb,0.319190707,
27ff4258-e511-4415-b94d-64f0a3f249b9,1.64816444,
56157de4-a2ba-4684-b652-658cbc43463d,0.177249173,
29510688-3de2-40bf-be04-491d935c27fd,3.009801033,
7fa02482-0a3c-4ae4-9e7e-1a11093c734d,3.129026143,
8202685a-44fd-4245-a06a-bd5f90a59ce8,3.849181744,
e344251a-a684-48c6-aa2f-2d360dc9691d,2.790235258,
72a931d2-236c-4f4a-9e3e-e694a473c2f1,0.516064127,
050f1f0c-6bcc-4ac9-a091-3f8c62f3016d,6.176834083,
cae4f0d6-a58f-475c-bc0c-390a0a6adf92,3.186638408,
2858c90e-e04b-4c64-8c64-bf371499cd57,1.425680492,
3963f64b-d45e-46e6-93f4-c0fe1ef6e276,7.210078918,
e83fd307-6a98-461b-b08d-9ab9cd91edb1,1.223113536,
957e7c35-4039-406b-a9af-4a4c9a25bf8d,15.88846461,
f29b3acf-3db7-4f12-88bc-e7b16db6c09c,1.602903318,
1de89309-56d6-46a9-b549-c3e1132a987f,2.705589491,
8ad7a3bd-4709-45d3-b4d6-6bd7d3a554cf,8.063105712,
ef69d289-cf29-429e-8446-fc01179fdf23,3.788040087,
57f9e683-5d57-4005-aadb-047c49bf09da,1.429376374,
c57d383a-ad4c-4e12-b176-616c1c36b6d7,1.083815388,
d8ff715b-1b99-4a9a-b4b5-d258a76580b7,3.07761679,
e995a670-7025-45c9-84a1-8f842a2e03a5,5.441457975,
588b6903-6ec6-477d-bd74-aa40846ea149,13.80561799,
0c28c4fa-b59d-4d3b-b67f-93dab1552a08,10.8847877,
3044c327-dd18-49de-87b7-4190259b3438,3.262778646,
768dafb2-1fd8-4a2b-8e07-7c82501d637b,17.98447823,
4727ea75-9229-4b61-afc4-8b09bffdbed2,2.027454036,
8c201452-e3e9-4409-9adf-69cb2b5acef8,1.803265869,
62a6515a-6328-448a-9e1e-40f4e3b548a3,9.531838476,
8f3b5b3a-0bc5-4401-a79f-b44d2507d5c8,1.62285153,
13552d7c-8dc6-45fb-9d56-3267f7738a10,6.812496175,
cf05d770-8bd2-4f8b-aaf2-86eff6afa984,1.617085024,
fec82c41-0e0d-4d8e-8145-3cb739e19eea,5.260207059,
1570e2bc-2fe7-4fb9-ac26-042c9116d19d,14.63201676,
3968631f-5a0e-44ae-a597-589b1da75a63,0.497347311,
19b2f39a-d78a-47cb-9883-7ca27617e374,8.254165742,
9759d9ee-a7ce-4e3b-8555-5791ebe614eb,5.99174176,
f231f818-1acc-4876-a759-48791a760db0,10.7786587,
63f410be-4766-4c65-8d77-09f81e1159f9,6.998167499,
c692be11-a95c-4051-968d-bb78000bb5cd,5.913005322,
23c25cde-c16d-4c6d-a80d-2111f7b69e8e,6.962337509,
42aa1943-ef54-4645-adc9-a2f437c9d3bf,1.406029456,
b68948a3-aec7-415e-86f3-1fc298254b9c,2.278470354,
2d1a26d4-a33e-4189-ba16-a2a9184474ac,11.70159977,
e7f91a30-d9f1-4279-a3bc-ef82e6213fd1,4.451499476,
751ef993-fbd0-49a1-ac1d-8c0479861ad3,1.712409443,
022b07f4-7ce8-4c2e-9d23-96b8f71748d2,1.67093639,
3b2c27a7-ec0c-41fb-aa66-fc57526b91a4,2.365699662,
8aaa3f5d-5fb4-407e-8a20-57956b6dbf92,16.13926864,
f3283d6f-359c-43ad-a350-72b5468db7df,1.840879214,
86288477-64dc-41d5-9ccb-75e6b5bcebe6,14.44650243,
70524dad-541b-474d-8097-228818b547ac,10.72350642,
14ac5458-53b9-4f1d-89ee-404054233faf,7.726678285,
5fc9ff2b-3168-4153-9514-93eee4872520,16.59181741,
3082e939-5f83-4f59-a3f7-e91ac3472310,12.43682503,
03d56172-6f67-474d-a8b2-1ea0548a2952,11.42354893,
3ccc3512-2d79-44bb-b9c1-4b3815d0838e,0.334777659,
f5280a6a-652b-4fd6-b81f-61855fd9ffa0,4.168547649,
e9fad672-82ca-453a-9d7f-a11ebbe1a41a,10.66907351,
96f7ed5e-84bd-4893-8281-3f18e4005fda,4.301088389,
68f8a5bf-d96e-4d97-bb94-d11d368dba53,11.0885263,
52a01872-5ced-48c6-8767-45b785b23389,7.257811909,
7c402849-e4fa-4320-803d-309f3aa2a3e5,11.9132653,
94bdf9e5-25d8-41f1-9b84-3de96568b047,9.117310711,
9ee55cc6-35c8-44ff-a52b-c1d48680105d,2.090535593,
88165550-3721-4039-af83-028008365e5b,5.814051653,
2be5e3d5-a8dc-420b-aab2-d85517b8347a,6.471891683,
4ca6be24-b9de-439c-aa37-894afef4080c,3.552791923,
b85c07fe-5462-4d0d-9ed3-233413e3bea4,11.71227039,
9aef9982-948b-41d4-a8e9-94f657f231f8,3.698559962,
2a33ef14-a50e-4c88-9aae-e27f21c2b181,2.068008867,
0ce82f5f-d118-46bd-a705-89abc2cfe2f9,7.115056747,
543766f8-a230-4c04-8cd1-409f3a402a59,1.372524778,
a36d24e0-364e-48b4-9eb4-6db72b8c5601,8.310318172,
6ba01dd0-8c55-40f7-b56b-fa09cb6adf10,5.010819213,
f9629ab1-7ec2-4788-bb47-6d489f77b403,6.743599532,
bd2772b8-08d4-410f-b5d6-cbaf935548ac,2.157142891,
af052c6c-627b-412f-bb35-ec06a094c830,9.828406911,
ce1d5d4a-d1e4-4992-bde2-e9a1296ad368,12.00238745,
d6421588-b4ba-407a-bd65-279607bad1ec,2.391353964,
ac4ac83c-6cc4-4cc1-8f69-d7e3eccad7bb,7.596198632,
8ed0a166-1650-480a-a3b1-6b32e38b7809,22.77595288,
dfc6c59d-80ed-49d0-8276-65241a3d5931,6.851051982,
fc78f1ea-21a4-4926-9c2f-2b0160b8a7c7,1.399983498,
f4f7f331-e47d-47cc-bc57-ad8f799c1d7c,2.557266132,
b8e74356-20d8-4a2c-94fe-f1716be99146,2.074793344,
3d0f43d5-d6b6-43ef-b475-628da4e9296e,1.984969625,
fe39c15d-6b7b-498c-9c19-25942010ff36,7.592700495,
aca3b5fa-4ea6-42c4-8ce2-6092fc17422d,8.175786743,
248342d3-b0cb-4292-a1c0-dbc1bc792813,20.49152762,
29002914-cfd4-4523-bbb8-2dd5ee53af60,2.49337395,
43a99700-d34f-4a63-a173-8ff5ebd6dbe8,6.999778319,
3f792778-7519-46f4-b19e-1b7bce3ac0a9,4.086664246,
b745f9b6-2854-4401-adcd-3a7bd4678bf4,0.531726481,
d02797d5-ee10-42dc-ba16-6c4a33caefb3,8.115485257,
657ce1fb-9d78-4be6-a77a-3e4e7e92e63a,9.675576042,
45d96786-4e72-432c-ab71-a7192e76a70e,3.216614359,
e24b744f-b4e3-40db-a101-62e30dec1614,0.848240027,
7945dd7f-2021-4072-965e-9ea85e2b29c6,9.712426786,
d072f3d8-1744-43a3-b9c7-efb4a2acc984,3.759984818,
07d1354a-f1cf-4e30-8cc5-e964beaee217,7.786989876,
6f094127-00eb-4fe8-af7f-e032ce9ee85d,7.265711337,
3019dba5-38aa-4beb-a472-ee0bbee7a651,6.884917836,
b7f3c86a-1818-4e41-aa75-31efe71c1769,3.075108568,
52cf2ef9-8576-47f6-9baf-ca53cf56d851,8.463470029,
64d233f4-348a-4ba9-bd59-5a72fb35a75a,4.016932782,
6fe07f1b-a207-4aa3-a302-4163ebdc5cf6,3.803561674,
d1f9d7d9-d793-4734-a3c4-945590950fd2,8.51295429,
bc9781c9-9e9b-4551-b417-853b444f11a7,8.618863528,
b04e2bf7-255d-4cdd-9c7f-99d599749bce,9.419536258,
61acbd4d-187d-4eee-84dd-ea5616ba9080,12.66857343,
298ccc5c-d55f-4244-a3a8-b263abeceb4b,2.302941516,
004d4179-c1b6-4207-8c14-c83cf32c6835,0.530756825,
dc788db4-3a7c-40a8-99ce-504071e755e6,1.336574002,
a263ab3f-9acd-423f-bb62-0fbdf05c020c,6.688213164,
0b66bd11-fe0f-4149-9fcb-d932458de1d9,7.833282905,
9c721018-5f5c-4c44-8a2f-bea7803370c4,0.435921727,
cf997583-5561-4d2b-b15d-90df88571942,8.772452287,
0a074e77-db8b-4a84-adc1-ba60a3387edd,4.923276281,
610ba8ce-88fc-446b-ad0c-3fa5ee665e4d,16.47184636,
11d8b250-2d23-4457-adae-a9a421a05f05,0.893993636,
cc343e20-f338-4491-a9e3-6cd3605c60a7,1.089457341,
894f480e-4cfb-4c1f-abee-ef664f1730d9,4.035995588,
8573bfee-a190-4bfc-acb8-2f9f83575449,6.465989182,
ccacfc05-bd2e-4c4a-8b62-021f56e954d4,13.9442015,
6ed7af9d-6f1d-4f6a-b5fc-b5b435598cc5,3.965937515,
2b2ec438-000f-4e84-b1fb-75b0a44e759a,9.816655139,
51eb9789-25c6-4611-9089-0b9ef87346d7,6.154965943,
cb3e7beb-08d9-4b7b-95a4-7ca38f20d480,0.494581112,
70e7b3f9-0ff4-49f3-b0b0-262af44213b4,0.814857309,
474d6e3f-8ef6-488e-b14f-de2bb5d62bd8,19.70446437,
167965d6-95c2-4aaf-806c-520be7560690,1.017663796,
907c3c9a-7ce2-4ba5-b542-cef561beb6d9,6.030598138,
8cc81ad8-2695-479d-a240-693ed81cfe96,4.262237591,
6a1e1b31-c642-4c9d-b72e-c670e0617e1a,5.602857159,
2e0d55df-cee7-4b5d-a69f-b6daf45eb137,1.197409389,
f26b74a4-4b6e-402e-9885-b81464a07b39,2.581868316,
fae18923-5f67-42b0-82f8-2c623b134994,1.284893353,
4161df16-38f8-4022-b233-58fd9ebd9e93,0.1117396,
f4679f73-e55c-41d4-ad20-b0afd81f2bea,12.35692078,
c03e34b9-b4f0-489f-8ec8-40e929030da1,3.842020878,
924fb96e-bcec-4e6e-a485-2d9b8a5f2e89,8.216323374,
6c586565-3631-4ba2-b233-44077e8e3d9f,2.045394705,
0b723519-c74a-4b6b-b52e-f110a483e01e,4.208980642,
1a4f0768-c4aa-47ac-9173-4c8ad639e9eb,6.238392679,
9894f151-2e61-4f18-81bc-4c862ed2f2e9,12.69601427,
c7c823f2-e1da-4c8d-a214-0a2befae0258,2.958423398,
49ae2029-3cd4-4f17-b304-f2abdbd0ba76,14.22259787,
71f0871b-fbae-46c9-adda-2a62d2033f3f,4.377166712,
6933bb05-e75c-4697-8140-9012cd184789,6.506953913,
f8fa06ce-e743-4b62-bafc-46e769f89387,5.324561083,
be0edaae-b118-4617-b881-fa45618293a6,9.04818319,
55118880-f238-4c89-80bc-fc5bddf660af,7.879645531,
1c402130-f59d-49b2-9e3c-49880b020afb,19.19732388,
739e4cc1-17a4-444a-8628-762c708abced,12.62209745,
997df0fa-9bb0-4c8e-b889-e91121a94924,7.07713784,
fb05af95-9cdd-45b1-9e99-57ad32aad5c0,4.293661808,
094f4394-5537-4161-b401-e606aaa1bf11,3.561593536,
ee13fdba-0882-49e5-b809-e241c3825a89,2.675299018,
5b988e92-dae6-4437-9e46-6a54a9718791,9.957837865,
040ea6c6-3018-463b-9634-b4b28871ac1c,1.876232538,
4cc8e7ed-8aef-42db-8869-9832cfb7c823,1.476849927,
fa6fdcf3-7ab1-4607-b73c-de2e91c21376,12.56572913,
b94d9cfb-1894-4631-b1df-20487b4515ba,0.345936426,
ff366229-77e4-450f-83c6-feedc6920922,7.100905499,
a2a25341-0cee-4616-8f3b-e0fdea975faf,14.7092415,
4749379c-6510-4c37-85ec-cf3eeba519a8,7.623631772,
f688bb51-ca9c-4ebb-8587-17d81dcacba3,1.158046282,
6a4c9c84-aa5a-4899-beff-c038cd588dba,13.02340321,
6b28367a-c7fa-4930-b0bc-c5383052224e,3.029915278,
2869526b-903e-4ade-a7ba-35ba8c3601e1,2.22162355,
a7f24258-6668-4a5f-a4e5-d069027f8d65,1.457534855,
e08d1d6d-6007-4d99-b28f-3b2099bbf1cc,14.94324483,
ba92dac4-341a-4d38-88d0-53655bc372f7,4.21852467,
52804566-0ed1-4c1f-907a-b99b6d896dd0,8.518261563,
96e0a166-cdc1-42dd-ada5-bd709ba49ef0,0.160824882,
259902fa-dce8-40ff-928e-1b584411c888,4.167706626,
36dad264-c27e-4791-869d-14351a53bf4a,1.590666847,
28c71d94-ca3d-467e-ae47-b242e024176d,4.536339066,
774a4443-bc3b-4f4a-9eee-1dcb919d4219,9.777102815,
683e7843-3f3b-4f57-8d26-48ad4795c9ca,13.40847384,
6e1d4525-3588-4dec-9022-9f669fdc93fc,7.469971944,
d667e438-4fde-4188-8dbe-aaa4a8912832,5.368170282,
9a8fce85-632b-4cfb-8e22-36a9ec39d152,5.814392611,
f0ecbd40-0f2c-4f07-8b7c-9111a8af1ba6,9.143947661,
1c5a31bc-ae3f-4110-9bee-3f13f1c5d28d,4.247261448,
ee347396-be0f-4151-a770-0770c7e9198b,4.759044811,
9b41cf42-5557-4adb-957a-52944283e740,10.82422284,
879b31f5-a877-411e-b3c1-1049f7a753d6,3.442960634,
41a8edcd-a5ab-42fe-b8ed-9838ef588954,10.17690887,
01aa935c-a666-4b87-bb40-65fe20d9ddf5,8.107317611,
a45e0d0a-1be3-4018-8a72-b6b7b3b268d5,9.470933429,
e84ba6f2-1430-475f-b4ae-098b2d74f0de,10.75773118,
28585493-5bf0-45eb-bc60-1ae70ef44ad0,8.826356675,
3925650e-be46-4ec2-9102-5025465a9d6b,9.744807061,
bef5883f-d6b1-450a-9144-e8cb5bdf65b1,5.907378343,
19070ca1-4182-4bb6-8393-598fae5698cf,6.454845542,
c48a56cb-4364-41ef-af54-e6783c70495e,5.782532965,
0fc432f0-a2c0-4c24-869f-7ca7f5dea68f,9.281213484,
192ae3c2-83e2-4d27-bc2d-79f1b2d28b63,5.51159233,
b29b484c-a862-4720-b874-5bfe289aebcc,3.829522546,
9673f8a1-4fef-4ae0-9993-98a327e46099,5.505608971,
55420b07-b0c9-412a-b161-f219bfb4d387,10.64222402,
10331609-3fef-4f3c-81c2-29bc4fa93bbc,16.080787,
731b42d7-788a-4dba-8762-4d37c2bfec80,6.564494882,
d5c437ed-8b49-464c-9e75-d78d553471c1,12.7107495,
d163b917-9cd3-480e-9cf5-2471e813c738,1.592129051,
43a1270f-4a50-47ba-ba13-1cb24009061b,8.72587142,
ac3f0469-2307-42b1-b375-574688b10bed,13.76721996,
f77cdbb5-2404-4af8-bfb7-04df189a1634,3.2940805,
acf4d1df-60f2-4296-88d3-d97333a05982,5.981931776,
4bdcbee0-9393-4c2f-8f09-cbae6e65c050,5.585277926,
7c931406-9403-4601-858c-deaac078ce43,11.28877551,
dc1e7031-7144-4998-a96a-b2154eb978e7,1.249688722,
f020b9b2-b016-4c15-855c-1840e849860d,6.179428393,
8477fa7e-c529-4a7e-87b4-eafec4f300c2,19.86224268,
3602c26d-ff7f-45de-a7f6-92e9d6917bcd,6.594853906,
e7db5a34-2690-4fcc-abf3-9e5593ae6bfa,11.9220246,
983da47f-7f97-46d1-ade0-11f99c8b808e,6.321796971,
61adff72-d58b-4974-8ffe-afe9d4a38930,5.102956499,
9cb8d87f-8cec-4fb6-b46a-f9c06417a84f,2.052809736,
b16a0a9d-156a-4b9b-bf7f-ac92576ec227,10.47714598,
d55c11c5-31e1-455c-a492-dc0e73b139c1,1.266958594,
c8efc8f9-f180-45f9-85f3-0fcf6063416e,13.66942745,
fbd7a21e-e512-4b60-ae10-2a0aec41a157,8.447123033,
634880bb-991b-4210-aba3-ae3377306a26,13.6368417,
57703f76-0a7e-426b-ac5b-3c0943b514e7,3.6792896,
d5fc5120-83ae-4671-a80e-7323fffe0546,3.463755494,
c4c9a162-33c0-4552-ad0b-6125de2df556,9.839485583,
8aabaf37-8cb1-41a5-ab12-ce50fe830262,0.643135919,
82df36dd-221f-46c1-b24b-bb72aff91f84,0.789759825,
a245d249-5dc7-426e-a564-4f8115f97651,10.89866769,
5a8cee3d-629b-486e-8b39-5b49b69fd553,15.07940609,
912161c4-e6a5-420d-a36a-f27e85ff8e49,1.611969644,
48c6f632-7610-4902-8671-37b8f5b7c185,6.528017108,
f5e96eab-1f49-4349-8779-14d369b8e816,10.37644176,
adcca5f4-4edc-49b1-a910-2e42382c0e63,0.969201094,
8c291237-1f40-4ee9-9065-be424480d8ac,0.712950819,
5958f427-e1ac-4224-ae1a-b6a4cd925b60,9.201427596,
2281131f-c661-42e7-9d57-50265ce08859,17.7176276,
1b631b79-4d5d-4e68-9123-491361b2676a,13.76913323,
725bdf6f-3775-43ea-a47b-32c0da712558,4.097134128,
866f1b72-bcc9-435e-9ce7-663c97f6123a,12.61259266,
84bcbeeb-f09b-42f5-9b7c-2fb424409c4c,12.76119423,
6ad54c1d-f16f-4b17-947d-0230a9ab8c27,13.45278189,
c1be2556-3191-4984-96f0-addf877670a4,4.660377117,
46b5706e-ad67-4758-8150-8eef5e3f808b,2.463872978,
31078ffc-aa11-4a50-854d-e7a24f14be25,5.188448621,
762325ee-66e9-4f29-b0d5-46700afe5dd9,7.709566002,
1c0efc81-ec31-46d1-9636-e72153c8bded,3.199106424,
95e6e86d-144d-4e0b-b26b-5ed8237417ab,10.77270085,
8021d876-cd51-42ee-9e8a-0a326ff9b781,3.432695392,
21ab81d6-2e1e-4cfb-aef6-39b62b032fb9,7.987299339,
e3c37295-a213-4636-99c1-6d7d40e2a6dd,13.64625274,
56ff84e2-3abc-4294-b279-66b584910be4,5.020766619,
8c1db890-8fb7-47b2-a5c2-10bdaf8e9ca9,14.01804969,
9da58e83-b103-4334-877a-c4e89711726b,14.66818692,
80b3a3ab-9b39-4d55-b87c-a1b47636bf16,2.924598795,
a5999786-3cd7-4abb-a80f-f36642e3357a,5.1581826,
9c6d964f-0410-4e0f-b6de-490ed5090ee2,11.92589474,
4989c1ba-6baf-4222-9ebf-0bcdb44020d6,7.964947583,
94d157e4-6ce6-4563-95b9-df05bdf7ea82,4.561020266,
1f068064-891d-452f-9dc8-6daf99501d81,7.541433354,
8ce59507-c9a9-4809-a5af-121636107650,16.02865718,
c95faae2-34c9-4b3f-8870-bdb54d0eec92,0.894218099,
2d6d9000-53f3-4f40-96e5-da0bf61d7e52,1.419476348,
72062a05-de2a-4f21-b0d9-2eb37e8dc84f,15.2927422,
20fc2840-c0d4-469c-9561-18e5f4374e83,1.145459178,
f3cbd5a7-2cbb-49c1-925b-503adc45f82b,5.806388296,
bc946d02-20d6-4035-b4b8-ea6883e5bf1a,7.945001237,
ad046226-b498-4bfb-846b-eecf39a77ebb,0.349298754,
8d3607a8-fae2-46de-a2c5-d1bda5306461,7.236961154,
97e0fcfe-1a2b-4484-a709-de029056ef5f,18.95112458,
e5369d5e-0d92-4dd8-8cf4-b8aa0cebbaaa,2.186585177,
8925a535-b448-4efa-aaec-867f5c429a6e,1.399388787,
95c1f579-1320-40a2-8a07-6a65c099126a,9.706072509,
2bf2d388-d887-4a37-b7fa-bb5a087ebb76,11.57001222,
94b70623-ae99-403b-9607-11dbc36b3861,10.06009844,
ccd6eb5d-b7b6-4c02-b860-8921f0e148f2,4.301606292,
f2d375f4-0166-44aa-98f7-ac105e79db42,0.202953202,
ca11673a-7305-426a-a5a7-8ca0783d8fbf,1.908741505,
f4c23e27-3c65-4b8d-8988-d257b89534d0,6.134658859,
baf0994e-85ed-4dbc-90fc-975b6025dfbd,10.80705523,
bb9ed464-f3f7-4f1b-8204-c563aafe2199,4.414299219,
1d450401-0e24-4668-ad4d-f45881232de9,9.665947825,
d79f26d4-020c-4803-8c35-67da65b50d71,9.134868773,
0a95d0e7-49a8-4c32-a13e-341516d642ab,1.014692272,
bd52ab93-f1ec-4311-adfd-40c5315ec2da,3.296966021,
b349d420-a61a-482f-8279-eb79fd2cb104,9.009076703,
e55bc105-b59d-4bf4-a930-dadd63d11ea0,0.819821625,
bfe697f7-4b81-4b58-a1ba-b6f4a21e8a53,3.791547352,
012b9f90-6ed9-4f48-aef6-fbfe99c4541d,6.60649696,
4cc4c963-6ac8-490e-be47-03ac394f09b3,9.75291233,
e16e18f1-3454-4a25-9a70-b3f9563a0e78,3.411565513,
365da0e5-03a2-4f0c-be53-78858ced267c,2.026225846,
caa37760-7ed1-47a2-a038-eb5e6a017efd,21.60344723,
3acea2b4-4c92-4c45-b5a6-e971ca7af3ff,3.293397178,
03d075c9-4971-4e22-90e9-4ed65114083b,8.05488429,
be12fe7e-e72e-439f-9b07-096119a40f90,17.72310451,
da92ada4-03b2-4632-87f2-61136aaf4fd0,12.99258507,
25ab6d78-a27b-4b38-a261-8e8274c1e89e,3.212479984,
0845073e-ca66-4d4f-ac10-226f372a9793,2.545405818,
b404e96a-a67a-41d9-aaef-7e7fc36b50ce,20.2673561,
437ca7eb-2e32-4d85-a2c1-2b8cdb8ae17a,11.26680468,
7d8bd23b-b9c5-4de9-be81-d70a73be3285,0.886508783,
32d65678-9bcd-42aa-96cf-9addcd9b76cb,6.83430298,
013b59a7-6730-447c-92d8-babc8bb5edc4,5.253108334,
e32d2df9-5faa-43bf-a247-c8c6795eb2e4,4.311136857,
a65b18f9-22bb-4f8d-a2f6-d8fd59662fe8,1.58426631,
6fc05595-c2bf-4b66-953d-11ef3b8788ac,3.818640469,
92cac0db-2a32-4d72-bba0-79f0a27206ef,7.705418728,
148cf0c0-2edd-4d77-b6cb-4d4d43a7de9e,0.149946413,
415938c8-b7e1-48d6-873d-fa28f940a715,6.831701922,
5645942a-b0f9-4de9-8d8e-8690ff1e4ecf,8.472044867,
45e6832a-fab6-4a24-a4cb-12aae9f7ea6d,4.137441256,
8eed4dfe-ae0e-4f53-97b7-c8805eb28c42,21.49887131,
4b0d04af-e7ff-4290-b7d6-25cbc2478e4e,4.354399442,
d0906027-9fe2-4702-b744-33ca5b58d414,7.175960042,
3569c003-c78b-4f36-b772-c1262c801a35,3.358755926,
aba46465-55b6-44c7-b962-c3672a0958b6,15.37438253,
d8b3d58d-9a01-4dfa-a422-e0698094e40f,6.349543667,
584954bb-9625-42a5-bc39-021d6f4bcfa9,1.964541423,
511e1ac8-78d4-4732-b2fa-ef258809c0d7,9.170019464,
3283c440-c85e-47ec-bb65-37268084a97d,0.620694874,
7e9663bd-1afd-42a6-a028-ef9637728477,0.668875723,
0036eaa4-26cf-4b78-8959-95c450393e70,9.979961366,
76bbe22c-d53e-4de0-a342-fe00cc57e7de,1.784477794,
1e1b4850-4481-4e35-a843-9a8470e147dc,11.27101901,
ef055098-84d1-4b7b-b214-8c0758c4f588,3.370195739,
46a5b522-41d9-4bb0-8add-117622946ebf,10.91652003,
bc6c41c8-206e-4645-9ca1-170c4eff841c,1.274879479,
deecee74-b79d-457b-9363-21cd1605cac7,0.277830721,
ae5975e5-a0e8-4842-888a-115bd4f01982,0.206040176,
ccb55b82-a1e9-4546-8c9c-61db9f23de0c,19.72825977,
9d63d023-b28a-47ff-a62b-114a44f33067,4.014063942,
3e6ff44e-ae2f-4821-89ef-6bd0992628c1,13.97280083,
30ab14ef-21c3-44ed-b31a-764149759f5c,1.35324371,
7283e4f0-a7d5-4305-99d0-a02ebca057c9,10.05835731,
80d09d8c-bf69-4b1e-9a97-ace21753f5e4,1.137158295,
cd6ae55d-e2a5-45e2-9363-deccbd3779c4,9.92204996,
bff139f4-98ac-40ea-85e2-6c29f1a213cb,0.852435545,
3d41b66a-7642-4b69-b022-ba7d5bf4d834,10.77961396,
85c77d8c-695c-4452-bba4-541319f9d19a,18.3150881,
3803dc3e-8509-4b5d-bc76-dcb3b68d8a9a,10.29107959,
019c5888-4296-4ff5-b2ec-ce3a6133ae09,1.860893982,
b8368777-7909-44a0-ad57-0252e38e1b2a,2.021698211,
65ce64cc-999a-4868-890b-a6e2c1cd92b5,5.625701476,
f9868dfa-e434-4fba-a942-cd8ee9fdb1f4,12.8233197,
6e180cce-f87e-411f-953f-ed7395dabccd,0.61815322,
83d0941f-adca-40e8-9937-88f1f8cb6bb7,3.34935123,
30e0e44d-391c-43ec-92ea-90ca72f6c715,6.54049906,
277ee13e-07d2-47eb-ab40-a0de0c8cf86d,5.01967726,
21f4d6e2-de43-4f9d-916b-6e1fee0f97cc,13.84142983,
3b47e275-51cc-4995-962b-35e2c8cc841b,7.474946708,
86103781-2f91-4900-ab8d-5a01be4542c4,6.907311668,
06dc74c4-2da6-46ed-a76c-94d6b3eb98bb,7.673784618,
d567737f-bcc3-4cf7-a704-5a2541103442,0.624403009,
00fe5aae-67e0-4c88-87d6-8120760b5097,8.640993278,
dff1573e-c186-49a2-9ac1-0481a9b9c159,7.241405936,
fa7d5568-a7ef-495c-add1-97f880259a44,5.20768373,
a3375c43-9e97-4dac-95ef-1dccb15dc02d,0.707088748,
e011b533-e9b8-4dc5-ad09-8cdca93af00b,6.011211048,
59061fb5-c798-41da-b4c9-91a9bcadbc01,5.843830675,
d3f1f0da-cce6-40d8-8d82-0c3edea20e5d,1.744111834,
7c672334-4c11-4667-857e-75b52a63614b,1.492463653,
c079b561-c43a-428b-a3c7-25ca86c93cc1,2.370199324,
e7bf0a54-e8ae-4473-a7a5-39490f104841,1.056382116,
e2de8910-8e62-4107-adae-ad6f7a1c21a9,1.340925655,
38d30ac6-c43e-4c1c-867d-12d4e6f224f4,5.114503551,
82ca7e70-a110-4cfd-9f2b-b599dddaeedb,1.212130675,
2382ecf1-01a0-4ee3-84c8-1b506f50428e,10.48205161,
3a1381ca-75a5-4716-bd87-ce8be1808655,4.395728245,
54ee49b3-005d-4074-b044-fb32d651c28e,7.590974508,
4e79be8c-bf66-417c-b81d-11efa429c73f,6.120526699,
5a6b53bd-af61-4d9b-a806-06d2f567ee87,8.966824688,
84b03208-d3bb-4f93-bd46-c583d041a8b4,10.83724935,
d57fda25-92e7-49a5-8002-817ebd6faac5,15.61371547,
f4df2c9d-a4d8-44e9-9888-bc7088b02760,8.757893052,
f7add9ff-d8cd-40d8-bbbd-fa48cbac6a76,10.43624262,
984b4404-c7fa-45a1-83bb-a004e27399dc,11.76207216,
213d1c93-ef23-4f81-8558-2c119e9ad49d,6.896430445,
33e7c755-40d6-4f7d-8dd4-a0de29332a55,3.852988905,
096d514a-21ad-4ddf-83a6-989e23176aa7,2.026763279,
730acf2b-baf1-40ff-a701-20272c2ec1c4,4.338317117,
3e84a85c-9144-4c79-ab04-b8a10e7fcd04,3.03188392,
827e2ef0-0c7d-4bb4-a4b8-0d34a74ba0f7,2.569197745,
0d30ebd0-051b-4316-8cce-362fe6e5a574,33.18574898,
948cecea-36a3-468c-9420-d80e23a22711,17.68276366,
a7bd0c32-e457-4a53-b609-32ca4e73e620,2.276179751,
00504899-640f-4986-90aa-c318d594b7bd,2.603084617,
a6611854-d53a-4c53-8fca-1af0afc1947b,23.35596298,
5afe2144-2438-410c-b182-6a65e78cd91b,20.27415244,
1efa2bb9-05bf-41f5-85d2-5203670380b4,0.711038832,
fffd5331-7a0c-4459-ad2b-025b04ed71cd,2.989603862,
032ae97f-d34b-4579-a783-6ad5645495ab,2.262391337,
d31a2699-3629-4191-845b-da429c92f702,3.098212897,
057cd3be-7daf-481f-b80f-eb38a509af31,1.117397484,
7d133786-cb16-4537-8ed0-0c8e58f08cd6,16.2271415,
bd776c2a-4922-4d71-95e7-29f1436f8610,0.851994527,
ba023a89-cdaf-4988-8191-c7d443bd0807,5.682725889,
f83822a1-0280-4b46-9695-98802b65cc99,5.188906551,
1496bd02-32a9-456f-83ec-fd273dbf7888,11.68796171,
6714d3c0-dee3-48b7-afa0-d705a78558b3,3.218584351,
a96bbbcb-e200-4189-939a-c4c4412b5b32,1.283725157,
7de19603-901c-4f54-a43f-1ab940cd133b,8.544106299,
182f1d18-3f7c-449e-a69b-77094e5c4562,4.453107852,
4ea6bf47-f933-45ca-9bb9-86f0fc0f49dc,5.906369926,
75a6528f-48e6-4bc3-9d8c-3474bdf76fae,13.0832366,
387b19fd-015d-411d-80e9-7ddf7d7c19a5,1.152969571,
0ad4a514-a3f8-4adf-9ae2-8554deb580d6,5.903611166,
cf894eae-a360-4dec-9131-db360e73a9bb,2.800530074,
3f4a279c-9a70-461f-bb2b-64f091f95bfc,2.743452552,
be87589e-b6b5-4b4b-af1e-f3fd5c6f4057,6.109035134,
97ab9f8e-8a7e-48aa-b933-f656dd165eb4,6.900396914,
1b6fbda6-1e09-49f0-bc91-a5532d8467b2,7.777535418,
a6bf2c5b-1808-4810-97e7-6156815b748f,10.43230522,
705a5d67-186a-4998-a6d4-56006f4fb517,1.463239505,
c7ffb49d-415a-461c-b9aa-adeb03d86070,14.92294951,
f8c6438e-e21f-4d45-a12f-1fd4f8add107,5.963770435,
6ec08437-59e0-4693-826a-e3f326f36e49,16.1684701,
b16f55e2-e935-4813-9c14-7871366fbb43,17.04629677,
e139eba7-bd32-4764-855c-6a26b5a3d09d,6.415695474,
4f0a0f9b-3fd2-4045-9b6c-44cd25bf981f,0.253003789,
3d4e38e3-1b7b-481d-943d-18b60b7a1122,13.64670515,
785be8ce-b04f-4dc2-8646-ad686ab65176,7.61035925,
f6a7d239-2f1a-4fdb-a4b5-a7acec0f2225,2.015354375,
f14d873d-c68f-4b3c-a2f0-a13550fdd247,10.23913379,
062e1fa2-7ad8-4b50-9e7a-43f3cec4847f,6.388842221,
902161df-e611-44b7-ac5b-b74ca478d928,11.02005929,
02ff3292-e7eb-42ce-bd71-9f618a951256,4.421222357,
f09b6d74-7df2-4340-a62a-2746b6d84e50,5.621730031,
804ec6cf-1c62-4f6b-803a-9e2f34adbd4b,11.82794449,
9666ef85-1c95-49a1-8a67-7e6f24c51084,9.134220449,
3880a479-1646-4336-920b-385c4619f400,10.91555847,
2990fe0e-fa74-4840-a22d-1d2623100834,4.282202599,
c0d6593e-cdfa-4b1a-84df-7cea18bb5b95,1.577258306,
c3a72568-21f3-4a1b-a3e1-dc3e28744972,12.10402291,
d45a6407-18fe-4c43-bc14-0b22974d0ab3,9.248993298,
2b65ca2e-8381-47ea-9361-a2f5304350c9,2.675323447,
b1ba4fba-5e04-45b1-a890-395528458381,5.749472019,
6ea0c4b3-6fad-4c71-b00c-4ff192b137a6,3.244023092,
70b8fa6d-be89-43a9-8bb2-6914e9e133c0,8.040906408,
01e71f8e-5b52-4cdd-beaf-0a6a1005a05f,8.158504608,
74693940-b2c1-4d83-acff-d655163a21f9,8.392902137,
fdc9ba59-3aa1-424f-9969-385bdde19215,1.07162765,
e8c8c78f-366b-4cc3-a362-94aebd159852,0.038037924,
73793708-a049-49ca-b872-a8ef57393ef0,1.341757431,
3caa3cf7-9dcc-421d-8020-5a08843caffe,4.165086584,
b2c694de-cd80-4e12-8940-cd7f7b865783,12.17884635,
59c3d6a8-54b8-4921-9152-aea94a9c4c9b,8.94400222,
3c6b6325-cd8c-42b8-88a1-b1fbe7f13cfb,2.635397886,
086fc93e-8194-4070-a7f8-e0cc4cb57f41,2.680976745,
20f67495-a9da-43ae-bca9-35b1c0fa9452,14.69113873,
b508f9cc-a21b-46ad-ac8b-a1855cf07c7e,13.62719246,
fbd36f48-65b5-4bd7-96c1-146e694d4628,8.744457578,
0818428e-0566-454d-a87a-7d5e27f2300f,1.103715976,
ee9ec9b8-1acc-4777-aef1-e04d9f7e68e1,11.22901882,
31b23499-5d4c-479e-81df-ba9b4a31aea4,13.64463022,
297155c7-6167-46b4-98e9-ef55a4b145e3,6.123943422,
193bdf04-0791-485d-9fa2-cae2cf5da799,4.162866469,
47426adb-408d-44e6-bbfd-d7b6332cd8f4,7.231994513,
76829ded-41a6-4721-88e4-a57fa67daefa,2.71696663,
54ef1531-8c80-4e31-ba09-c885006180c1,1.411601059,
c7a0e020-527f-4ca2-8f8c-06caf3410ff3,17.35113545,
19b9cb2b-4fff-4e76-a873-ba4d5f97f4f0,5.759783024,
c02ece1c-78c2-4549-b28e-9b61c1c26267,4.783466812,
c9d7481c-7641-4469-bc32-b63126195335,9.256450715,
057e32c1-8980-47e2-a979-8a7c27800e7c,9.497528249,
1e2c5ff4-2155-4299-9452-48e5658a2d9b,11.32125741,
23c21c7f-fa86-4897-80ee-0a5754e24314,13.71203922,
fdcdafa5-a407-48e5-a943-9bcd10c6be23,4.531842067,
16a5b3c7-d8bd-4eb2-a943-2518cbb5298e,0.624991106,
16b28cd2-0c6f-4b8c-904d-541505c53cb4,7.666112176,
3d41b064-9cd3-4610-8a86-95972b3a7468,3.077913545,
c4772693-6aed-41f2-ab04-bdfc0524d268,2.523266888,
f6591465-d567-49b2-98b7-523a6bfe3d1a,2.68288071,
db53104e-ca85-41e8-acbd-39826e0a1f01,14.14824045,
c5d47eef-079c-4e75-b097-9c8e3671b638,2.784803614,
8c4d2e17-5189-4be8-a5fe-bd3b7a48ad68,7.14258732,
a0fcc714-f5e5-435a-ae99-e6b795ed6585,3.33100752,
5862fb64-081c-432f-95e4-fcfb77787f55,5.635855794,
bed64b38-0cc8-447a-b999-52083da2a2dc,7.680799982,
86544b0a-959c-498a-92f6-692061400f4d,5.670035453,
1bcc4ffc-e4b2-489d-af47-ac7cb58b0b7b,0.36550775,
1f78ea8a-4dde-4e77-ae9a-78a54b04f7e3,2.959377224,
db9e3e7c-d156-4745-933f-24cc0fb74c5f,7.925990534,
c84f1d38-48c6-47e6-9e5a-a73cda77e157,4.084720627,
2851f770-19ca-49d6-ad9c-abbcb4385594,11.88495421,
d2765087-65a4-416b-b077-432bfecdec0e,11.32176606,
ad7329c2-c9e8-48b0-b763-a5fcb30c9321,1.318839651,
d77693cd-e0b9-4a12-a36f-c14d8c23b801,3.163795361,
78c402ad-60db-4352-b110-4a1e87de324f,0.380005688,
3d81d863-cab6-41eb-acae-c8260ed9baed,9.122859999,
604b628c-1d30-40fb-afd9-a5eb10be1e98,4.879846956,
fbf0eef4-b26c-4270-b1bd-8d786c53695f,10.30463511,
371bf483-4d58-4eb4-9a5e-25a9faf444be,1.881648639,
4bce1745-0322-4a00-97e6-4d76524c1a79,16.90198535,
6f2b50f0-5ada-4ed7-82e7-465b9218272b,2.6128992,
50477649-8561-4a14-a093-0f391b713be0,4.875786999,
c05fb8c5-84dc-4819-a3ac-52acbda62097,3.573173031,
5c242c81-e0ba-4135-853e-3a4cb739ae4b,4.206901199,
43f73f07-7d79-497c-b7a5-5b0edabbda35,8.763765727,
503c2d63-bb11-4dd0-a109-713c40d8966f,9.668896332,
61190055-e1b1-48a6-856b-045cd983e1d3,1.137816436,
a6397e2d-d6b7-45b9-872c-8e9c02353aed,5.023504642,
c3581f6c-fb0a-4671-8268-f7899a8cb4da,6.201593493,
42c12a56-5d8d-424e-b27e-a94850fd440a,13.02322013,
4e983008-688f-4ef8-b2ce-0845d0b7de7f,1.508637397,
a41d016f-a67d-4e73-838f-1ab7e73d5ce1,12.92365773,
ec74b2f9-f51c-4c85-9c19-1c8f279692cc,7.59132577,
3cdb8931-ee26-4212-8154-86872c8a8d3b,14.42934409,
f7c46de2-0d45-4ad9-9901-ec9c10dc149f,5.843546781,
46cd57af-5c9d-49d8-9763-dccbbce26f48,1.623614091,
8100483c-57ec-4cbd-a23f-d3fbf7f8b3b5,1.649388977,
78bc7716-51f7-450c-9c4d-0de162499587,12.43711436,
6e076505-7648-45f7-b236-58355488d663,6.96805736,
9511fa55-ed1d-40d2-8e82-0ee74c0219f1,4.596460368,
5f2e6704-222e-47d3-81f2-245f1a846885,4.684130432,
22c5ac73-28e2-4a1f-94e5-efd178ca4b06,4.832113658,
2415f596-8fd8-4398-8829-225a5f700ba4,2.140432987,
91a7d990-1a6e-40c5-b704-14e4315ac201,6.092406611,
750569e8-cb62-4dfe-afcf-aad8cddff7d5,8.286173769,
6f5a6381-c338-42df-9391-f9558171959d,6.451539465,
941547e7-4f99-4627-a14a-83fe24f3812d,8.778251227,
212b4b51-b62e-4659-9fab-789311481b08,1.981010131,
34aa69dc-c6d8-4521-90a3-4d0657cd7586,29.49768119,
90046146-e0d5-4029-81d9-c27989c0b4f9,2.499650794,
81c8b573-68c6-4231-a82e-71af772fc83d,1.101400493,
0dd05b2f-23c3-4c6f-90e5-b8566931367a,9.089822787,
89a1a346-27c0-4f53-ba4b-9d90de013481,15.46984228,
07ce7ad9-7027-455c-93b3-410d25265b5f,5.247891984,
33336fc8-2d92-4f34-8cef-fff10fb045b8,14.95091949,
3dd5c4d7-946d-4624-b119-47fe14573106,9.41213486,
f4165bf6-03a3-4b86-9abd-aa6cdd48c41b,5.098815529,
671b1034-8433-4f1c-a94d-3088d727a05e,8.929823179,
19d54748-3db2-4105-ac76-8ba3bca03390,0.208106829,
0a34d693-55a6-4c49-a0c1-b9e3df9f3c54,7.488867871,
cbc4072d-a8a3-4191-8679-e1eb415c053a,7.713188032,
55d93600-dbc9-4cb7-b2d9-5ce6e5cd07cc,1.459272041,
4de2d3f5-3c50-4ada-a1cd-c37bf3599ec6,3.537647482,
dfd64e2d-466b-41cc-9430-6d5d8745fdd4,4.075902784,
4dbf9472-1740-484b-9ecd-6996558ad688,4.612350124,
9efde64d-4cef-497f-b2c7-3abf58dee3ab,21.06631927,
b19007f9-16fb-4adf-8f0e-75095fe71602,11.27282584,
2e72b51a-f1e1-4802-823a-88634bcdceb3,13.66399798,
78c5f7a5-e746-4e0c-bc15-3c9a5bae1b1f,2.242137606,
d88d6303-7fda-4343-a3e7-cbfb24c0d651,5.118378834,
24c78595-689b-44f0-a616-7822d1181494,6.034186506,
a7fffd33-8266-4e76-a665-ebbe3182faf7,8.283667316,
d4be6de8-0a13-43db-bef7-4bd3bcb095eb,9.414478127,
c1967624-ab1b-4761-9e30-fdbf6b425de4,4.82215699,
a0d2cf6d-3915-4fbe-813a-973685b9b7bf,1.037170067,
46616345-3e6b-4360-81e1-370d70f618d6,12.94511366,
cbe18924-57f5-4866-b630-4a0eb21b6fef,3.979455454,
b60ab2d2-3b7d-4c9a-bcaf-247aefb9c79a,2.611154702,
5eed1319-e005-4868-8ef5-f31edd96549e,7.540334873,
fe747cc4-79bf-4580-bc83-55a37712b144,10.75489298,
45222f5c-197a-4318-b262-607f11cd38da,7.154360761,
a22485a9-94d5-480d-b7c5-a042c5c77894,12.56875734,
5379e639-73a0-4e1a-b5f4-20c96d24c035,5.854418089,
2764b685-25a4-46d7-8aa9-f20732f99044,5.38272194,
52e57e34-b2d5-40a8-ba14-40dbd5b4f54c,6.505470083,
dc0b3da1-7678-4fba-91cc-8d74334e4003,1.636523768,
778fc850-7e4c-43a6-938e-11b8f3a2569a,14.75248003,
a983e278-b593-4900-af01-097bad571bc0,6.47222819,
d171ed69-a0a6-4173-8053-a4bfc720dba6,11.51776213,
088b18fc-e64b-4701-a404-a5d71ec0a936,2.406780547,
8841c72e-bb6e-406b-b942-685ccb0384b7,8.061321456,
9c83273b-bb5c-4303-9b30-59932dcdb707,5.326924435,
7c3b6ece-4e29-46ef-bac2-5c2b48a7ab7b,3.672500224,
7174bdfa-bff8-4a1e-9a14-73103c7fd5c6,0.044410739,
fd45fdb5-e5fd-4a9b-add1-873e9a23bd7c,6.222266472,
269aac15-c7e2-4246-9935-2ea70fe653ea,11.73884589,
8064a4f3-9200-4ebd-afe4-2d3442bf11f0,1.822959258,
61c01b58-190d-47a0-908e-03f5492d3814,3.931215517,
45aedb74-b183-45e9-aefa-e529a81525d1,12.76333531,
fd9037f4-a2bd-4fae-9a86-98c95b6a2ea4,0.49249835,
ef13fe66-7193-4d09-9d54-c5c9b04b2bce,10.36800213,
ee08f59a-f780-457e-b0db-0cf6d4975e33,0.408473647,
2a3040fd-06f0-42c8-86b0-1fdac226c995,10.47814819,
8b63fc50-20a9-4a9b-8e37-647e5fed1271,8.059621316,
bc95bf49-e21a-4d68-90d1-e1dd3de9e5be,5.533385754,
fb6d9c7c-e7f6-47c7-b311-6ee3b786a531,4.268682294,
54f22b1f-f235-4882-9d36-5dd05990b9c9,4.925164886,
c079cdbd-cfa2-4aa4-a77f-b7dd8995ed62,0.577962713,
2d1d3cf9-c142-43d0-b0ed-7a1dedcb75bc,12.00358168,
8aaa4f23-c568-4575-bbbe-b6477f9c3d64,7.138455776,
16d74848-7914-4d23-af03-d971e3251bb5,6.658366942,
cb6709dd-0520-4b8b-a61f-4115cddee549,3.180161412,
5a3e8454-c8c8-4097-a422-9318b9c85b47,1.38661343,
d9007b25-ea8c-4d58-99ee-39769cadb864,0.689035098,
660ea2f4-6bb0-4c78-a960-e7d35f5ccaca,4.080759239,
7a9bc829-e79f-4347-a197-2bf4d65a9582,5.837808382,
c8f2e083-1770-4e74-98db-4ff4ad4f3d28,2.904852937,
e6da889d-2d1c-47e0-810c-0ed2df48d2ba,2.653852403,
48333243-c7e4-49c6-b813-6bc30003a9fd,13.46891729,
6fa26f72-fa87-4f81-8c71-7a40d0064873,2.357363426,
62d11137-8a4a-4772-841e-4ab90b74288c,4.203802298,
e862b84c-f0bb-480f-ae10-ed2d20adfcf2,10.18985348,
83212918-7bd2-4a2f-8b5c-cd6613ea7b9d,4.288694833,
e69fc989-bf40-4221-8ffd-7c4ec4046aa7,5.754544744,
fb72cff3-cf10-46f5-83ce-6e8b0240cfa7,6.685961435,
6579093b-173d-4e19-9bb6-3f8a7f4d1ad1,10.4430245,
e98ca802-e21d-459a-86ad-34cc063355f9,1.512357495,
ae96ee90-66ca-47a8-9d11-a1c5536d1f5b,5.667660036,
6b420e5b-2c82-4c21-9ae5-22363869bac7,1.463915668,
2c7f9c15-e0c0-489f-8a85-6ef58d5b7942,1.244569095,
bb4d8e83-31c3-4d92-a628-7d79a71154de,15.83098807,
918397cb-0f61-46e9-af6a-83fd32295f69,12.95456619,
fe484812-4755-4f2b-8a09-613261cc3d30,6.385303832,
448a76d2-29f9-4f55-9a3a-dfaf50b801f8,15.40438488,
952b9acc-f591-4848-95b4-2e5634eb0e03,5.362144731,
d49f1b79-579c-42eb-a4cf-6cf22111fabd,3.214147351,
45ec6b7f-cd09-413f-8162-45ef026ec0cb,1.292253424,
345d1e2a-68bd-43e4-a95b-1f5d9d39f18d,1.615327217,
cfd144d9-b5bd-4033-b538-59aac77c4b67,7.680188553,
c5bec7cc-c80c-4726-8f6a-e0157c20d84d,5.631134703,
736d1eff-38f7-4443-a936-702e9b657ec2,2.830180076,
6cb07440-2083-4d1a-a6e1-2bad33dd1748,2.837979813,
ba1d06b8-2921-4348-b150-781044a7d163,5.919611823,
73e4373d-4be6-4bf4-980e-b93ddd43b7c5,0.612650264,
51f115e6-e9fe-48b5-acde-f01e5d81f376,14.45853471,
d45e4193-cbaf-4224-b9b9-77bc47e2261c,17.64300003,
8c0d5369-84c4-4e1b-b947-d94d57d58873,0.238965969,
922350f1-c138-4e52-b619-0f51f9c39bf4,8.015983752,
c397e8d9-2ab9-49b3-9bf6-c32f4b3a16f7,14.37932177,
33d4c6e0-c846-422d-a345-aeae4d7ea6e6,4.843979118,
f2537599-bbc3-4c50-aafe-c0d7f93b1cf5,3.506711515,
05f267cd-5505-47d6-8b84-83acee431115,3.416132044,
873aad6d-5551-419c-a79c-4febbb290aec,1.486976154,
06daf559-cfba-4542-8ff8-cd280ad5306e,20.20429934,
d5bd0326-09a7-4587-8808-9a3c409db167,7.281029757,
90eb75b9-3871-43de-88b9-2b8b569bbae4,2.846265487,
4f6a4593-5deb-4a9b-892a-53658995332b,18.4589183,
644d3e7e-bd7e-48fd-a6a6-70be9dba218b,5.744995273,
1d6590a8-85b6-4ef0-9066-500a9423df92,8.388470043,
2236d849-f88a-4e26-90d6-4ff63f64e7b4,19.95753675,
dc3b71de-6283-423d-b57f-1d4b900131d4,6.772431108,
66894e5c-0a13-420d-8c99-f6d18e05cc27,6.256911781,
0f15a8cb-b881-49cc-b2b8-a991f2cd3997,5.673616215,
8d0d45b4-40c5-4b1d-8fd9-c06563f5107b,7.230813904,
9ba680cf-8484-4dd6-bdd0-3eb4f9e78c15,5.537412616,
7b6d8471-e9f3-4753-b5f3-013aa649217e,5.828876793,
c29bdb64-817f-43c0-847f-e4b3f2121843,0.70989256,
a470fd21-ed5a-4b38-b1a9-152207779579,9.361527179,
cc4d9c25-fdc5-421c-b429-9bd5b4b79085,14.55161059,
e51d2d94-a13f-4c1b-bf87-e621f87dc321,5.146980343,
e795313c-6b2c-45a6-ad18-5995875c2fb3,7.23824565,
f605e061-a5bd-4dfc-bbe9-731ab76af5ec,1.04769648,
efef11db-348f-468c-9689-9225ccea902a,3.989765835,
a1d5cd1c-4750-496a-87f6-f102aec61d19,17.03616987,
bd381754-9b68-4a41-874c-88f0da2647fa,8.11082873,
0a85e7e4-bf37-43a2-8fb6-032f99debd2e,19.12227127,
b3a1b5b9-cf32-43fe-abba-e5dec1814293,0.603777658,
98c68c96-1433-48a2-9521-ea7e5e91d5a6,8.440718026,
f15b7a52-878d-4c3f-9159-31faac4b00b5,6.124908402,
25f439a3-49f1-4214-8a9b-fffb0eeac28a,2.482255327,
fe37459f-c64d-4c8d-a9d7-1465054ebc02,3.61406459,
fa7dac8d-0882-4f3e-ae68-124a6fd09096,2.266773963,
3775e9b8-99d4-4da3-9d11-0677c4fa5244,1.388292665,
345cf621-7605-4f37-a3ac-f22f5e3ae725,2.006622278,
23f2cea8-653f-4dd7-bba4-85879dd84a4d,11.23619253,
5f1d7fb8-dab1-469d-99c1-2577e805876e,3.627233598,
981f4fe1-b5c8-472e-ba91-cde8b343cc2d,12.21792869,
619a2764-b083-43af-9acf-d6f50283aae0,2.444174,
01a7b5b1-9b85-4688-a5ce-cea39f161331,6.699073986,
31afc88b-9e3e-4057-921e-2ba557af4c81,4.534630399,
5f868478-26c4-4f40-98f7-a613021acfe7,16.31821034,
46869cf7-a643-4664-be27-00aabf8702e4,7.373993303,
6b9c1696-52d3-4a63-9f5b-e46c6014e91e,4.267418164,
c90b170f-c5d7-4601-9843-4a0114cd5abc,4.907357297,
e4fafb7e-e231-409d-9e4f-77abf834e1ad,2.568092567,
a6bb1aad-6bf1-466a-bbd0-88f5fe6a10ef,17.38748829,
9de92a1f-e82a-4a34-b67b-c26f37523b86,14.89575389,
4100ca74-7fb3-4522-b8bc-fcd199c01155,0.790661589,
93908003-d19b-4ba5-bddd-403b113fd621,8.691755096,
d18ef5d1-5240-49cc-8587-109bf2a5d908,6.2553611,
6f1dbd6e-0d1b-470b-8cc1-042f543fd750,2.734189876,
cf20731c-6433-447b-85d8-af129888613f,4.647143352,
79207a1b-e6ed-4f47-a24b-e11b77c86e7e,6.341959087,
d52dd73a-a7e6-4650-b62a-1549a309a45a,7.029238571,
bdddc2c0-1792-436d-9062-23c749848d9b,10.89236412,
7224da91-3988-4c54-a03e-8509762fa135,10.7731886,
1c03d567-9ef8-4f2d-b51b-6c7f5ea93661,4.666269512,
13fce61c-4d36-4596-9549-7b2546986958,3.996941696,
cf89713d-b199-40fe-a7a2-f72c9961500c,10.67355149,
7b901aba-2139-44e0-9da3-c9bae478e03d,5.58029957,
55c0f762-e66f-4705-8e06-d60752956446,5.514502782,
0c4c81ea-cd33-418f-ba78-ad7c52da7abe,7.852825175,
6b1e1c57-c4ed-4470-875f-fd8aea6267f6,7.041355832,
8e353a23-aba2-4795-9f13-94ea8aeb5877,5.603468414,
f12ed518-5811-4b8b-a394-971cc7f66dca,0.027054667,
90e04939-1092-4b67-8f51-bcd1ee34797e,2.962183828,
fc28ba8b-381a-4dbd-afc2-a74573c73cc6,1.475119855,
010ff961-0608-41fb-b318-5e6d9bbc8d68,10.47186365,
c747fbaf-841b-4470-aa14-73fa94d9ef7f,13.23119358,
190e709a-363a-479b-8156-3677b3849ce1,1.0833461,
5534e583-cdc9-4ad6-a0db-bb2c26c5363b,5.689418942,
635a825d-3571-4bf8-afc8-f67ca6edec56,3.072103665,
06846e38-80f0-455d-85dc-b9fbdea98fb9,5.732444817,
add6a319-8c34-4f7e-bab6-e369aa17b601,13.22009291,
72448769-12d3-40dd-bce1-608d757cb238,17.52571163,
ec26c419-e550-4b07-8395-6cd07c85b6bc,11.20325853,
c96e3760-bd3a-4ad1-9f4e-a9e801935181,1.199000127,
eed344d4-b535-4e25-9435-693b045b42ea,6.677855869,
2f7db576-1f02-4954-88f0-62c65d8aad3d,8.134337097,
9bb69568-f88b-44b2-89fe-24ac32d5551c,13.00647856,
7a03a698-b736-4df2-8c8c-547d21ed27b6,13.94986159,
ea6653b9-80d7-470a-9f0b-a233e49755d7,6.991128447,
7cd991d5-6bfc-4a94-8d10-fdd368d35f03,1.621618537,
86898cb2-a0f3-48a5-8ea3-7123dcbb7310,13.2411201,
2b74832c-c99f-4738-a7d3-8c2a51c2dba1,8.029250522,
77ad5563-bb8e-4e14-b9d5-1c3063f203b4,3.086839302,
44cf69df-9e38-4ee2-9ecc-4ae5fbf92936,1.988648826,
9bb5c118-68b6-4f6f-b062-a211fc9a7173,7.980469825,
217e7a35-03d1-476b-b182-f974aed33559,6.182543793,
9a0f4aa3-2e42-4149-8b28-8629d39952b5,6.932701241,
9ae5a753-6d6e-491b-872f-7952f8ab6931,4.467296138,
2965b7f0-286c-45cc-bb12-112a8a46529a,9.648862924,
b9a5cca9-f0f7-496e-a0be-56e393a583da,14.91888797,
61cd50ec-829e-41e0-886a-199ac0c9d627,5.875798264,
57e1be61-bc96-44f8-981a-ebaf0573a83d,3.040708391,
be655ac6-d879-4231-9de7-a1610d803f6a,4.125156157,
69eae9d3-89ae-4f3a-bdb8-96614d593a8c,11.15231658,
83375514-c01a-4429-a407-1a58e7bae699,3.286101267,
dca7ea61-d8b1-4b91-bdfb-6995675d01a7,2.661226294,
17edf5ac-7e44-4d8f-b38b-970ab0d47550,6.628651473,
9be6ed3a-7a32-4815-b4a4-f2c2f42ccec3,1.274280099,
047efb19-5eb9-4150-89d8-35c1285ecf43,10.87734071,
03826f35-619d-4fa5-860a-696c529f8281,9.556253041,
3637fdf9-00fa-4dcf-bad3-a688ed578bd5,4.376238794,
024515df-6179-42eb-a8a0-d8a198dfb057,2.051957939,
8fba8246-390f-4dd0-bcf3-477575b9d6e2,2.545653635,
821e71e2-8929-443c-8ee6-bba87fbf4be4,2.337713411,
2cd5670c-4bbc-40cc-b93b-2bdc6b29fda8,6.395378421,
84ad2fc8-20b6-48ca-b5d7-481a625d8d68,6.074533526,
6e9dea0c-09e8-4276-b53a-81c0fe91088e,4.778335713,
bcdea9b9-86d0-466d-8691-f6ddecdf73b8,10.81529557,
757e78e6-9218-4e02-ad64-f5e13697cc61,9.347860969,
dbd8c942-b398-4072-87ca-82343abae266,2.969802125,
0daca968-3e65-413f-ae9e-0b9f3075520c,1.781598213,
44c843a5-9434-4349-84ef-8215545b705e,7.907642152,
6eb05759-b5e5-4a49-bbdd-08a1e3c2f35b,2.68734975,
7ac7ed54-64e9-418e-ac06-e88ef599add5,6.828341392,
5f22a9b1-1f12-4260-a648-3c1b37791476,1.784202456,
84bb53fa-fd3c-488c-88a2-4fca1626f962,1.375490839,
b8a372e4-a5f2-465d-9a16-d36157e7be3b,1.446977707,
b45bcd1c-8e02-4d66-94b5-af24ac1e4351,2.81197359,
4c0a2dc2-1946-4db7-a7ec-45c6e6f2fdb1,1.2695247,
bc36cb80-ea9c-4cda-9590-ec33bcc8c2e4,14.05962094,
3b8553e1-dc86-4763-acee-41089bfdd7df,5.161043122,
d4eec046-64b3-444f-aa84-9eb39229c187,11.54511158,
404d07d9-7641-43e1-8683-74822801cdd7,0.884261042,
b19ccdb2-cd6f-4fba-aca9-5d4feb229dba,0.299986234,
770b6910-beac-4bfe-bd88-cb279b0ea9c6,0.778497699,
0c89f80a-0047-4374-9edf-185bdefce50d,1.448727463,
138eabec-6971-423a-9da3-45b639bc1163,10.40191711,
4e385fc1-bf2e-4561-aa43-6c509c973e6e,1.775500863,
daa13949-3183-4323-8a8d-5eeea87b91ec,0.579708494,
7ed7f3be-1328-425d-bbcf-7c7ccaafda01,0.651320924,
a3987e7d-4ba5-411b-b258-6295fec2b2c7,1.814808477,
93899385-06f6-4f90-84d6-d114aad9d293,7.267308423,
919919ef-90f9-4085-b441-0a3b66eaf73a,3.558087615,
f2b457f6-f9b5-400c-8e7b-37eb005daf09,4.180233977,
583e9165-6071-405d-8f7d-4bcfe3446f5a,13.18196669,
fd116687-4bde-4c61-9d63-bb1b937b0a83,8.353770314,
67098d6f-c10c-4171-a426-54a0ee6b7151,4.362601202,
80fa6666-6ceb-41b6-b17a-4dbccfa34301,5.65381708,
9b42c66b-1e6c-48f9-a473-513ece559464,9.252957881,
905dc6f2-3144-41f1-afd0-84bb72556910,9.179930377,
96e92f49-6b5d-4164-88c2-46b4d43d434a,8.15675246,
813dd48d-fd1c-4684-8181-f1ce7888e14f,4.1434859,
4654c471-980e-4fb8-87ef-d96e91198874,2.367185957,
7c231867-c4b1-4de9-9299-1f41627f5a38,7.627753748,
e3a3b9a6-5973-42f0-afa7-0e0b59cde14d,8.533875803,
e8e3ab20-4f68-4cf2-b895-f2844a615040,5.632270773,
5649b4b2-e57f-43b3-822d-f7d942a22406,5.507056035,
e9f1b8a6-5cdb-42dc-b8e6-50a6632a39c1,11.35773915,
823e7aca-1179-497d-b718-a31b73075a3c,0.966903771,
bcabcd21-fa1e-45a9-aff7-2280a86ab055,10.90464525,
0ce51791-f224-4498-960c-41fe6c6effba,30.1132984,
df045a0e-2e0a-4809-9f73-eb5fc023c835,3.76202268,
869ba314-27b1-403b-b3ac-f652e622c8a5,1.641157382,
9ab7304d-bc02-43c9-8567-35f810d75cde,15.73558429,
6ff59d4a-d287-43a5-b82a-c464f37b2beb,9.851760956,
12d8ad43-1126-44c4-a810-0d16ab2ce23a,4.020855314,
d6d52609-4ad5-480a-9633-a34d3075d570,7.906526435,
fab114a1-44f8-492b-92bb-7eab82a5dd23,2.87284403,
358225a3-95c0-4026-b747-367a1bff6aac,13.32154322,
e10299e6-d1e3-4469-b4c4-72559574adb8,5.939043324,
f28b396a-38c3-4977-805b-c89d651d638f,10.42921404,
e3ff9ce1-f933-49f1-8cd6-771b523816c6,0.034690659,
439eb158-2b95-43c0-8abc-bfe7701039e6,7.788317115,
ed31b49d-ddcd-4a8a-9160-6f64a9adb41d,6.568076016,
90a7aa4f-e54b-4417-b6f9-cdbd4841e941,7.650364338,
b4646bb4-4ebf-4f09-8d30-e763e345d3ec,8.008839894,
65c4068a-39cc-4be5-ac42-dc928df6fd22,1.809326747,
1f5551e5-a2d6-4d2a-a9ff-b2dc8f878932,6.739951525,
61d90dc6-6ab4-4c58-a847-7aa95152afba,4.246024541,
cc96385f-39bb-4db2-8eb1-713e0f289537,11.29939366,
ef058f23-17f1-4855-b45f-814ae46804ff,8.309736942,
2d35b99c-1bdc-4510-9e9f-e44cc7c2bef7,11.28944967,
abc40d0f-de24-4c2d-b389-224cafa913c1,0.669725472,
1c8d8c1f-46a6-4a1f-b97a-f83d46048dd8,4.775942797,
2c0c47d9-fa25-4289-8c82-ac6d088631c1,1.307608351,
ec78d6d7-594e-487f-ac4f-93be004eb0b4,9.572009094,
40dbf509-8ebe-4073-b764-0c72d1d3f9d8,1.438073952,
e411c679-ad25-498e-995a-755c9b8988eb,4.242322318,
340ab0a3-7dfe-4a87-8839-00f31bc52d8c,1.262971309,
af1844b5-8acb-4496-bf7e-89016e3cb17b,10.76508535,
1cd56fe9-6bef-4e64-9551-9f4d04eaa226,2.851546717,
382b1a6f-606d-4c14-b0e1-e36162c1d184,10.07706624,
9a20d41f-7797-4621-ba0b-cf8b5db9346b,10.34236814,
d535f719-c3c1-4b8f-ae6f-5f8609311fab,9.55700708,
407c1a4c-8418-40f7-b8cb-87ab538faf3b,16.78485068,
4a3f72dc-0b97-40b6-a4e3-8b2fcb947e4a,2.2836608,
32d6940a-1172-40db-8f96-d76e5c64dbc0,5.036669137,
7c51e5ec-04d0-4d99-abc0-04527438ed5b,6.558304416,
8cc32563-5313-449f-99c5-87338efe7b19,9.610840205,
3a876906-ff6b-4302-a20e-3b987cdc974a,0.639671611,
9fcc9d43-6835-4c8d-b3ca-cc342a6f9183,1.88107249,
676c06d3-a72f-49dc-9b76-ae2086eb7de5,1.372092743,
e247f6b9-0fc7-4fe0-80aa-88273e9205ff,6.536618287,
3f85a566-2b60-4989-9dd5-b13002c4b575,2.765407172,
13dc7e0a-2241-4356-8f42-947be94d3566,12.8569872,
9e8689e0-e72a-46be-90b9-c415927b466b,9.645909258,
434d5b0d-6330-4f05-ad22-56053219334e,8.186225285,
920052ab-d1d8-4d09-bb4b-94b6c42cd0de,0.685406418,
d47b938d-9804-4d53-bba3-96c0e583622d,0.640147965,
ad79067b-42eb-457b-877e-cb5342444e16,5.933222966,
fafaae38-08e1-4d21-b69e-fa3b9a030ba3,8.836541701,
c4d7a654-949a-4ff0-824c-bfafd3ad506d,6.405162134,
29d8cd7b-b419-468d-b150-dccf505a6397,0.462483336,
6921779d-86ec-4f99-93e4-3527ec207ebb,4.562778219,
9b408ba4-2dac-4225-aab2-b8778e134ebb,13.36264226,
b591db60-8034-4095-8489-6a040b4128fd,13.45493534,
cbf4067d-7268-4693-bc7e-4a645b105a91,14.76508783,
f4fadb55-8e29-4230-93d1-970afb3f1341,14.76447635,
9d2fc308-0168-408d-9a43-41230fae760c,7.114501797,
9970806d-ce97-4aba-9947-473493404256,3.375649783,
98215313-1e56-48a7-b383-294795f25f97,10.54810223,
7ffea202-7fad-4b23-a7b0-cba7d0694f69,9.22019188,
4a60119c-cc56-4562-a6e1-f37948cd4f7d,5.839962846,
1c02aa4e-e1b0-469b-a5be-2e4c5e296bef,7.024239644,
8429da53-07e9-4773-b23c-564bda137667,14.4852586,
b0d6405e-d2c0-49bc-82e2-78bdeda8a791,4.647543298,
6397b0ac-c472-485f-8247-a17627992243,6.035815713,
4edac214-a42b-4433-b300-77d9c1169d18,14.85829187,
f39fcf93-ad0d-487f-8760-05f64cc2d089,1.075593356,
1bbc9427-6a67-4e17-b70d-5376a6d49c33,4.693715119,
796bef25-f97c-4636-b6c7-21501e90457e,7.84872748,
5ae73a36-3a54-4372-93c1-d5389efe659f,1.615462523,
26655f4e-a085-4fba-8ea4-3f190855abe5,0.131592129,
3e454c31-8125-49a5-929c-481b21e36bff,12.14486792,
4492df24-3355-4343-86c6-d082a93be83c,2.821800839,
93848d0c-f64d-42d9-9db5-ecd74de1a484,4.145041481,
23fb8760-f8bd-4a3f-aa86-ae4a5d393cd6,1.646111421,
affaecc6-8de8-4f99-beeb-746e90a3f58a,7.107162403,
30f51e10-8265-4e5b-a85c-2a7d446190fe,3.63944433,
080c7c82-5802-4900-95fd-b65fb1067d69,5.600250898,
3b57ca0f-3ad1-4a90-807c-3bcbda439f72,10.78511203,
ad93a029-423c-4499-b78f-308791c163c5,0.37076523,
ebe86af3-4f7b-42de-82f6-357c8cf88eb7,3.988352014,
ee471f23-2ca5-478f-adb7-5a629c095513,6.209771387,
130dd5f7-bac0-4eae-8d9f-11d8e9310b02,0.233915969,
60a581b3-cc19-4603-861c-924ba591c6d8,1.503233589,
29f136b2-2625-4ff5-8797-da248d750667,6.771527814,
be4dbbd0-9a37-4d30-b7ae-b1ad41646d77,8.416868378,
2cf22771-66d0-4216-98c3-41c5a0aa4d20,2.628125487,
1c0606b1-1c8b-404a-b9c7-7407163626da,6.541079617,
fb71fa34-bfe3-40d3-92ad-a322249e5b28,2.208544576,
42d7e9ee-7111-4baf-aa1f-aae2f353d269,0.960492422,
27c0988c-6763-4653-8001-467f8cddcd4a,12.96841912,
dd72adac-706c-49b4-9f07-e3e89ced22c4,0.764531451,
2414667f-0787-47f4-b2e8-04058c85313f,6.756286955,
24c2ee16-8c69-4053-a88a-29aa4db3a924,0.946563928,
ec893a21-ca39-47b0-ad51-ec162d03b27a,2.287994287,
30f00126-132b-428e-9922-e34a0477f653,1.127222281,
98d625d6-3ffe-415a-912f-fc842fce66eb,0.68764036,
3901ceb6-e16e-415b-885b-d51cd70c6cc9,3.156765228,
7ea5a657-5732-436c-a291-4011ab3019e5,10.99595424,
9036b7f5-bf45-476c-8e8a-4c6685c4f71f,4.843877178,
ee2607fa-8027-411e-9ad9-09122725b02f,6.580660493,
6acf4836-8259-4496-b84c-5f5c7e1ff24a,0.500176539,
4879c19b-2bc1-426d-ad4e-3ae2fa68a46e,5.685063212,
3837c7ad-f701-434c-a45b-c8e2bd162eb5,9.681879598,
cba96684-0c6d-4f13-8a39-7d77662b491f,0.372128693,
53fa0847-671c-4206-8a5a-b53112c9dd98,2.36575533,
aa79eb0a-439f-4820-a845-3f81cd8fd674,3.177566472,
dc65ea56-47e9-42bf-96f2-22e18816612a,1.797681532,
c6f86622-0dcf-4f28-8f68-9ddd09d7585c,4.064392091,
a588f658-ecd6-4576-a48c-1f3a81c31814,1.111395833,
8ff68193-1ae5-49f8-9dad-2ff1c61b7777,5.676261284,
32dcb042-5229-4387-a893-164ecc0af2c4,12.46549467,
426bbc6d-6132-46cb-87ac-7861971248a3,0.224816985,
f8a906c7-889b-433f-a4fd-85a2c48c3ef1,27.67133816,
02efa2e8-ee9d-4fe0-9e59-6976465fcf0a,3.961219598,
6d20025a-016f-4136-b528-54eede0fcd99,5.816356686,
6582bc2f-c368-4246-a76e-9ecb020148ce,6.561863422,
205a441f-fe3e-4606-b461-e44bddc865ba,4.198349884,
0f888f56-81d8-4213-9e12-e4704cf1b997,14.74594775,
56402377-3e6c-4caa-818d-d017bd89e0b1,3.879164842,
a23038dc-4c6d-4f74-8504-8acf217d08cf,22.13503051,
ef9f315a-19ce-474a-b89e-e27b505fdf97,10.88625315,
abbee255-85cc-46a4-bbd3-a6915ebc4d6c,6.332775857,
4e03bbc1-03e1-48d5-aa4f-9bba4cd8e43e,19.34141554,
ea5f2344-1c38-44ee-9490-54d13678e34f,1.284892082,
8a8013d3-a286-4e4a-8f5a-9eff771c4028,1.919028367,
8cdcb68d-50b3-44af-b01b-d228f0655233,4.608719401,
4283a0da-865e-4a0c-889e-4facf8256c20,11.65112022,
8b8a73e1-0cda-49a4-9298-6afb869eb98c,2.056560941,
0d44c97e-c468-4a56-9417-6825a0a5a786,4.344616618,
d2948eb4-88e1-4cb7-8674-f0b6104f784f,1.422496566,
d9e6c1e9-1e30-4b67-ac08-23a64d6ea46f,12.11992567,
ac230ea2-5cc0-4072-b2ee-ad8fc93f3ac1,2.064078328,
88c306c7-41b1-4038-a213-3ef996b2dc53,12.31003631,
3cd89d54-3144-47f8-9dfe-e7af96ff5457,0.888456052,
2f094c4e-ee94-455a-b838-0fa527fd8771,1.456772658,
8ed0073f-fcdd-481c-9a44-8f4bac6c1930,2.985212473,
d0c33cfd-db0e-47ea-8054-a269c056cd61,8.595993335,
cb4e5bf9-e1e5-4139-aa4c-9f455e1bd471,0.843057405,
95dcf479-3d79-4244-8e08-74f6b0f85a5b,14.93814416,
52750e3d-9117-4c3e-a77c-f7b381d000da,6.682820473,
1fdb60f2-a772-4152-a5a4-40d707a067d0,3.376754507,
c12e42c2-96e7-484e-850a-0c122d7d0c7f,3.935761562,
34212d08-aad3-4eec-9882-29d254d72f82,9.656646632,
cba91bd9-7af5-492b-9e12-2738f1d07f25,1.890706448,
5207a61e-d027-4fa5-b399-5956cbbbe53d,4.153150758,
0f1086c1-e8ad-4eb8-8248-7fa95f5c4881,7.118410983,
a93bd7b4-148e-4830-ae50-8c4a9857d48b,3.052100981,
7109d779-98f7-4414-91e5-70ec550b7e64,0.622910555,
a7757da6-6c14-4c28-bb7b-aaffb4c02035,0.393284821,
1f5eb417-a8db-4021-80b4-10aeb87ac773,4.157729287,
2f791219-7701-4a9c-a4ac-18bd146b58bc,12.29389791,
3efb92a0-4927-4d43-812b-7f7f9aa66a5a,1.965488605,
b90fcee1-5c94-4a8f-9721-f7ae7294e163,2.777201909,
8798ba97-2926-4f5e-9ca5-b1149e22ecd1,0.587287784,
29c04b65-78d3-41f6-b749-cc75e5449d2e,1.202847853,
37d5b8a5-a39a-4cc6-9bc1-98715d876fed,1.008813973,
a9765a0c-95d1-4da0-8a3b-3398afa20cf5,7.44778,
faa5a596-b094-4f0a-8b4c-7efb66bc404e,0.756338687,
63b4561f-8bd5-4f4c-8061-2ca6bbf8f4d1,11.88061835,
8fa65013-653f-441e-aca9-4435d468c83c,3.60380192,
c966e72e-73c6-4315-a562-e5c875a8bfaa,0.401774049,
eb0d6777-04bf-4602-9f56-3cf671e64532,1.819785899,
8efdfd73-d274-4daf-9f8c-ca6012bcd576,17.99306901,
105a2ad9-aaed-4667-99d9-a7b6ba2929f6,4.121206274,
27ef2b77-89ce-4d0f-9103-1b908fb03c2e,14.22596549,
8bc0683a-2b85-497b-944d-7307f0cae7b8,1.898015517,
0933181c-1cd1-4771-9896-6da72cf68605,1.44516843,
353112a8-e6f2-409b-912a-2289c9b35529,0.277723359,
7a308325-d6e9-4b06-8cc2-aa91817691ea,8.721880998,
c63a433a-08f5-4807-9415-e638dec4b5f8,1.44739361,
1320ca6d-46ec-4492-ad17-8c3eb80500d0,5.044261031,
1d6ed720-0ee0-46e1-a9e3-bb4ad7ea2070,2.555704559,
f9a1b96f-d13e-45ad-a825-afb0ecdca073,0.283043271,
75ca63e5-879f-462b-953d-3902f708018a,1.091435363,
7501636b-cda1-43d2-9c64-29d446d50d8a,6.158318016,
c97cfb76-3725-40c1-b85e-d828dd1476f6,7.487673328,
b8a47782-ce3c-4a9b-aed1-93dc2bd8da86,1.017292649,
d83c14bd-fd5c-4b55-a7ed-cb5c7bd34d69,7.403744431,
c817d027-0e6f-4e88-9e31-565addeaa756,6.641572601,
40edbe1e-dff4-4cb5-974d-0cc4e05f0952,1.228664518,
8ca7ed5e-7801-4036-93e1-8405f046ffe4,1.50989381,
cb9ebe78-6cf6-40c7-92f7-38a97f87a4b3,3.729697805,
aa7f8995-5e78-4baf-a012-a6c62bbc36ef,24.67247118,
559820fc-ec48-48e9-b942-a47e43567865,0.366667936,
f6d99d23-e10b-40ee-b162-2ae1940c1305,0.659660624,
ffe410f3-9bb7-41e3-b3fa-436da648d76b,5.091707506,
2230f26d-99ec-492d-95da-1ce607b0e72d,0.978626794,
0be5101a-857f-446e-9810-514b3425fb7c,9.058913625,
040057c0-3824-4268-9761-4aeb3f3f04fa,2.947437449,
dcf9e68d-b855-47d9-b113-0145977c8e5b,10.23751912,
f72346d7-b39d-44f8-8676-c7c35a2c0670,3.844487457,
d5570ea6-2eeb-495d-b237-f2d8d498dcf3,0.218170204,
e0119680-7323-4721-a73d-a474026f0c16,4.141718298,
294fce17-6bd6-4a4e-90d3-1b583d456f6f,7.22073963,
82f2042d-4003-4ab9-8447-24133ed25465,6.996685726,
21a4d716-4a71-4a73-9241-46a7e2c56bbf,9.739274057,
2bae6e1a-6d1c-4536-b537-019c34b587cf,8.194201833,
054c481e-0277-4883-bc6e-c13289385bea,4.301302867,
848a56f8-ef07-4057-9ccf-804fce85902c,5.026040387,
567b9e36-3141-44d0-8d03-fbdc00647c92,0.42647934,
55cb0065-c95e-4449-8c2e-525b6855a387,10.91926215,
f529fe8d-e6be-4da2-a931-506f3f6d2f7d,2.710235135,
51d9a799-4676-4260-8930-3658d4c46d84,8.340601779,
098850b5-015b-4db8-ae4f-8a84c069c2d8,2.52039784,
ec31660c-db79-43aa-9e3c-461aef82d276,21.01814467,
475a202c-db02-4cf8-a41a-c9d13d4e3069,2.526776662,
38b23fb1-4643-4b38-ac38-693a78899413,0.738419643,
d277b0e3-8613-44ea-80ad-7b931d096407,0.947282511,
5a2d92d7-7ea1-4e48-9fd7-b3a28627cdb5,13.32880158,
0daf29f7-2cd3-4d25-9c4d-62a0b9c4645f,0.551886704,
b1c6dcb7-2420-488c-9caa-63e813205631,2.430782668,
ecaf6c84-fa6b-4ffe-95d4-498f46367031,0.839010223,
16542846-db3d-4584-aff3-75d57ec90fe3,2.439623097,
88c1dcdb-3f1b-4c0c-97fb-3df0fec0c1ae,9.076987753,
34118d50-ecd6-479e-b83e-b742cfee6800,7.259875316,
1d80301f-55cd-4251-850c-d858fff67f18,0.651083914,
4dd0a698-2eeb-400a-8c8d-ea3585013010,9.710450453,
f5cb7abf-914e-4339-87c3-dd30d04d3830,7.337166738,
37270ad0-e157-4547-960d-6df850ca440c,9.646205109,
d0b0a403-9273-4026-9ac5-293cf4590aa4,14.41137157,
40e5ba25-948a-4ed1-aa44-cafd525eb666,0.425271039,
f7b10547-f223-4fd2-94ae-c531fca0d040,13.20354733,
1d57c8c4-89f2-42ba-98e0-76c8eca3b3f7,7.448673435,
2bcb437f-6af9-460c-b3f4-f280d1946aae,0.785354938,
0272838d-e184-4dce-8e18-0a3805013857,6.91734903,
2982bac5-af7b-4a13-bcdd-bcdeaf74a666,2.431669949,
00b6453a-696a-4673-b3e1-287fdfc2ccc5,8.068571058,
396da486-da68-481d-9b78-c0e963bd53a4,10.16145227,
073d4434-7725-4570-9a4b-ca06317c4673,11.96210041,
c99ea4c3-8ee9-46a7-8ea0-a33fc1e65a2b,1.015084746,
f31ad2bb-ef03-4257-87c3-f4332e42685b,7.846778888,
c6daf7fb-32ad-484d-8fba-97c53d46de51,1.998043123,
4566b75e-88a0-41b4-a150-74bd092f72af,3.050219585,
84641a67-11a4-4adc-9193-297d065ee719,9.220102166,
07f5fb49-d68c-4f0c-bcd6-ce8d3f510258,5.521180275,
b88bf35b-f74a-4380-9c37-f985a0241cef,10.18156203,
6bccb6a5-4106-40e4-aa01-9d456588f667,8.644350525,
4c3e113b-8845-4ace-ab30-86bc8c1d7203,9.596842237,
3082036c-ee02-46c2-8802-b60e4341515f,10.80329694,
9d9650e0-c4b0-4901-8c79-d1cfc6623c43,7.827960942,
197fe3cf-6385-4f0b-bf24-74023267fa62,5.980728257,
06153b7b-2a52-4686-affc-cfc004ee3822,4.707012055,
6d8b5944-37eb-430a-b214-8b885963f3c9,12.65064181,
fadfc1a6-5f7b-4118-a7fc-04d975bf8a34,0.315634253,
0f2612ed-a0b2-4b94-9d2e-83bfba0c5c85,0.750386269,
975d8da1-bab4-4575-9289-d1acf88df749,8.882568829,
28bf6251-f7b3-4778-872a-53270d20f98e,8.667364333,
52fe9591-a401-4549-b727-5aee217e3f15,3.564754889,
33550446-d9c6-445d-b26e-87ba7f7ed172,5.177540925,
0a89de71-d233-4842-8fff-c28be50387f9,24.11700716,
ad88c108-bfa2-4456-b3a2-d223e082a0b7,1.172227427,
1a3d7087-7b80-4c09-aa81-030e90008506,7.513308338,
4512d3a3-b4f7-48b4-8be6-7f1ee767085c,0.795071252,
f30ba1e6-fa99-43d4-8601-ebc0454ce97f,5.779046439,
9a02f003-11bd-4983-b7d3-08a85e69dc13,12.28359888,
d0269826-ee8b-478d-96da-76876d43a761,16.86755957,
f6271154-d49a-4800-9ab1-8a1336166ac1,3.942850363,
94fc6b4a-2d78-41d0-b813-55911a820dd7,1.297203953,
ffa22b33-e37f-4d31-aea9-98b7692a1221,8.918051219,
e945592a-9517-47c7-abd9-a34a9da6dd24,7.886426091,
ff8c622c-28b2-4e15-962d-c8e603ecd3ab,9.881573874,
6f13e66d-af7a-47b4-8188-2784b23a4f8e,6.408997195,
a85b33b2-d462-4ae3-8ac1-245898d9dbc0,12.49283172,
deadebfe-3e9d-4bdc-9be6-3ab7883361b3,3.860204829,
2ddf985b-44c7-448e-aa84-981291fcd654,6.85810353,
0723edcc-9c7e-4d91-9ec6-e56a14fc94d2,1.441953698,
bc2e8e15-34be-4bfb-87d3-a0924549e420,0.137577891,
24a1e9d1-f1e6-4dc1-85b4-3c13f8646f61,5.359542202,
e1b49c57-f891-4aa5-b608-c536e55cbc55,4.243669025,
c01b7963-0a9b-4773-9fc8-2960a609012e,2.876674962,
1371eb91-5e27-4ff7-8316-6a669d8001b7,1.853627601,
6471d595-1e91-4387-8409-acaff04a33b6,3.625319251,
a0a898b7-1c20-46ea-be82-823a8ffeb0c7,1.514864929,
5ad697e5-653c-4d10-9dc7-bf2f539c025d,2.406782598,
2a1e2c98-9e39-466d-9b5f-928822edf0a0,22.61217387,
9ed3b61c-2185-4a20-91f9-83469d003ed9,9.811582312,
8e39f537-1fec-4b82-932b-87be2d8e3817,2.461773291,
65998a04-fe49-47f8-9e12-8b5cb708358e,1.595405146,
e0623ddb-cbb5-407b-ae33-a021fa6c504f,0.287244253,
a18ad731-e773-4c62-8713-73cfd1a641e7,5.205799366,
991da54c-6d3a-4cfc-9d72-a05b74bd89a7,3.942964162,
ab666b55-4b71-495f-92ae-42f9fb6216eb,14.74177127,
0f52768f-c621-4bc1-b188-03e5758c88d4,11.87567109,
a663806e-20d3-487b-ad06-0a522eafbc1b,3.669908384,
11e75b95-08a3-4cd2-918f-e6c3988e181a,2.7584621,
ab5034ab-aedd-4c81-af2f-86649b726c55,0.955132518,
1cfad93f-1685-4daa-83c8-99a34aa548ab,1.997755108,
37a1069c-0bfc-472f-937d-78aa81fe14b9,18.02049376,
5c9a0e4f-12dc-4c83-b3fa-457523bed2f1,12.53258109,
87556fa7-f4e8-4849-8912-f7ad96f5b772,3.00965357,
4162333f-3d5f-4cb3-a97d-34cdeea33f73,8.050297943,
3ef8fccf-d9c2-4b12-94cb-9a1ae9fa3703,9.653815391,
0b62e51d-6661-4879-83c7-af95e5935542,0.675219756,
80a17329-5de2-46bd-a53c-cd4a6e0f949f,1.374442403,
f8affbef-c928-4662-b9f6-94c26b83097a,13.51151962,
f17d8343-787d-4b44-8ca7-9149868ea715,8.425578384,
82945818-5822-441e-ab1b-035ac5e5b336,10.44100232,
6f83465e-221b-4708-a4a8-1d92dc0bb33f,6.639640068,
d6761c9e-d324-4f42-ae7c-184951c9d8a7,8.738300774,
5eec70ab-8bfc-4a32-aeb0-16c8eba8bff0,5.721662357,
32a4d51b-e7be-442a-b9d9-fc9abe9ee547,3.912286021,
3de24374-b7a9-49c1-8d61-bebf261412b9,8.516109798,
54cffb4d-fc0e-4712-bfda-0653d2e24cab,10.44892813,
8977d7f2-adac-42a7-8bf9-d10b7041ab37,9.343446445,
ae41d43b-b71a-4586-8f5e-e5c0e5985ce9,5.894060061,
2aa8c5b6-8639-442d-b6cc-853564b17a6d,0.29723996,
47a80792-4c3f-4cf0-9730-93b60ea26ba4,6.050893714,
a201f2ff-997d-46b2-aba2-21d4396c9024,8.212660806,
0db1d84d-1785-4497-a07d-ae65d99738fa,9.745425183,
9a6f6410-1323-4664-a293-87f4d5d13fda,9.981050244,
00c4a6f5-ae2e-4f24-af73-a93215ed46f8,5.477039682,
739d6a01-2ceb-4934-a6fd-be4295c3d77d,1.582828631,
c013b845-7496-42db-a55d-dd95707633c2,3.689431645,
3ab70629-d8bd-4614-92b4-0224820e5bf7,4.960336394,
84704bb6-9e38-4155-9b18-e588e738ec3c,6.148049213,
9c4e5706-4040-4719-ad90-b3665ab98652,1.69825546,
dd6b7e14-14ea-46c0-b9e3-b55ddc9b55e4,1.323492795,
7afb00cb-b303-4a9e-b70f-e68de48517e4,8.43555314,
fc418de9-fb7d-4612-8408-e6f0cfda0738,3.631072752,
703d2c06-f99e-45b1-8810-1126292c1ba1,4.347659112,
3af64f71-6728-48d3-b934-0451bc23ae04,3.235153178,
5e82e643-f942-479e-85c5-c936257d5cc4,2.870951804,
21c88351-c43c-49e8-8c27-a102055d261e,3.13480564,
2c6249db-55bb-44ba-a51c-4e51aa55408b,2.103128229,
b2b40a30-44d5-4341-9d97-1ff91b5e3ac1,2.146917607,
1a239450-e1ef-4593-a803-64be1d14059d,0.956397405,
170533cf-6b2a-4e54-a803-d32f01b5642c,9.409542267,
0f0519c9-0bfa-4f0f-802d-10a0fcbf8ff2,1.827410178,
221d94e6-c0a0-4903-b873-0551a56fb172,6.604405672,
f63cc6e8-6655-4ec4-934b-918281fc523c,2.948911138,
692087a5-ee7d-42ec-8cf7-0e261aba6661,3.14161165,
ae915aad-49d5-4197-943d-39a6eb66bfe3,0.342190353,
4b960c20-88b8-4dfc-9060-ab857ad7a213,1.315556276,
6003786c-1f6c-4086-b21e-7d39faec2cd7,0.599649452,
aedea22e-ff2e-4795-9184-28c45222904a,1.59329014,
c3cdca49-863c-4711-b2d9-f87ebce7bdd9,5.237403997,
b7c75bfc-004e-4c4b-a40c-2524182cee95,3.586435805,
a4879bdb-648c-4209-88da-4fb218b15e84,3.748292245,
b7e42318-9a2c-475f-b0df-483b5757c46e,0.82619647,
35166725-4962-45fe-a73e-74c76acf9730,8.776446481,
b5d26d3f-2113-4c61-bdcf-d34881ad2706,3.902051098,
d7ce8157-07e4-491e-8b1c-7ce26d7d208b,0.619071674,
f1409938-5948-440e-929f-7cbf5d52210c,1.654377292,
a997a15c-d6e2-4c9f-b7ea-efede17cca6c,9.890848808,
65d65805-7177-4b31-b759-d11a42d76d43,7.639743965,
53c8efba-d114-47dc-9291-2a4f16181124,11.14650347,
885e3cde-9667-4322-9d96-2f492a4a88c9,6.858728759,
bfffe5ed-78d3-406a-be5c-ed2e6cc60079,0.347520674,
49fcd0d6-dc8c-47ae-804e-4b504abacc94,10.62678019,
193aae44-87f4-4170-bc1f-47956feace34,9.929800716,
f4f5dd19-a373-453c-879c-cad354ba0167,9.913951498,
98ba909c-f92d-484a-aa9c-45fbcb7f35d6,4.733048627,
951b9fb7-4092-4060-82cf-27efb16494a5,12.20059198,
eab3f05a-8d94-423d-b60b-96ba6864712e,3.206231511,
4eebf7f4-534d-48f7-afe8-92deac16d266,10.96532863,
3f41bf26-55e0-4dfa-b66d-4f0afeccdfe4,0.876074065,
65ed0bfe-1cfb-4495-94ce-99ceb114c4cf,1.113839801,
08ebf2e9-a1b8-4063-a471-d2eae011b313,1.443278127,
123818ba-8a32-4086-a8d6-7dc72305a365,6.661873249,
8d81965c-9c4a-4870-aed8-9f3cb48dd652,3.886399173,
43a8bd90-3166-4266-a66c-66159a5997bc,10.55736889,
daa00e18-1805-4a08-8def-4762fe375129,12.57831762,
34ee2b1c-35fa-4707-b606-f4a476fc3f25,1.67232109,
ae965e0c-e11e-4ea3-80aa-0e0f0ff2efe3,6.401827417,
19552832-ea69-41d8-a7b0-6b3a7166a6f6,4.011121509,
2f1e47cd-6ca1-4d74-a649-3f6253833e3b,3.59263262,
469ff76b-c8a6-4b18-98fe-11b2d82e4c53,3.762055724,
d92430f5-9913-435b-ae2b-0fb4046cd8ed,3.52379871,
d75b729e-6388-4454-9891-d5d714890285,18.86556019,
1827c54d-9501-401f-a402-8fe5a828a4b3,0.818528316,
e8836076-e9de-4443-aa4c-d39e486da108,0.84646627,
5e2b0f76-5216-4eaa-b57e-f2c440410526,12.37024558,
c9c2ee8d-2c25-4346-9d62-c706faa8df1c,3.796875513,
9aa01c84-64bd-4bc4-b9c7-49a0894d87eb,5.551259105,
b8cb5f5f-122f-4108-af11-67991a8d67c7,14.48279043,
c8d66625-984a-4ffe-9a6c-b85457234cf8,0.568581285,
bf62f13e-ee80-480a-98c2-e0590e747c44,9.449410121,
c6b7ae17-d8f5-4e9f-9710-cdc6b4a33b8e,8.173048352,
35e1e90b-ffd7-4392-bd44-03775432f8f7,2.288186741,
7179b204-1293-4a55-9e8e-690cb679cf50,5.359595972,
f52ece22-9f5a-4702-ba48-5c275f4f4e2b,5.949629309,
f2a5666b-b12e-45c6-af9b-caa5d59c673c,0.741483083,
02b7219d-628b-4949-b6a6-4bd3409f5e0e,6.391191022,
7869b461-3d5e-497b-8491-8b2b0f377484,27.54231198,
d624c69f-5aca-4a2c-baa1-483dc3a6a67a,6.366905026,
4a15716c-55f9-4d7a-8338-99d8d23495d3,9.035355659,
e1a14fd8-542c-4cb6-88b3-27f37b152a78,3.956651433,
06081772-560b-4b6e-827f-21fff735a028,2.619375715,
0a8e37be-f370-48ca-9f7e-66c16ea2261d,3.89012062,
c56ef9ef-050a-47d9-8edd-e5872a61daf9,1.225497865,
5b3ae9f3-5a13-4a0f-aedc-ddc5385177f8,0.929112967,
49342661-e5db-43ca-ba9d-b3a55c52a041,1.447256975,
0fee2b5b-5927-43d2-8130-95bd41108ac4,2.447496317,
3f71abfa-d3f4-4c7a-85c0-11c3ed45e845,1.946650584,
5b95809f-a2a4-427d-8ae2-ea50c4ef6e4a,6.493739104,
5addc4bd-f57a-4f56-a330-c2326d3f9c0e,8.622964965,
a7fcf777-ac8d-49ca-a78d-6160b71dccf2,6.059951794,
122f78d9-d807-4131-a65c-b221863b0deb,1.73815203,
10844473-f0ee-4e0d-bd8e-7fd321a28b30,0.540020821,
5bd0dd0e-157a-4dc7-9de2-7e9568fc88c8,3.503079347,
21a46c47-7516-43cc-8816-b6e54a68c89b,2.178114661,
9b150d3b-a602-4e75-8373-56b51006e3cc,0.742231077,
daaabbe4-0e73-4df3-aaed-45348de5a2e2,3.532020455,
9aa77278-6e65-406e-9936-fa06b8af8d81,11.37526013,
9130297b-be63-49dc-bca0-30258ab26e30,6.68255371,
2b48081c-fa9f-48db-81ab-d1787b22a37d,6.401683464,
6e1329a2-a2f3-473e-bf82-afff6827e89f,9.211910225,
6c5383e0-039e-4eed-a26b-9c5b9940d840,2.408265833,
c0a12a3a-737f-427d-a098-4a6e87b45188,12.41026556,
d43f6419-72cf-49c4-b219-7245617dd1b9,6.889513799,
e85bd045-cce0-41e8-8ae5-5291c8fff9d6,5.563722807,
a837d913-f36c-4d7c-8b68-09e4e585bb81,9.396762036,
b94018d3-51b0-4cea-be6e-57e1c6e15b0b,3.428750617,
14ff413d-45a4-47ff-9c62-a18a62553f42,1.637870772,
cb1cad8d-3426-4658-9062-f05cdea3712f,10.55283031,
11b9624e-279b-4bf2-a263-6d82d3c32cb0,6.683398455,
9d845497-2e23-49d9-afb4-68504b91828d,10.73255572,
d3252d26-b7df-48cc-8dba-f9b54617469c,0.687803122,
8da46792-afd5-4edd-8dba-0e5c00d1c8a6,2.762973689,
368742c7-b408-4e16-9947-bd14168f224d,6.287047252,
395f3ee6-5beb-42d9-8ffd-6f0aaf59d1cf,1.660360997,
a8660f97-c017-48ce-aec2-9f4a20a1d4ce,3.619434173,
601ea3ef-ba40-4117-a9e7-c0c7d954a528,12.14538453,
50ac65fc-9800-4def-aaa4-72f371ba0ede,2.195245253,
157eaa65-a58e-4a0c-bcfc-f0ba8bca44b4,6.342864629,
d797e0d8-a7bb-43ae-81cb-1dcdff212d12,0.547386653,
c5a42a26-0812-4c09-b376-cbda1b0b441d,7.299233273,
582c1507-e4fd-4efa-9827-fff9e1fe8ac8,13.77937514,
f1dc192c-1927-41fa-a8b2-da694c5c9509,3.188768539,
3999043f-b66d-4d82-be90-7fa18a3e23e2,11.83192557,
5e33410c-f218-4fc8-abe8-864a3caed15b,3.735192021,
40d3bb46-7e50-4988-92c7-e380db645add,0.499259318,
e73b3369-0180-4613-a1af-5b716ebc2c56,1.429245133,
5e826112-6139-4b07-bf54-276d520d4934,1.109482534,
57f3d6b9-0963-4166-89a0-fe9b6cfd18bc,9.17925006,
da3672ec-3cd9-4c41-998b-f53d3845f746,0.947632782,
6e655b6e-dba2-4c48-ac20-83561018a447,18.52780983,
55b67eec-c5c4-4976-bb49-65b6894b57f4,13.18132347,
f9ab597b-37b9-4764-b0ac-ff8290da8351,1.959263708,
3b98acf7-b03d-4ff4-a98f-199ec49b270e,8.630958466,
490181a5-17dc-4afb-b62e-16be9fc0f729,1.250327406,
8d848fcc-c58c-4c7f-ae87-0e11c99546c5,0.99387367,
90c7c957-029d-4611-bcf4-3f661d43b841,2.657368485,
c4659164-c170-4011-a4ba-88f116fef906,4.622338907,
e743bd70-93aa-4fc9-8662-288b8554cd75,0.57582373,
9ab4349b-3922-490e-9564-901e0295fd94,2.348345417,
1427eb39-aa8e-4c60-8e83-ad6ee99fb538,0.520500308,
306b1b2c-0714-49cc-878b-e9d24e2e099e,0.087632837,
f6d770ce-1ab8-4054-832f-1a2f2b7c9abc,11.68708151,
9a04d038-bb20-41e6-8c09-8e65a2a06a9e,4.063141676,
e146b094-6f63-4b98-9839-40195d4f5117,6.095735383,
ecdd04b3-ca38-40b7-8d27-3acacc052c22,5.012728953,
6c61801a-485c-47e3-9697-149694d2ea5c,11.24925483,
e51615ee-32ac-4f9c-b42a-58e1cd9167f9,6.803924189,
ec76e09b-e7aa-4121-bda9-bf089eebb5d4,7.994400134,
14efbd20-55fb-4f96-b8e2-ce64c7cfd151,4.376137149,
0b4a8430-4632-4429-adde-8bf6291fc254,3.764761357,
d5d9a3fb-2c02-4ac6-8a37-7cfa45b77657,16.81558631,
dc0c692a-1164-4bce-b3ac-44dd59e8c945,5.082331414,
5dff2d1b-552a-4e8e-838a-d6a8ad2ae16d,13.69776031,
e04dd039-e5ec-486a-8c92-061bf51cf810,3.866164672,
a598daa9-44cb-4536-b36a-69440be8e90e,9.074217926,
27ce5588-1b12-4155-96cb-d9b99113a725,4.807881718,
308978b2-4458-4b33-98ac-08cd1613aabc,0.952583736,
1c16a84d-90e9-456a-aa94-1e56af63947d,11.89160399,
890d1bf2-d65f-4759-a175-4df98f6d51b0,7.787110676,
10dad071-ff8d-4091-a0c1-b70095457455,6.798934716,
9ffa2406-41a4-4ddc-9c9f-74328fa67a42,1.688628266,
1a76a5ce-9cd2-4f55-b71d-400e000ab53e,8.659104154,
d1c7202d-9ac1-4eb4-9206-f2cee7e15a18,16.60962483,
5c5ae36e-fc84-4be3-a5ed-5754b3e6a6a3,8.052952996,
a8fd0ba3-2202-404b-9e41-a88aa720b83e,9.498286536,
f76eb4ea-fd77-4505-85b4-8cb7ddb657e9,2.202118565,
9f0f6d70-dcea-4fe5-aa96-a3031000e504,7.161544031,
6087ab08-4062-4fe0-9bdf-93d0f3de6ba3,6.208393569,
5b0a1d8c-0564-4876-a936-44d19285ef80,2.100440229,
b035e8f7-3e9d-4e79-8204-f878785d1f09,14.83563877,
d6b6c280-8c5e-483e-9176-5bf9cf9a9ce1,1.711457427,
2c10f4ef-c759-4958-9335-5f3b3e1864d4,7.366992901,
74688a40-4463-4b77-8fe8-a65f9de54355,1.723447031,
df7d2bc6-459b-400f-93f3-706ac1084729,1.304645387,
7d33c3b1-8bc6-4fb1-8370-9aeea280d7ac,14.35295315,
6cd20aa3-4a41-4d97-b613-97bd21b852ea,14.65334723,
b50ca4a7-3965-48d0-adcc-b9004e54ead4,4.50169866,
7882fbbc-8122-479a-aab5-384ee66e9442,4.498500285,
51ef8c53-f391-406f-83df-535b8bd99e13,2.962676638,
07bbe397-ed68-4825-aa5d-b15e4993a0e7,2.631191938,
823de6de-b5f7-4e9c-a3a6-6d4c45a8fada,0.911474925,
8361965a-09ee-40e2-8b48-07bb7cae276e,2.188774676,
c6b2d9fe-8a55-4620-aaca-4ea2e521436c,10.15521907,
a8d4deee-a057-47e8-91c3-af79ef779740,7.315878131,
7b10ea94-ba89-4fa4-85b3-334fa876ecac,13.60816999,
35bb2054-0833-4cd5-ae1b-30a28c02c2e4,1.886607749,
f0aeb963-2f1e-4bce-9ede-7b7dba163fe5,7.149623733,
82976277-a4ee-4c42-a334-6a7743a5f950,5.747987866,
7d77cff8-6087-41c7-87b2-d527cd823866,7.246610315,
74188d61-302e-49c7-86ef-2af94c7b9954,3.884768744,
8a3df730-e874-4ab5-87aa-f7dabf68d99a,5.721087078,
077184e5-665d-46d2-8621-8922787415cf,1.33081581,
56162651-aa12-4889-8bb7-21945db34352,6.768547551,
b82692f6-116e-40b2-a015-0894ebc00891,3.641578702,
5ab91ed8-3395-4e8a-b637-20948df605db,8.37498969,
f314044d-92a5-434d-8524-7ff4c2de20cd,2.62054056,
e158cf3e-b6f6-4d86-abb5-c81a8f81b813,3.387060051,
a83dbdb6-39a6-43ac-a73a-86e70b10f65d,0.812987921,
013620e2-c578-41a6-bb75-4468fd4eaa15,1.460286713,
77e5ccfe-97c1-4761-b503-b225c950b49d,10.24196928,
802935c7-7135-44c2-acd6-d32c1f3cf386,2.761356851,
54cb05f6-5c30-4616-a0a6-806f29627870,10.75730862,
72a8dfdf-e0dd-4010-9ffe-fc33427d4e4b,2.672967741,
4dfc1937-dc42-4c2d-8095-534c2a315712,12.81684267,
43c095a5-b818-421b-8790-1369cb15a526,15.3168296,
fc37e300-e52c-4812-bb36-fc80f7343a39,0.839523183,
8f03e3af-a2b0-4555-9aba-5b457ef635f8,1.931581872,
c830eb94-2608-4bf5-9f19-fd69168c10e4,0.147166211,
795f16f1-5096-4d9b-b2e2-6551b3eb83ee,8.96526815,
6692de6c-f19b-4377-b7fa-9c7102c0b911,1.279619771,
fbcda316-4408-40d2-872f-1e4749c4a828,1.112135601,
b86d8109-cf67-434d-b9e6-52542e5e5ded,4.136678105,
ed245ee8-a5c0-46b1-bc52-0911271b1617,2.692852118,
89117e6e-742c-4afb-bb36-b544ca2d4275,6.100507512,
6960bf92-a17f-41c3-a69b-fb2d5a665307,0.850805063,
d376e4f0-1d7e-4fd0-8068-92e30627fda1,4.704161286,
eb104d99-5dc2-4f98-bcde-e1314d8a1d8d,5.819383769,
dc893d2c-0f0c-4c28-9a21-cfa54870894c,13.82944365,
f578b994-0faf-4fd2-bb91-bd74837790a5,2.19036397,
b0d32576-8f48-4d35-b70b-33d5f1b31f30,1.452594896,
45ce882c-9020-48c2-8a90-5f7f4948bd8e,7.355413058,
e995e5f9-2d29-4b43-b905-4bb5948338ee,5.49311309,
1075f255-7e6d-4590-b410-a36f3aac7780,7.301996337,
4bb417fb-c185-4fd5-b223-63d6edb7275d,2.336444488,
732c5b7f-038d-466b-93a0-1af5c7523e47,13.64200085,
29e38b2a-c74e-4fd9-afd5-9bd13e079dd9,5.259736791,
a416ccf9-c0fd-4958-a1ae-fe483ef089d8,2.859248537,
dbb81a02-2934-46db-95f8-09267330917e,4.125760016,
18b177a1-b078-4e92-9b37-10b6de07ad79,2.429104414,
01fc10e1-ed61-4344-8d9d-1e5b85b7337a,1.0565531,
d2058f81-5e69-4373-8e8b-f349157f71a3,1.097817248,
d2e81f0e-f294-4be5-9a38-f77d6dee8250,4.61662543,
b737d01c-c0d7-4a50-9d7b-9789d7ed98d5,0.440952675,
4957beaf-e80f-470b-9c75-481e445e0b6a,1.152077438,
36048ff6-5382-4fd7-a696-68ca79435781,8.615117235,
05fa26c2-92a7-4953-bb4c-67e0e3404020,15.77346171,
5bb2a3b5-9541-4e2e-ac7a-4d1eaa780903,5.721832245,
3d92a50c-65e1-4d22-9a95-a7d1ad616643,7.271909003,
369074d6-6b4a-49b0-9db7-768ccff0e57c,8.563640258,
79f55c6a-26be-48c0-b9f6-31eaca57f190,8.714519977,
ad4ca4a3-98c6-4b31-8089-d78aba32010f,4.881985078,
43b81ece-b971-4f28-95f2-76c5800de329,8.546321467,
ce1b7567-6bc0-4786-9fcd-f69377c68636,9.808675746,
c99bf1f7-86c9-4dcb-b412-a0943bf51426,13.55252137,
91bab6ba-e436-4e13-be5e-dc3a1e53196e,2.331936491,
b6842adb-add4-4447-a8c0-e1ef57d804a5,3.09906367,
35869971-b23c-4cff-bd7b-3529090e1fb1,1.810270204,
c2766b20-8d67-46de-883b-11f932bbc66d,22.21270168,
d47e1cd4-08dc-4d09-9135-67213d9bcae5,1.662876808,
2173481f-9609-4275-b757-869f92980d4f,20.25982406,
4b84cfb6-daf5-4005-93fb-8907b28cae01,11.01386335,
e7848602-941f-409a-8b47-bccaf4e38158,1.330965646,
fc079ac7-34cc-4e1f-9310-98bbb6e92bdb,8.729082786,
2793039b-3bb8-4665-8f99-e45a2a426da3,3.792238874,
264dc8e6-d9ad-4eae-88f3-b58e498f9ce4,4.74376845,
bc1726f0-af38-4018-b381-c2dda69b620f,13.77701969,
3d69eba7-00fa-4a1e-b2f4-957064c00ddd,17.52588567,
3d6b3de8-e193-4f11-ba73-80f4c15ecbfb,4.258249268,
8259ffe8-754a-4650-b70f-bb6504a7ebac,6.089274904,
43f7bef9-0489-4f65-9c9a-4a8fbab3797d,0.698066883,
90f2f5d6-5508-4d35-acc9-bbee79b61758,3.146933251,
64c61124-0ddf-4c11-85aa-cf938c15b298,6.268786664,
7c5850dd-4342-457f-975b-9b3a79ab0ea7,3.398587773,
533be75a-f8fe-43bf-95d0-851b4f268f7a,3.161067328,
5f8e987a-ad21-4048-9316-50e7586679af,1.424064663,
d790bd5d-d2ea-4283-a0a6-7c6c8b25a125,1.41309905,
abc62833-26c9-4399-acc5-a7ce0ab6f7fc,2.124070416,
39b83e39-f408-4e2a-9c26-40a469707a8c,1.022340409,
e3212599-a9b2-46fc-8f7c-b16ae90a04c7,0.655451136,
bac9120f-4b8c-4f21-9743-866148252a87,11.82628976,
eab2698b-bc6d-44b7-9ed8-8364ffba8fb0,3.545895731,
4fd7ef27-5ebd-42ca-b95e-9f70cda4a155,2.959303226,
b1d6ed1d-b7d7-4643-a31d-13c490bea39a,2.953663522,
bc47f07c-932e-40b1-b6af-4f55523db797,3.498574651,
2512e8d9-1df2-4e43-b12e-cd74c6421643,0.654669413,
4f3331ed-0c36-49a5-82ea-f58b82495188,6.16919888,
28b9e892-903c-41cd-ad16-941be2b46ed4,7.576307819,
ab82b523-59c9-4904-aeb2-4da985b80a72,2.215885845,
8638baaa-9474-4b3b-a838-2f0c5c75147c,1.273096857,
e7672ed4-1660-4e7e-9a6e-fd896b7f1ac4,3.001284496,
ab2ae403-c022-4fdc-b35c-6d2585a4810c,20.49925057,
79a72e56-e29f-4c5f-9d98-28055454a227,1.17996557,
5f919283-8565-45b7-884b-5700a77ec7a5,8.737210238,
4b256abf-d918-454a-89d3-a96a3d78ef24,2.409041825,
332fda92-494e-4e68-9267-cb3691c03d06,3.067998942,
0d726204-26ff-4ad6-94ba-7827e75350e9,1.570112007,
e8f99d49-3f59-4aa1-845e-fa42ddbbf61c,1.479996726,
e0d0490b-5cd9-451a-aa4c-eec286eadf6e,2.950738356,
6e7fe87d-e6d5-432c-b308-7b88ce13be33,2.527079543,
41180018-2361-476a-b3ac-d42e11b610b4,13.61502377,
082d8dbd-862e-4523-975d-e19b57394213,2.533048789,
3f3980e6-4679-427b-98e8-785bae1e6f51,8.30023518,
9dd5f6b3-be08-4136-aa72-c3401032e92f,8.489276297,
4c62db4e-f089-4b6f-a9c9-8378d9124767,17.51244511,
fc46732c-64f8-46f1-9a04-dbe3f4eca6cf,17.94576451,
d43fd15b-e927-4c91-b7d1-d83fd60d1b55,3.182233116,
ac3c08e1-0f07-4856-872c-a6cd14790319,3.393677655,
4dfb9717-7f5d-4ab0-97f6-e842b81dd1f3,0.391909556,
c8be152d-286b-4fcf-86ba-e57f5cd42c2c,4.403828015,
37698504-5f12-4780-bce7-723c8353a43b,15.20106897,
8968eeb2-60e4-4f69-b0c9-afb42ae23764,3.986638894,
4e8771b8-ac53-4afb-b8f1-70480a4c6fc3,9.349504347,
6d9d3611-e793-4a90-8456-18ac31b9380c,4.218086931,
d88cb198-42c5-4f70-9543-3601437f595a,8.953550607,
fd1621df-8c40-4c81-ac84-ba72870f3e98,4.726897881,
b10e45b2-fb30-434b-9942-a0c0e684c980,2.057876376,
36dd5a78-ca6f-4b34-b2e8-d2d0765bbe08,3.943811829,
22879e70-f803-402c-b273-6f3a361d8ce8,8.796295947,
20658171-730d-4e3a-9735-2d1d67c007d7,8.14705787,
e7b18b37-5879-45ca-9685-c4c9d0631b88,0.714021191,
49ed9b09-4b28-4e8d-9f08-d9a928a35afe,15.21086019,
c0d328af-40d6-4a65-8c8f-544e6369d838,8.35491975,
6b6481dc-c9c7-4080-bcf5-98e6e62a66d0,4.745122492,
11f97113-14b2-4025-bd4c-f131852d0cce,10.51977573,
6bf228df-ea5e-4668-a9ca-59f9011120bb,6.20746863,
c8ae5201-d3a9-46e6-8bf1-320b2ffc50b8,0.262119388,
0823cf58-00cc-41e9-9bba-96c4737d8f54,1.659201041,
0ac67207-aef4-455d-bbde-f15f57a0930b,8.330349908,
a5939d18-8021-4a47-8818-a0a3586ebe9b,4.616175339,
cdf3f7d3-3944-488d-86f5-3605780de092,1.070318328,
02278850-1c73-4bab-97f0-95dd31da3dd8,1.700794825,
92f143c5-5ce7-4c4d-a7e5-3fc49e12bed6,5.10095094,
0e6b258f-5d2a-4963-9a95-5500b9cfa23c,0.991824529,
a1aebdce-23f8-4cfe-9e22-40e94e86ccdd,0.268174686,
acbde928-7518-4c1d-a95e-771c6b0a34ff,2.57385936,
49dfe951-6746-4658-b16d-ea9d6f82ba63,3.181457746,
66d1013e-0693-4275-a1f3-2d2feb8ffc2f,5.407246413,
64195567-0928-40e2-adc1-f2c0d1116314,7.102877912,
f6f79943-0131-467e-9b47-11136a7983f8,4.037355103,
ab7c35ce-eeff-4491-9c03-65a4a1b52fda,0.342146283,
31bef941-93f6-4c88-9fd4-37a7b5f7b47d,6.756894497,
80a7b4f4-d670-480b-b846-d4f517b3ab62,2.737842511,
dbd4f8d1-4ed8-400c-96c1-0363a0d951ec,2.225076763,
19be2324-7f68-4baa-97b5-6317f2eb0562,14.6094417,
4b6fb098-3dbc-42c2-ad58-3dc08a03b590,6.538765561,
ecd93c83-b9ff-4a57-ac8f-079301dcaddc,0.721778143,
89e20260-9084-477f-93cb-b7b445da62df,2.165145824,
00c3354e-6eec-43e8-9837-8d51762cdc61,2.339052514,
1ca63c68-f8eb-4eed-91d8-86f7975b59d7,1.767316231,
a497b8af-472e-4f16-8bdb-26ebef455695,1.751293754,
1a735af9-aac6-4390-9017-b965d788d8b4,10.64828159,
53d7b8ae-8314-4fca-94be-e73d32dcbe9f,0.718557454,
510546d1-ed07-4b79-bafe-cf1328752ddd,1.006736611,
3389bf11-9d8a-4cbd-a591-7f225adcc555,2.467866825,
d2aaf19e-709d-4173-8030-6b0bafd5c588,0.7108219,
8f639808-5043-4dd9-be0e-2469bb799805,0.349517139,
0e4715cf-9860-4f8c-8c50-8e1f218fe197,1.696328761,
c680de17-1651-456e-8aa9-48087104cdf2,5.004532033,
5ca34c36-c750-42a6-aaef-11282e13e7af,3.172658339,
5c349ef0-6337-4e6c-9563-8fb8342abb46,1.844978586,
29616997-bc1d-4b0d-8e01-2496f584fd89,5.869851422,
33af8fbe-0beb-4e64-90c7-2602c4354507,3.27304516,
05c56b3a-6d84-46cc-b531-6e66a265f9a8,7.2671007,
39d35761-632f-45e1-9677-33cc9bcd5951,1.354728453,
4fce4031-923b-47de-bc65-85f617fe4789,1.147161492,
6627afd4-0892-4fec-80fb-9ddde3ed758b,1.866469817,
7e7f38b5-8948-423c-b0d8-3827d862decd,7.551184877,
6173bbbb-5d66-4d5e-933f-f1b561b2387e,0.693730627,
eac58870-b951-40f4-8544-42a415acf93f,0.870353996,
dd9803cd-4fb5-41f5-aba1-2d0d3b86a3cd,5.049549295,
b77f39cb-6b0d-4b1e-971a-3138ae3fb583,19.35422703,
56eb1b8f-aed2-48d1-8ffe-d7f38bf9ef5e,9.260366811,
72a42b99-454b-44e4-aa62-0cd005fa735a,6.257382184,
34176967-3b41-4c80-95a8-2cdf33c1fced,6.847591556,
97fc0f48-3b55-4555-849c-41b2662d0c19,15.88777462,
082c5c4e-6485-4f46-b706-cf707d820ae2,2.94771076,
0c69d8ff-2db5-45ef-b7fc-3daadca991bf,6.679297383,
622cdf2b-85f7-4ae2-8ae2-1820b193a293,4.498848745,
abfbf418-2cf5-43c4-a1c8-c14b4482b6fb,3.420068934,
f35e3b45-29db-4612-8f24-f63604929ed5,2.883044303,
0c827aeb-a5e6-4243-b610-aa63e91c263c,1.219064717,
4eac1697-3cfd-411a-85a0-6e9418dd838e,4.706948,
1fa65985-013e-406c-b915-67277d73f8aa,0.379452003,
8bdb6b68-9cdd-411f-bfc0-816da746f848,8.603284916,
73e80a89-129c-420b-8554-374477bebc3b,7.685929678,
6bf11465-b204-4cbb-903c-e3f25b333b31,0.360723219,
d0346c68-caa4-4a5f-9467-79892af02e0c,1.572046602,
cdcab254-8605-425c-bdfa-0ae2f910628f,8.289984191,
b2c92ba0-5f19-489f-a0cb-aebc9c399b7a,9.908740511,
464d4b1e-caa2-4e62-affe-30f646b84f8f,5.960403357,
eddc2fdd-d68a-4942-b5a1-4d9638e940c4,8.31373974,
09e3f059-0344-4145-b50c-c1f886f688e8,7.912406571,
f96087fb-4b37-46f7-87e2-dbd58fbe23b9,12.33015037,
3bf7402a-42b6-4238-a7b2-7435a245b738,3.74183774,
0e8cdd5a-c6e9-4090-834c-0c953776bc5b,11.42540612,
8755781c-458c-4274-a329-4f45960d9f16,8.37513414,
c6401aef-8566-439b-a5e8-32df099fe0e8,3.879480799,
a4a6aa2e-2cc2-405b-addf-515878bc515b,8.408082909,
8d7906fa-b869-4ec4-87b5-b76e6c44cfbc,3.364274021,
155238cf-f5be-42fd-a0d5-7ffb49228491,1.056261195,
9cf7d292-b9b9-41a4-b2fd-81fb99391ff5,14.19806903,
6198630d-d585-4c88-be9d-6ab2aab34314,1.880084856,
0343f253-3849-447f-8763-b55690c6b0cb,9.72912022,
20e0e490-ff76-499b-856b-7907e185e7f2,5.121655973,
121ab1e7-4521-4060-ac20-44e7657f9747,6.643788786,
3db91da3-deef-4f67-8265-4f2575fdd620,3.434698969,
61e36094-af67-4cff-b18c-d79f6978d4bd,6.845153764,
205389d2-9a0f-434a-9a8d-a161dd1b4dd8,1.572653832,
00788dbc-9d53-44ee-83f7-fd9af6db723f,0.197080392,
30b7868b-f321-426f-af1c-2acce9a84368,1.668724154,
387be3ff-4b3f-4f67-b832-820bd3e8c947,0.885024828,
4991f520-b7b0-4542-8b09-bef2651f03d1,4.053564499,
21381522-c04e-4141-8440-b2817d709d53,3.04428418,
0baa0b10-92df-4337-83c6-a6538e088fb8,2.548848161,
c15aa149-03a2-4aef-899f-c1a6f9fc1ba6,7.193632713,
a6c028bd-0326-4efa-8820-0983cdb67f47,2.766331522,
e4e25d4a-cc99-4751-a2b1-5800446c8d4e,1.005492718,
7e384adb-042a-4e2e-ac3f-9df0f5afcd0a,8.870892407,
72172027-92c6-4331-bf96-b7672d911414,1.228317521,
2441d80a-6cbc-4e12-b076-176775428808,1.401352235,
705e7f5c-15c4-4dea-b902-3f615be77919,1.031061247,
897417ad-d601-4755-8b98-d241d28cfe42,1.870611197,
bab76845-900c-469a-8297-82e72ecc6a1d,0.619381455,
76798d66-98b4-4826-ba03-251c5772a18e,1.408468899,
5269afe8-aa96-4e1e-820c-cbe549cfbd06,1.703137978,
0af4e3fc-77ed-465e-bc8e-07f2f244733e,3.31060756,
78479c5e-0ae4-4991-8899-9cb5130a0ee3,5.141071068,
41740efb-0247-471c-9ffa-1f0c3ff29ef6,2.81187554,
eb695e3a-1b72-4f3e-8ac7-c132c61dbd8b,13.80149551,
d435255e-1f52-402e-bace-77eadfa6d6d2,2.066872929,
29fa8e1f-0379-47be-a554-4e98f1cebe87,5.217123247,
78db3ca4-6b7a-4fc3-8243-71013204f215,4.370734505,
a91d12f1-7a12-4941-8047-826c56991430,10.49154489,
0868f0d0-eba2-4ad0-adec-d6a9e2c228a0,3.880821089,
e93a320e-455e-42bf-be0f-d5f246dfb571,3.930293058,
02b31ef8-bbf2-4b90-9d32-506aadaa8d8e,12.7402102,
0fe07834-7797-4bbe-ae71-71747fe80e03,8.845741472,
bd37b71e-c372-4c2f-9bee-2f9cc22ac663,2.348838354,
4b3dba8d-3d16-4d2b-9ba9-c8a9349e8f3a,6.955684007,
1287258d-3b51-4e9e-b2ef-7c2c18522fd3,4.621937651,
e4d11f24-78ac-4567-88f9-0048d9e71d33,15.44146124,
680fc526-e039-4d77-9f4c-81db1ee3757f,11.88681534,
00264430-355b-494a-b959-a41af931bd29,7.640121749,
bd05ed04-d0df-49d4-8830-1f32791a7b59,0.210840408,
7ecef64a-359a-4cbe-9433-6f42d032e0bc,12.50192226,
676630db-6b74-4461-a20c-b750c72165d8,0.825315211,
273b941c-1713-4748-9ecf-3869a9db1027,7.047106965,
fc6467f7-9b58-4f8d-8276-d2c01bce56be,7.579074504,
556b9196-8f53-400c-b643-7e561ca66345,1.345097155,
8b0b5f66-5eab-4c50-b3ca-180ec0e9c08e,5.596638578,
026ebce5-9811-4c97-a8a1-f686b7cda45b,6.620440881,
34b480e9-a76d-400b-a2c4-bb1612ae4125,3.328046385,
bdae1a1f-78f0-43cb-a696-7df4b1b9626d,5.603765245,
ef2ba6e9-3f08-4b27-9f25-c2f6b9934f4b,1.082100359,
4a215cb5-cd62-4dc1-b8ba-6e6e7c06797c,3.361804828,
29aa8021-03c9-4ce2-816d-7bad697e5622,0.799316741,
fd6963f0-e5c3-464b-a057-b2460474eebf,1.019610713,
57ee8ac8-0442-4979-a23b-f20f3e62e864,3.911580341,
087db482-5ff1-48f6-be36-e1fe9b1525c0,3.26027296,
cbbb7f94-1cb9-4b52-9935-9413470467c5,13.42246303,
9a144ee3-c611-4c1b-942c-011c4515487a,0.12969643,
e1e542b0-b55c-435c-bb68-ca75b3a1b37f,4.476252684,
847db195-ec0f-4b38-9fe4-a853b0921d67,5.493005867,
68a28dba-d32a-44ab-be0d-b4fa66e8ddf6,6.013682412,
24b242a9-7415-4447-8c51-899148678718,14.22298123,
17587056-8470-4fed-a536-8eb11e2d8eea,1.19572121,
d5c91ec5-4cb5-44f4-871c-dc067b6dfaed,2.619158203,
64762b7b-6d85-402d-943b-52ba6d98951a,0.92716818,
8c197323-cc7a-435d-b835-34339a2f5eb7,6.428732675,
b584d733-124e-4d26-9936-cbc9ddde0857,4.312674901,
339dd2e9-f522-4402-a628-ef38e8c24d94,0.551001586,
f50269d0-1372-47b4-9ea9-8ad4ea211fe2,8.799434611,
,,
,,
,,
,,
,,
,,
,,
,,
,,
1,186,10.57
2,412,23.42
4,732,41.61
6,986,56.05
8,1221,69.41
10,1413,80.33
12,1536,87.32
15,1668,94.83
17,1701,96.7
