193cec5d-b6a6-4d81-b21b-06dc27e2206a,19.901911767833333,21.64175077918395,39.11041081861415,10.728457984281462,9.73558557305462
6b1969c9-f892-4de0-8d9e-1067a8ba700f,12.564989798032391,1.0813658126598746,2.9526538952072627,31.43600317867076,15.267636193427094
9fd1249e-c24c-4976-a72b-e456690f0691,36.928354762797,7.441980156415896,42.130268810516654,43.465941254206115,35.76442626324229
22601b36-9b8e-40a8-ae23-cec91138e137,24.460515852755673,4.444121724623772,22.3800736683756,31.38804040814318,21.72331345773532
fef6aa2e-20a1-4692-be8a-c1152b10597c,4.969474615291974,14.585804211860168,14.830500224522496,8.281884041833065,23.922696229807997
cf409ca0-c716-48c3-bc5a-4139746ac148,37.6124903409887,46.543172467993124,29.9585037673585,37.51025554622533,3.4709660397908806
85baeb06-8606-4b59-ba23-ece4330b914f,8.60680812367481,12.774816891010413,16.560850938471493,1.528799166444639,14.143928367892396
93b5beaf-8fff-4fab-ba9f-b0f191c51d55,1.737908227552476,7.4551694029732705,8.049506163426187,2.2468521285914234,19.8854036916097
16131740-c883-4153-8647-953aa02d83ad,0.8646295490574226,2.712683518477074,2.359337563773385,17.816626100243667,3.6043725217975786
3cd24529-deea-4f04-ab4b-3874529563c7,0.9243110225307856,46.30670738217286,34.908508879414676,40.09794860523634,1.951135463751843
43d09d09-6985-4deb-8d8f-c39cde28bedb,4.317479197735714,33.927454660625315,35.13558996097528,7.873742257160183,4.631179843520953
77ae675b-992c-43fb-ba50-0545f34faa0d,2.9828074878436377,4.209246329824802,2.1437061556380197,4.6310550376973865,3.2118832996987843
9264dbc5-2947-479a-9f08-b215b6e042bd,1.1594456557598192,0.9708421600559458,9.201306578799151,4.938856654869303,3.2057449784035033
5352d1e0-e988-4211-97c5-6deb458140de,3.634628287104924,25.07358880782659,16.570679084992786,3.8554702121806605,10.352084528419256
784bf78d-df3b-4560-ba8f-cffcba134a99,0.7779297712454818,45.70825157316794,15.287377198207498,37.480025661405705,3.9816820653964418
63b4b506-0156-4fd5-90d1-8724e3f7215e,21.32993823636384,16.57675289189812,13.893513573014246,5.981054796347712,15.40550076787591
bd6ae448-e5f3-490d-956f-ea55ddb01ac9,21.02076261147923,19.628078668604232,28.661368888583375,10.668693126537907,10.085034087761308
6155979b-468d-4fec-9605-8933b1d9c412,35.52580982923131,35.987602621067694,7.668875957572041,33.610481680766924,42.37354614389409
9bde1b07-3ed2-447d-aa36-f62006b32b93,16.35585590985101,15.109125882629886,16.354210480636155,18.15250660651246,17.795162473616625
d490fc24-af12-47b1-883e-00348ba452d5,22.55654010811265,22.16819871132894,22.231438201469395,27.143800085987092,25.41443528101643
a2472b85-159b-48e6-a2e3-6df63bf01c0c,2.4738793364808043,1.895211276234372,40.31297806985667,4.0361313359766715,16.069845434368354
6ddb6d61-3371-436a-aece-33a15e05fa2e,14.737917536557076,14.614364339962927,11.120985113192885,15.491409642586689,23.360133701234567
96536893-0ec1-495b-9307-58ae7194acae,16.462204879691498,16.866585566414027,4.002526652083354,16.82689452217956,15.717226909758923
ceaf059b-ae0d-467a-ab76-17f42b79bec2,1.1146983669988104,1.253068972139527,1.3823803475999068,2.107145743437057,30.60102507220067
78000626-32a5-4707-9c5f-597e6af8e10f,1.5653164749777928,1.3778512328921164,2.51386387762464,9.261671168685801,4.79397091783739
d78338d8-7c71-4bc9-8241-a75e784d9e26,1.3912972367631458,1.26228703102794,2.2232097817143703,1.1607723534532477,4.232168798207633
40cfbace-73e4-4ca6-8fb0-bc2b75c63439,1.2826997029242648,1.25755779328871,1.5766712834143592,2.010612698041056,18.913809931785078
58620c63-ce9e-455c-8a9c-59f919bac4ff,7.584920864012964,7.059703432263415,7.103691835474466,7.774210701544176,13.285795588208941
f76c9a94-3cb4-4b4c-85db-b61516469ad2,42.463867092362676,4.340132296339738,34.83694076911651,29.274660306656322,49.123986273851415
0f9cf52c-72cd-4c25-82fe-ee03da7a09e8,2.341065620540594,15.73378563448321,47.71606974974422,13.349011099283263,14.550003355678918
bc8b8cf1-24ed-4112-a08b-1507f3e4a456,7.460483833254161,6.955155374687906,6.72652026052275,7.71908740638699,5.781154961411483
753133ff-3a42-4b3b-a0b6-9018fdea47ea,7.190571403370043,2.5893857092910366,20.226186617621643,18.75380408981921,10.308338710729084
742ff67d-7975-4ce6-be6a-c002fc1f59fe,2.841892616930997,1.7994845792245915,21.975918410507507,16.119560400048346,25.31286363654049
7a2eb7c7-0dbe-4518-b363-989663656367,0.30930768259872354,13.729581022713859,4.527457853080917,1.4486060073643958,2.9346051513828906
ca692e54-6ff9-480b-b2ba-7aed9f59482f,0.33022879033046865,0.866757198430262,1.5336157557701235,4.50728545452195,2.4034232336637316
3113a241-6c46-489d-b100-d5fdf923b3c1,9.733119656593116,9.145735464043106,0.2162222433963022,11.536629972248258,14.702261972751085
e31c6915-515d-4e52-bdf7-037adbf295a9,0.17469450662228575,4.0751172021681565,2.888043358327177,1.4950968568936058,4.258642139874778
5278eab8-edae-472a-9e46-b2288dfae7d5,0.19121950799461349,30.473228814022086,2.7752295478887996,1.5186482978174407,2.0214560860698727
f86ea958-dff5-4e9c-81d2-70fd6f70f2d9,0.3369510949586352,29.355857920832037,30.294029267969552,2.635516085301892,29.83984266201911
dee7fece-a203-43e1-8653-5a4b2cf7704b,0.3084015494531577,2.2543474843338878,16.32765859807684,6.4449209903658815,3.8724847263523414
ab76538e-9bd9-4e47-a902-23fd882c27f8,3.5428701954115436,3.378977891142888,3.509643540990922,4.14257475308547,18.1213487327244
7bab00f6-e047-42e0-9dd2-838fe3051c97,14.810321084603352,17.253961107302608,16.955632785213442,11.970063729414388,33.88593120570151
7b2e3745-fa50-4021-af8b-60dd6b75d33c,16.596732926602467,27.947292236741024,22.134647289453326,30.343551844165937,26.532057469445597
07f9029c-83e4-463e-a1f1-92e78bde0054,15.175014052699389,24.911675135974583,20.61125138985728,23.199641557455994,14.788249064552588
fefe1669-1cc7-4e1b-8e20-1c453f984a68,20.267273556379312,13.652353057619026,20.975077394108162,18.37421719484199,20.0943632499836
443988b6-0af0-42af-9984-5f954a3ab186,16.580323490564066,0.5171475929009521,14.720243092158595,7.576889869601349,15.896623434064104
37b6e8cb-092e-43f7-a1e8-0cb74b8b3083,14.683977722359444,17.931160412383036,17.54885428595088,17.921018570682456,17.113554997362648
5fbabaca-dec8-4b80-8d0d-2a4048b51fae,20.778425099415017,0.7098591000967832,15.706977513925624,13.783944845035146,14.560093412731506
de1cb4ab-1729-4582-a276-42be5f550bde,2.516779100792247,6.642837530623427,6.363646156346716,6.537001909983003,16.43912838887173
97769dba-0835-4f4c-9615-9cf8257ec479,28.771765399668624,14.954934780043013,16.867744057512596,22.270948262250517,17.28806212047907
c48ced05-40b0-4d3a-8270-212e6a6c6ba2,19.25876964115315,8.226949453905307,9.039006100416811,26.559229697971404,26.0280601717813
5659d95d-a41e-4125-9f96-5a668766b422,3.4149475408018906,7.763751253044942,13.280566013465695,4.871846441279784,4.322494099807356
23c6553e-e0b5-41d4-85c6-c893a5314d45,17.037896156173602,8.054524151338804,7.684621537966244,9.317373996458523,12.808766358532992
1c1a0167-38e1-4288-9136-32632ed114b6,3.3368059645168415,3.8824520400974194,1.4833110823126499,2.101730849852375,0.9609048146122248
4e1aa5bc-3925-45e9-bbc3-d97cf428b04a,2.5400424808907935,5.638157032486569,17.71695998530619,2.5108859076611836,4.58917532463831
8f2bafe1-f781-4c9f-bb45-c4938be8c5bc,1.6109864697307144,1.8706354707823905,1.8616570858421377,36.48512100329365,10.981642503988741
a4dc6e6a-8dac-49e0-a67c-cd48a2e97c25,3.1311591814040662,3.232870097655935,3.3712733131469212,5.006509824542442,9.00237400720191
e40ba8a8-39c4-41fe-bd43-105fbb461b11,3.233107771779836,8.120792234423579,2.833272681446487,2.4179079414906868,1.0435111452505925
5f186063-0492-416b-8428-01aec3866a8c,1.2369596538083023,0.7154035115324897,2.7347245615127354,23.909059715194942,2.7302490806858617
0f42a32e-2bbd-48ca-9c65-96908f92dbfc,1.6862608412222735,9.952740963674316,10.86659425813371,7.562139300627072,4.338485981792395
b03c7527-d69e-41fe-b637-591fe0054f74,5.565778723762206,6.046698796776959,6.213286922403066,5.6188793415562355,8.016914389343212
fac7d379-9232-4193-81de-edc740eb14f3,17.758164995187517,26.6251649053967,15.58959488201798,25.606559738585517,23.22764591899376
b1aa37d9-03dd-430a-94ca-14540760b709,9.287088244901732,3.7406756314951717,3.586115285655805,32.787632462170464,3.132972854619909
6726e484-d516-410f-b689-fea11b0416df,22.15170566438202,37.590356393977004,21.17646917062037,36.933510509861804,22.919280801656825
be696f51-4b28-4f73-88e5-802816af9fbe,1.1347780325972554,5.029410580514265,0.6356104583857775,14.375459614140654,6.866106915596119
c32016c7-7172-423f-9b22-697441e4ccf2,0.8259758370655299,15.190775188653015,6.327781996553934,16.475841777146343,16.580167609528985
19a651f8-f4ef-42d2-abcc-80941333c628,1.9831147349985252,1.1247302428777979,4.937423619833426,2.3992057966064886,5.17961564539225
1f37c1a1-39a8-495f-a24e-f2296be5f89e,7.694647000996209,7.647561937143523,1.6510848162699734,10.320261151224432,7.907115315617113
d31e69b4-43f7-4281-9100-22fc03c320be,16.735436192518872,17.542306152195764,17.637631639920578,14.03406046739568,19.520604471432463
9b091e85-80c0-417d-a985-a0b199d46c25,14.247482771418102,2.3568144664770125,12.241984549471276,8.62091723408962,16.361141113283185
a70db17d-941a-45f1-98c3-0211159d5546,1.0044212775076093,8.676960437049608,5.631345550406975,21.359405534743743,7.400234364514171
1eabd815-e56c-4126-87d4-0d69f06b4cc8,26.634286547040197,6.536738689783231,6.127710107317181,14.098568378865261,13.17803385241162
a465d256-b230-4bd3-9365-32c7b0d11757,4.035361266928672,0.948914503584846,4.938408387874712,3.9808036629887864,12.053226740497939
6651cefa-d6be-4da5-ac03-23d8c22c915a,1.885053038205245,14.705429321358878,5.867793937355858,2.7502462538692196,8.817290349853105
7de5ee68-9320-4999-9a0d-9fe7db91b813,16.471233954000194,19.4363176535337,12.7644676189467,19.96153337178886,18.353062559099772
b02864ad-5c36-4bd1-9b54-6bb346a4b49e,19.997495138388228,13.354988926125255,18.769580506944678,19.808753482518373,0.9614599691310391
24313b8f-84bc-4da0-8eaa-cf2341914c3b,19.240739257102703,18.790800925617255,5.883154629147732,18.59207449153113,8.93165020377816
04cb7f3c-80c5-47dd-a660-1c98e5976609,32.42587782839741,32.87790606263708,30.09142644253479,34.367085644735035,32.9236719991104
29dccd57-cad0-4bbd-bc29-ab368cd95dd9,36.15463628854478,36.82690832737502,36.72770139779032,21.87387464631012,36.57997919044252
2713d3ed-71fe-4944-baec-f5a918f49684,13.749173583135299,14.868094333638274,12.132534745758214,6.6804646954342015,20.221261413205347
9fb11110-1214-4c80-8ce2-a87a548f6b33,7.298894157061418,16.08545753897948,7.009662760133291,8.43653544318726,6.954765307693225
87a4d774-18af-40bb-8f80-8b3179d2613c,13.334092484075677,10.704449402307672,2.910741660615696,17.247297573686573,11.378914925397282
9ed316a8-df0e-4fab-aed8-3f2f0511411e,6.878342562250515,6.987104902687632,7.369496661837751,6.896935065054094,7.216521371303886
07496684-2827-47a5-b2e3-78b9ccd5ec23,22.824023446376387,20.71180286211542,20.879647918311875,55.34653861657489,24.49820439276228
0ab8e6de-2b1d-461b-b377-b4033df32b8f,20.703763754510238,14.681941371329634,37.969798332194436,17.15597438194881,14.747673168043374
6f5f2f2b-86cc-4737-bec3-6f2cca636490,17.68169047353545,21.702326602347547,23.20135443372376,16.470800529163,16.302731189177386
6600b49b-1ded-4ce3-b709-0db6744a464f,34.1483743210069,22.86497691137483,20.94056848912704,34.28997781022696,10.264580715692043
b1557934-ba10-4af6-b477-cd7d91830ebc,5.460062025924408,18.077320164528142,18.360377583010337,4.767635527702598,41.95733702050234
069fa7d1-0a07-46df-b1c6-067fe3c27c99,31.25708173550944,23.758397433380946,4.79213291954656,4.255731310687427,23.139792090783914
0a498216-d228-499d-933c-60c1c025f0f1,20.14278277553458,35.34144138079155,13.14459488640305,13.268267677399042,36.18536701232332
fb50ca98-dbe1-4d86-b5a7-a9e9793a8ff4,13.856653760355709,15.045344260477616,16.162216500982936,18.191883718424677,16.979361835736164
d07ff253-2885-43c4-9ec1-04442da86cf2,3.3990712041017384,18.445103986098463,2.6141155301244865,26.38383921138879,17.00571609662471
54542c13-9965-4f29-9615-95bb2c637d2a,2.8679006755941594,1.5025527906097262,1.627751101117203,30.108593150905133,31.189710859264082
6ab6d4fc-2667-4115-b059-4c01b999fce8,17.375898012643535,11.657585720148877,16.84711207142252,7.867242281416381,17.538860625728837
a7f3678b-137f-4535-a219-b313e4adfca4,34.617439740999735,38.731194401568146,1.708152121679932,1.7599136609801658,2.513309185514266
4e2894e4-a685-48fb-bcb7-5b59867f0553,12.63590604332469,2.279822278390203,9.63028962885582,3.899498030266625,6.470474286569135
dd2213ec-55c9-4279-8d8e-38981685c86a,5.242863272930469,0.49473688933647714,2.867241036537985,5.920282462719018,4.811724648602669
4d751137-aad0-4507-ad2c-be73a701437f,3.9847495206721875,7.741706273757751,15.617437508918597,15.41096677896354,24.350475229244775
c3cef432-b0a6-41ce-9264-2a98a03efad1,19.719482923516416,29.75524661037178,21.476900112230027,24.289313109068555,19.104385549994877
90248f1d-8236-445f-b116-8fd9d4ba738a,26.803365906758618,25.54022745735288,16.355224545944857,26.386039054587066,28.005656838698084
dbffffd2-37fa-4f81-8338-980138007a1e,1.7443781476981692,31.127055302606145,40.43436374623808,3.7168399000286074,3.6645515602256244
42cd9d72-4c11-4adb-bf07-57f9a8aac26b,16.170007654184623,29.708948453414003,8.428271459357205,27.187471719727515,27.100865513768532
a7ab3d07-8199-4a28-b983-e2ee7f580d0d,5.933302934441614,2.6406207594510125,4.822793307954936,10.993852821096421,8.234296252414703
0c78683e-cce1-42ae-8cc6-8b790efe3baf,18.747017525047532,18.771922558130104,17.302562887417242,17.095285624571144,17.126269149749973
85fc2cbe-0487-4e1f-a8c6-583ae310bf8a,16.93113219892168,18.3537697603232,17.540184961220938,10.160715158291183,17.955553420272686
c38240a6-f976-4dfa-998d-9343cd328018,12.50659828520052,15.82161108125813,24.651854772549953,17.221525697050865,12.616730994000367
ad18e881-dd7a-4695-9296-ed263222bd4d,19.498213264202633,18.44872247307213,19.31014020303895,19.091918760691787,24.366206035374045
75686d7c-29d7-4291-9f62-6123e60fca00,2.3678774391075645,3.86285981355457,9.448852345083175,3.3369832472094485,5.378457294228527
e5c220c1-02ba-4c7a-a50d-c3ca892a42be,16.800407727983846,7.894216978890866,14.766971296708054,5.863153457305622,6.597917456034606
45fb8e12-8319-4a8d-9570-630bfd6bb24e,6.788078270685407,35.51322050467537,5.444208629837305,4.823547779329243,5.285952345350562
97ceea7b-e373-4901-b8f7-0afbfb2451ad,14.119327862357105,15.556747330270063,10.412437947293718,15.137269525288914,12.84676300449107
fd269e34-3513-4c88-8da9-571f2333163d,4.957351372167083,15.742015782921204,34.08132003033563,32.15928455844618,15.152969327302689
e9b741d6-d2b9-4c77-8f5c-5b6bfa373db7,5.609940181333007,24.312963906971667,7.167072364465774,15.435343776472429,4.50586981254445
ccb71df1-3801-45cd-9a45-b626c58f0060,8.368952621698027,3.5687863180643573,2.8249371910331686,3.782704900963327,3.4420524940901367
3975c8a6-57d6-4411-b0e9-bc614c5bd759,3.1873696742153834,2.1083563090514006,3.5131201727226236,3.643085199018901,7.637359838560064
3fc64bb8-d90d-4d84-9470-4c8dd7698f8e,7.186559636067569,6.776361583643345,27.419178940110314,26.110225266707978,9.378693955691023
3ba941ba-9ab1-4716-95f3-aa13184556fb,2.5144133902700867,2.0421999650138147,40.436972869991266,15.299563143162057,1.9803859900680885
611ea922-4b99-4caf-ac17-ddfaace01465,2.3456737162415595,1.3586475927274306,2.328024266415947,1.5681279604425145,10.18117671486276
7ad04649-2c83-4ce4-9950-0ce30d316ed5,2.4699690964539225,5.01317849176502,5.2091162981803745,2.59632508915334,18.257891646687952
f69a3a78-efc7-4c31-a7eb-36f4cf25a7dd,4.940450638885116,14.910032020200873,11.9486766934611,18.217730013909513,26.769793016247178
13adaf8f-007c-4f7f-9efa-13772dac1c13,3.7678395310845767,2.2178278509362226,7.368606606877723,6.010705994911854,3.8116366467302707
9181c959-dc04-4909-9e53-e0a533f873f4,3.763199618000333,17.14494302582245,23.791850467166377,27.692670099098706,27.780382004869253
a2089ac6-8ce4-470f-a7eb-7e2dcc161414,4.8702725204381725,0.891415989441399,5.143914859511967,1.9224014501740467,4.226347051707169
d501e048-6be5-4ebf-b24a-745c06fcc4d3,5.997380450914076,13.84315036638845,12.99458122329327,19.292531392448797,11.460733959605601
e95d52d4-d5f4-4fe5-912f-8abacc6d12ac,13.333119343719506,3.7889320930647683,1.9904942118958724,12.388557347933457,13.055384153576357
1032239b-ff77-41da-86c3-d8ec4e817df7,0.9507742552381957,1.357988939139672,3.1120497793813886,0.8803903498820592,16.41086366047253
24d2f3ef-79b4-4e61-b99c-667fd62e3d4b,0.20632784460678386,9.044028726648946,7.465580017105793,4.241076850690146,4.578072743036834
710aece7-ddd8-4fe3-b3aa-18bd7c947f08,1.3695145129508088,3.8297043277822658,0.740884162258935,16.255503426350643,11.846466561880876
0bfdd729-73fa-4c88-8e5e-1507c3241652,0.4669507311911745,12.567335506602562,24.73951386342706,0.5766163031535915,24.21500976870971
d20d28f9-ea05-46a1-95d4-fcf83b0be0cb,4.768373892800104,4.675811545187593,4.205971876907254,2.910620782205976,1.5936714091215558
be44c7b0-8adb-4122-a1f9-c0ba7e0676e0,26.114673376122585,15.52696263176778,20.587256610300553,11.451591891656664,2.00469486023784
c82d25d9-7b4a-472a-80ff-1cd69457accb,13.902169649076782,13.852827303998321,15.065188028548707,9.921415176077344,9.971698297509018
a84ce069-1b51-4832-a670-c154969eed7c,36.12698250809572,36.50291731476762,36.965710152238586,12.871142129580248,7.396069582192972
fe57936d-25eb-43aa-8073-306d7165e036,30.779056264671087,1.8216991851274171,30.60779159732201,1.8394340015071236,13.61748624612929
eda4c7f6-d4aa-40d1-9f5a-ce0c2e2174ff,1.245194890548598,0.666708287256349,28.280333448752106,30.875542021526158,30.25285506402981
551a7473-e811-44af-acef-7a8318c24748,10.381138463393349,15.908985264889967,17.845027797953144,9.496668101875906,17.76624738448596
f02ae00e-f7e3-4d26-add4-cc89a13cb77b,23.463243289625822,15.037326477934345,15.660152017919192,17.23410890630472,14.797111272482805
b32d38f6-39d9-47fa-a4bf-5d3c8e063079,0.9780392816909589,19.832092153390686,20.905587192831625,7.610758788311783,14.797147232087067
c10157be-4899-42da-bb17-fa558ff3200d,0.3327630460238527,9.499358524715907,20.32594052487439,5.37026887376802,20.038103800035746
2b6976d3-ffc8-49ea-96ab-93eec0830216,5.626855869682778,15.822278968083156,15.630997386882946,11.505602563713175,19.117420959779935
6a15a33e-290d-43ea-b496-14853ec9382b,1.105707052538725,49.877729515031035,49.14900975724383,20.07216085805764,4.35902071364763
a639dc86-3d10-4b3d-923b-008f9f97f0d2,0.9110111274318549,20.904577488818276,26.54470121914371,21.472266418315687,11.890176276469557
c5a865ab-b802-4aca-bf61-6094fac7ed89,1.5791934628787665,3.9337300475144956,18.818881319645307,49.80915554299232,35.97543074396651
0431b8fa-5039-458d-a66f-0a7e8a69503a,1.9552521088824704,26.563991793936847,21.480310766343884,31.654066996301157,29.38636230755901
aacc4175-9adb-4f3a-8ef0-63fefffc3bc9,15.59803771024659,59.26878852379714,24.783280151149988,27.46386609885478,26.293973519033955
6f44b239-3037-4c35-9169-425018defe2e,17.553810335352892,36.440168743280765,2.95514271174971,6.351003337710355,30.4928768034229
ab3be57c-47cc-4631-b654-b91549aace16,5.943418908957538,4.094466008152077,29.828952985759244,36.29192837242307,25.296956227477864
0d109f9e-ba4f-4933-87ec-55a1bc841e23,2.5847621808573416,9.493943536568484,24.308966357882902,10.306342775502099,17.10821560470487
cc62f7a9-61c1-402d-8431-aed142e43f2e,4.241728845763833,33.57379373551911,1.868345869125037,4.8966697320998795,28.62679256703403
c98ae64c-8bed-4ab4-9b96-241135fd475c,1.6414896931513474,3.504958840828764,4.2332486252513695,6.379904914955399,2.7002415660745287
632f8575-6e9a-4f03-8111-7b0e30712df0,17.07826848684472,13.756110599661572,17.229059809298697,10.632441361778572,12.60325134761571
6e2d08a4-8050-4c58-a683-f60c562eddc0,1.55027883906196,1.539542760531367,34.530506595231614,28.336770450928384,29.266954775000045
b7878c0f-40fb-450a-85e8-1a77c4011c57,5.4164173752180576,6.95198158490658,9.437255278703294,6.986073745959613,35.04037607505833
c41e3846-e566-4555-8ede-0eedc5511031,2.339943214574816,22.50390797998426,26.060773211087124,23.08113153270957,6.351284134336605
a0aeb1f6-eff7-46ad-9e9f-56a692d92c7e,17.596093988452225,14.921487571162167,17.447728866616558,6.5336293091129765,2.9368240238795527
bb4071a6-f266-4cb2-82d3-f36175bb1736,21.134920327443464,14.081489711221774,28.705942378424314,28.027470719070738,19.31344268557763
84894668-e981-4368-9ab9-ec26f7ac3589,22.199629077775462,1.9548767532691804,15.767952930056524,16.828774929521952,18.374574242620618
a5e9015b-6171-4ef9-9acf-1ee4a40a7183,16.35937247242442,15.738053000738148,16.973307296719707,15.932961827117953,16.755863292518278
30729a37-def0-45e1-9115-9d27eb1587b9,17.03136002032518,11.281204100624596,15.880248104994102,12.907616563761515,14.3623784241978
bc6e2c41-e7e4-42fb-9767-c91ddea1ae7f,12.688468229909084,9.560004493311842,36.24815801162855,2.0203219265551424,37.720512586848
ac380401-dd46-4326-8837-44458da9cb68,13.409438816944864,1.7793918201064465,5.309111906631747,8.740824419782966,3.834270311741119
08e24a79-d0fb-4875-ada0-d550bdc6d94e,6.2829283201887876,3.9709497164541236,13.351272072754607,4.534426227286037,23.62587397801162
068d104e-b08f-48fa-9aaa-c6dcd0cd27cc,28.86640002956972,13.334112628564672,4.007254640536587,29.10484493984824,18.936854318645562
754fe14d-d72f-4620-b9a0-304f44be438f,4.094149609230739,30.72139463806938,13.385505806523684,19.786801204673985,21.48475127448176
ae1e5ca6-3b39-4169-9528-32070669aedb,27.78358618463608,28.062839300107584,18.773134785819497,31.39699309713336,12.739567237760792
61f9b186-229b-4973-8a13-5711d917c083,11.303770815607239,9.926065142081777,20.296227443119193,16.09398833813303,5.934101337804892
1fbf238c-c6fa-4af5-aef9-87b432c1bb38,21.81489443726275,18.29470940310308,18.139445780636432,17.11664445775535,16.962692524763938
6d21928b-b9c9-4f93-87f8-4f34b5e9167b,0.45832839207709464,5.407396742526373,19.41990105780244,3.520737325100575,8.623284118956974
764fa8a8-abe8-4ff7-b79f-19588c0c57e2,2.232305024947974,4.208102745423286,1.6529010269436237,22.8085394070764,2.729724281631065
af98775c-5b60-4333-9ad7-9ddead7f4712,27.413812712648255,22.734705515814642,16.273943522831253,3.6945793447509154,16.65580367565746
3453662e-bc7f-43ee-ad2c-0fe161a89b89,41.32295725532502,16.131905610803045,14.839665520734556,39.53203697504442,38.550897003845705
1143211a-4a2a-4df6-84bf-47b07a788218,10.047926018622494,54.23786090839039,9.791902257753417,6.423027486081217,15.759875766895679
5c8926e0-b080-43c7-8bdc-01e22290e059,27.465216597792306,6.832173569610619,27.27454273271351,14.71995997959647,13.572093088313286
60bc6b4e-7ba8-4244-aea1-d881cbd15eb6,22.572523817641727,5.599695220220628,24.502423692314842,18.98139426005857,13.793071873609687
f8261e57-bbc3-4d8f-a352-6a2fea3368d4,31.29403759052118,25.939864601642263,23.636516523732862,10.9493634495397,23.330191666259665
f65624b8-48f8-4028-892c-037e2bc09b63,5.7526787430211535,5.779421753427913,28.53060379645105,35.85813181946406,16.333691255429176
fe2c67b2-f7f2-471b-a0b4-9876e09c5880,2.6027504904085013,3.2188282069535417,28.17243895444091,2.8976524977102027,7.193111466983616
c5ecc10f-51eb-44ab-993e-5f3542b442ba,1.259453637746848,3.045711362069664,7.609612245885883,13.329566256777053,29.306159076489912
e9a7cbd9-f519-492e-a29d-09d6259e3e43,19.598237853519446,14.66093022547005,18.144583388609018,3.212621375291948,18.190085704465865
ed570d73-3788-4574-863e-996c7c8bd74b,9.513951585977164,21.538685999823503,27.98216856984344,21.11586854889574,29.084128074090902
9f425d94-ffac-4a2b-87ed-a6f052a72428,25.054726472027834,21.07201396872372,38.926057460690245,10.380416401398175,30.348956739811577
f1899076-0401-4a57-8fb0-667d94cdcac5,2.2774309516628732,8.061054040218703,3.755965291439729,4.956341769886443,37.35689445797457
a13a33a5-f314-4d19-a756-18947b519e1a,24.49140156280212,20.437702245772684,22.663796574221475,13.468606081347929,29.49610422075621
7e0a8203-4d00-4221-b639-e4259c612d7c,24.97724845886298,24.977934499178467,25.953428197278733,18.67246797556463,28.20168565027083
a3396cde-7abc-45ae-825a-be2ce088343e,2.799046821345442,6.549464966209397,4.55393111699292,4.96560473759623,12.559520280371668
49da4942-75d8-4604-ba03-a71efd006db3,23.387267180060014,23.76272123754816,23.10386193728001,16.30396599224526,23.69202728528016
be9fc614-bf7f-4bbd-9165-b71e7564198e,7.617659347581043,1.8829263718064444,4.0092216178616935,2.396039228943374,9.390345817770598
da4c23c2-7bbc-4f3b-ab76-659e998f66c0,1.9389292725815188,8.068126840566014,2.811148659663295,2.5326139636045992,5.170481392358379
1778d9b6-a287-4822-946d-d2ee7434c8f0,3.858366385555487,4.751484953454526,38.516492867727784,38.34709952558746,1.1544982435607205
a3a72061-c145-4ebd-b0a4-9800cb695171,1.8482640877506937,2.730270568672382,4.1424066985642956,0.8945672702454652,3.1818852508035316
a93d36ae-e5c5-4930-951e-13ff01e40c6e,7.725136906622638,2.800612831203402,4.07850528333592,32.26376129822093,3.3117854125593436
41684738-c358-46dc-93ef-7495a1a08b76,10.433559026423248,23.664046421095353,17.64285682993032,11.159038581583296,18.74715578668028
f1d11510-05e3-4697-8d8a-73a51267b5a9,15.44530476205132,3.9458554051156542,30.570055667004922,25.518682889047476,28.16302118366847
e0faf624-9357-415d-a73d-64f6ff1939f7,38.30030233023002,24.08930275607371,26.30483552591763,22.33970500894913,22.906689730122363
524e886d-df1d-473a-8073-109abcfc53ff,23.364061415683143,10.32190494836114,18.967829960318547,19.2380957707647,10.934988559022843
d692a908-32eb-4d82-b7e0-fd1d70946387,11.982213625225343,29.599841848638334,27.113586397346726,20.28380593945716,13.405138067664918
13fabad1-fafd-4d92-976d-0aa1cf31cce3,23.862397149112184,22.802397222183625,10.400804463323922,14.176160328424077,9.556788400087266
6ced057d-acbb-4495-998a-06a284eb9e16,6.795791930258934,1.609536140099835,20.423598318209994,23.09625494963054,16.116019196072227
3884df6d-8b12-4947-a963-b03c3b6e5f41,19.510714285556688,16.572452800669264,16.292861600867887,5.273972107464671,11.93902632896751
15c9c0ad-4575-462f-9bd9-e1e19c422893,18.287651999792494,19.001310239003395,19.85982728796986,27.327658604918607,7.194242415743865
b6c7288a-8528-46d5-89ca-1b24844b321f,16.342902200507833,34.80456284418903,36.28293085694832,16.345165454552287,30.76427884693219
647c04f7-43c3-4fa7-891a-3a40ba242bd4,0.9541516429185412,2.496286240080299,10.34855682604167,3.5552999428166463,10.923799822399296
868485d0-cfb8-420e-afeb-60515aebfd98,15.596746027026333,5.726762472720457,14.611833750269586,4.144726944924851,8.07615902372835
db76218b-6b9c-4ee7-a0ab-fb98b04e6d21,44.37751270463136,36.27857080312732,0.2833488730689661,45.791816283652814,45.6370514769657
e98c2ec3-f075-4939-ba91-a642f880738d,14.598494385407395,17.968250518717078,9.556262620247846,31.12760187523907,34.673665219442015
3870c362-90a5-4f69-ba28-db1264219975,46.947665347906565,1.5348058338027575,47.03940946844706,34.20504879055004,0.7439532907404961
5d87aca0-7007-4ecb-a40c-681e506e1e95,12.95216196655576,12.100814333212817,29.0807459112005,21.84860999208682,22.715971528364108
d82203ea-ac20-4908-8ba6-3fe6254c7390,6.190065565693894,18.31961258860553,21.1607298129006,22.08890870895448,18.79149041914202
a8e8ce4d-6747-4bf7-816e-95db238108a4,11.43975967259616,40.631784116720155,2.7715947404734487,13.466842608003677,33.89758206732597
d58dae66-9c80-436d-b0a7-baf1307143a2,1.8581215571692076,2.108542329968429,3.3053142954587464,6.651879371384539,6.193040788863323
f64df522-3156-4032-b959-17b278224572,3.5354959878449277,7.534489079500428,8.470437635527915,1.6481537208786883,4.394221130904272
b38883db-574c-4e40-a0ad-3c798b36cb43,5.961783954443116,16.154007763234574,22.56622997788545,11.562451743294703,9.179369971284428
b9e8a0d5-29de-4f1e-994c-ac9b930e3b4a,19.762559866854772,14.778603541196595,8.947457479274805,14.094553012473792,14.587113862118272
0154690c-f739-455c-b454-4a9fcca605fd,16.54052841321997,15.58836799927936,2.3937226583012663,3.6116595305004005,29.339674006841683
27eaab54-9379-485d-957b-9ea2deb32444,14.73546182140053,15.153106959200823,12.329073014145399,33.340257472963145,21.76631380297711
7d833ee5-3746-4bbd-8503-57444d419e5a,13.689335585619531,22.04293622866027,31.798933549426152,27.364355753969658,31.26195685396118
6390c692-e794-460b-840e-18e0600b1d80,2.315236247889327,1.1699199549170545,9.362308691296917,4.411401925363364,24.126706456936116
b92d5069-f195-4530-b0bd-c5c0f3747a45,1.1588652052933632,14.210707175807997,13.745700199092099,1.9431928355747439,11.295041346888887
7e2d0e77-5044-4702-b4a6-d015ad0156f8,18.859194221647545,1.8698366535957311,41.171133686071364,30.38319378059759,39.24050116363916
ca69f384-5e51-443b-90eb-77a38a1887bb,2.2370891484862927,0.794604599151344,16.18669073541497,26.25141628553891,3.6812849524723132
da0c9444-5eea-448d-98be-fa7000177c09,13.831066163008863,13.982806860802416,12.544491484735339,16.426819831375553,30.146969112051572
3b21c14f-5399-4515-a604-b1fbbb0ad245,10.957262388170143,12.475309641753395,10.851629015369411,9.159278201252139,12.015744008938162
5e371bea-cef3-4d10-8256-6414b1d7b99f,8.094881311701904,13.431047041782335,6.751711345290171,15.967282783582412,14.837005918452686
ecec86e3-88a4-43f8-8705-fcd09e73d3c1,17.850995359099976,25.672127339925964,17.543958579555337,20.40518206376438,24.38975408115477
377a4cc9-6c30-45ec-b06c-58e529967d8f,13.38481845165726,3.5801498501488713,29.21836666842316,2.1970383440601027,14.216414369882568
89e34271-d2f4-4aac-9953-e834777a228c,16.92046111575607,6.778676919029988,8.556738301778338,18.00330385774458,9.230349357602591
e75bd274-1dd3-42ca-8c1b-baff85f83615,2.814051668622872,17.550500146258837,3.0960452011861945,19.202716655220634,27.954770765921854
aa3f6a4b-921a-488b-87f1-a71a065ee002,2.760174848357374,6.852212358719337,1.6134622009597317,2.7496031670602004,2.1935327212211257
44d33854-11c1-42ef-b683-bc181864efac,3.3706843621041305,7.975106137294117,2.5559146296743913,2.68700602521671,0.9803960384074105
6eb0388e-05c6-4d05-b270-2e8f9a12d98d,1.3348096274699386,0.6625567673026629,2.644026466095366,2.8272348706536263,23.870373656403693
d3351761-4467-4be9-8971-518c974b1e56,2.492772976891023,2.9619660231002607,1.5825681940419647,3.0337487744610323,30.287147617577297
cb3e21bc-50b0-4976-b412-709a6858e948,3.254652603109859,6.324492629454044,1.8805609395104177,17.60966505295919,27.742953943206587
08ee8619-8790-47e7-aff4-bd79eb0aee7c,1.191294386906529,3.773761265883775,29.232595611339214,29.9631276591926,30.490962399093647
744fd263-2361-4378-aa9b-4746f3e6a9eb,37.30167497524604,39.12880605684359,45.002921391865314,30.269386570867475,37.93150914958238
270a96c1-f5b1-46bb-a071-9679c1ab65aa,2.14476970498118,17.94619144360223,24.69288521440358,17.361998595596365,9.283106798245374
4374c842-2c26-4606-8001-d55a7c78e7be,29.16916950438707,1.1603642437377708,13.51842070824598,31.26879106485879,29.394143350181217
c6b94c0c-4673-452d-8972-e225042ad8a4,2.9138881091150237,28.903414473692397,41.8159755579818,24.445997819755604,12.066991184076329
af4cf4a8-442c-44e1-9dc7-3d5917cadc68,1.9580283212744223,12.165509166310303,11.382819509764236,22.46488530730511,19.696152929003787
03367b97-ff57-4e13-908c-1fedded36729,35.49274239626873,5.648347052032063,7.2423570790744,33.995141968362184,18.909229594106723
73d6b349-4b42-4da1-a853-eabc4c43eb19,1.236885779166388,14.023048248699101,2.285392491500766,5.0013745418856335,13.74746806902613
38b841cf-434f-48b7-94e0-a07cc306812c,2.3100661812482888,7.088840275278848,12.806710740119982,14.446402518066783,13.444027829322495
f86db668-5f22-4cbd-ab3f-48048016dbeb,37.004757313083054,40.386592951960395,46.43942959929541,34.83688602304416,32.86043006001397
abac23b2-07a5-4fb6-84a4-dab4ac1525c6,22.49926252747928,23.447307754365546,8.739263588642393,17.84383925701349,13.466879294209377
18cded67-fbef-4a64-a7e1-1cca5752bda2,32.4086334942439,15.89897689455492,1.317739160250402,28.10218019240724,30.61782528969651
8a5d8f85-df4a-4d75-a0bf-c853e1842579,2.3701451890706844,2.318345529028019,24.19167369733261,1.7585435397489573,29.629814066430885
2606363f-880d-4d22-81d5-baae156ae3a6,2.3879606077626816,1.2418665165730456,2.755670014944333,5.2905830779029,2.6891434637054408
490d6ede-366e-4b16-aa25-9ca273494667,2.0774171447683183,8.228814958707867,16.87282763142489,6.991921369182638,4.581272835285358
93142e2d-366a-452c-9238-46dea848b0ec,1.5547355915010632,28.167213289210864,7.564891330214298,22.267853244177097,24.58325285345455
3b0771c4-1a59-4d92-afc4-efb4e8fb9926,5.213005020734004,34.96264514653137,37.18914892366266,22.238264445707646,30.277863075945533
1d164c6d-3347-4ea1-bfd2-7dd70d7caf36,3.430803785638922,4.8143775008158824,5.598384649366664,7.060362730028518,3.1325824546200973
2a9c4a2c-ad95-4e41-b7e1-059b56789ec1,3.773301369686509,2.8304370371000855,4.4195351503251405,4.769642166205191,3.990345804568328
326dfa7a-f522-4830-9e7d-059cd701f7a6,13.809341637150563,11.197424626130843,1.2521792475788416,19.862263600016618,11.702475383048995
3d90454b-5798-479f-ab80-8939620c907f,3.415829939905441,1.398892552417435,16.552268381039994,14.276421501407201,14.638376179588558
882dcc89-e929-422b-ada2-474098f6517c,1.6991508755388591,0.9756787488613587,16.50826669517167,22.182805758160512,18.73205036952343
81d0d51f-f77b-41d8-8e5e-fa3c0422ba1e,1.8273630163494337,14.017217845254377,14.9255395132894,1.4852179529072775,9.74493490354763
125db18c-6318-4cca-83d3-1b76fcb5709a,0.8461322246013036,5.974677938935024,10.101913597512084,10.652763615958486,9.788450190482255
974a8cef-a9cf-4d04-9cff-351c30ae5907,9.271411450417974,24.980826795148047,26.19448879400978,2.469194036919369,26.00026533982595
aba58693-83e4-4b75-811c-a85356585595,28.258728781366933,27.850662100789933,14.429990020250342,8.639999044555893,27.845882341735724
5f48186d-aff4-45d4-9495-3ec88aeed785,0.6779942086914813,3.014298528478594,19.549185427921394,3.1218747845951156,34.79906273827397
b7579ee1-237c-4815-b733-f16560c72b81,0.8222621747027038,10.457884675988941,12.793171247757003,6.337283800791347,19.89904265560834
72637ffd-d616-4da4-a7b0-20491ea15c8a,15.55900753973787,5.73326492567586,3.781209504367156,5.7488455230642055,4.043875837281864
e93b71d1-fc6d-4e02-8779-0f486a65b96e,2.4956885751721147,10.160690498280172,21.601714714763222,1.1949628164299728,0.29010939721718654
14ce3b5b-9230-4735-b776-b060f641bff4,1.5293961131571165,5.785316822162942,10.735993096618337,2.2930265770641354,16.65691161041177
51aa7d40-dc5b-4526-80da-c59df36845a8,30.252746120877642,30.89941154103321,38.143258081888234,9.395174278168378,38.71799527302685
fa9757f1-9551-4124-aefc-fb4180f5fd33,8.771310474930136,21.00179987594537,0.38929453978019335,7.052536670879714,1.2380244986189342
324e60c2-6dcc-4d08-a654-a5b03b9cb5a9,5.911580990018546,5.667579161478107,23.916789384991873,6.776976865311115,8.01199474872011
f5a1d3d0-ba1e-4ea1-b206-895d2492d9da,18.111542220183864,11.414805091506759,22.63919214415284,15.909240430834183,0.6397065699891031
f60d7060-a34e-474e-95ff-4baa0b26599e,15.128925523769379,14.70713519257377,14.209111307166495,20.10830365980014,12.258534928580072
53578c54-2d33-4203-8ce9-6d828eec4d06,26.373056192431616,8.925016553462735,35.9947519785196,38.58814629378371,37.045101540247984
e03ae283-e28d-474a-b793-034b557351c5,10.757764729752338,13.658640155322706,29.79358809008611,30.80333059168369,11.868313357684698
17498bdc-b54d-48be-bfa3-aef5f595e078,22.847578612606693,24.08043565872829,4.542309578629702,2.8951178741788706,3.7437612615830496
e2e3f875-7e44-4c69-bef3-ffb2aac83937,16.941566907230197,15.008374998507296,20.169262252298758,16.107797814405217,16.860293886478942
9626d2dc-e9c9-418e-8e3a-fe46c8cf5456,16.32697595173549,13.203650795420934,34.113154053028545,13.38881753130215,26.262243493960543
be172f2e-579c-4f3d-a966-45a2ad40316a,15.079367505529797,26.229933653682345,28.896481080917557,24.537303465949925,21.93849333686323
c29397c7-fe5c-4864-bbad-4d4fcb030555,14.760028216953696,12.383102485646495,16.471097017806404,19.342394155902273,14.714546839727248
ea55f836-ead4-408e-9dbf-adb5321b44ac,42.308436148289005,11.002586624936516,30.143164643429035,33.32814197306244,35.616794214131744
eddd82c6-a7ef-4564-a76a-7a62b2c60e13,48.345901642121035,37.69730654077597,34.609189615608,38.592480798389275,2.156332262579003
d162e0d1-232b-4429-9072-9fb26bb555fe,2.222751097762825,6.516158576575729,16.495436904281558,2.8035703631778452,9.417772472683549
893d4278-b867-41b6-85c6-e629929a8f30,1.0513269374783707,1.837361115723588,24.215272176142186,19.86406275886771,1.8993105711889653
d17daa67-49d6-4163-aa66-632d3a3ba557,5.411869615768767,3.449316638675527,19.098123236561186,31.127545141663983,29.215574184359287
7e0dc7e4-2c13-4f80-91c0-c8b54eb2da31,1.2842266350436264,1.3777248305173284,1.1791451698672732,6.261116979639931,30.755977187195832
488c2ca1-dc59-4406-9fc8-8d31700d6ade,32.25507207426319,1.385452305826781,31.231444533286634,31.97389715214598,31.192010067850163
a99fd304-b452-4ed7-aaca-5e8b79f86554,0.8645345538096412,1.537866243756787,0.5771748015789103,0.6859057768460668,0.8843682571839523
ebbe82ff-17ed-473e-8eb7-3d494a45ba5a,1.0087946713639855,24.77035614440375,0.9822718648932106,23.140512948566,1.1806691025010916
93e0d0ac-08fc-4946-bc9d-18b942342b1a,1.012015906709373,10.119488740002996,11.951564626369176,11.530632797248176,26.283723641236207
f9cd523f-1b86-47e2-af98-9927f6e6c1d0,2.2558442942673653,3.1423075386696624,24.75202620687789,27.083798826926838,11.649532719450889
b6f8ae2c-5e2f-4f8f-8744-3001213fe71a,4.759902598335634,14.76318645025317,16.31935750855073,20.294475516272385,16.53310775781299
f37d0942-0a4d-4b4e-a0e8-51e3e82bff2d,19.099969690402048,16.92230705380595,2.7885566240088426,38.126322114692414,2.4948522901802512
f6461a4c-4f02-40b5-b09c-64c659d406e6,2.4263660844840214,3.839780492312615,20.85598107618828,21.348035710419097,24.953969149386452
267345ff-6f9d-4f64-a079-13dc6f55bc7e,17.12430756264239,23.815408195355417,16.96340047325174,16.57594274382759,16.03011019613441
a066cd74-b704-4ad2-bd02-ac9c491e96c3,16.507753749303838,16.9916399669646,1.3633447665332383,14.272871226035988,24.71296481250039
b8fdb0a5-c9f8-4f7f-b87c-da0406d057fd,9.41076368608029,2.6727032101273562,25.901104920495683,6.659534729632325,10.970196699485413
ef6cf896-2642-4f20-9f6a-0f7488fab777,24.827092496576945,13.704279067757954,17.79768332145408,20.09597197196568,9.720802409463309
ab811556-8883-4bf5-9637-77072f80a7eb,2.8066736341636513,2.8962070778805047,16.446132683124013,13.398966310926607,8.67112848081203
7d694897-1fa4-4ece-a221-a4e0d5274902,3.131375496518267,4.7501297296561305,9.808296434874055,9.992922909479429,4.17685305804309
e031fe39-32be-477e-ade8-d0d2d7a6767e,18.290713235657144,26.1862929417945,5.61203584753906,8.296017982963338,24.350176862536866
78f831c2-cf27-46b8-979b-7b9249e830b5,6.414012630754918,29.428162011612915,16.37144861509154,28.057441458163147,24.975422173226132
97c17f4f-02b9-4c6e-8bc5-1a8d759d5f09,13.919125919359196,5.857693426467071,3.3878215098072024,14.001409875986463,39.10040002539987
897dc444-c4e2-4c46-a1d4-369a09639464,4.542408311980207,7.563479034262683,7.555238334394531,7.818263497893218,7.45640054455256
31ba4b4a-bd7e-4b05-9d6d-f3e46a273ccb,3.103982297268773,1.7880634070340005,5.43388641720724,4.709313360796454,3.1340217417919463
e276ca2b-eacf-4e51-9579-0ac6274504c3,20.110516288038284,11.470022109662821,23.646722622666488,9.910846227165496,20.168897649524595
27ae3e9f-7e8b-4f0b-840b-d454e2e001ce,28.39874185684151,11.557785385047243,27.854032113592858,20.320657003134315,28.17103006261232
853a7661-ad3a-4e32-beda-98655a6d05ce,1.8948019389890378,21.000243437349045,1.2440814358745218,1.4353744908424209,1.9514554156657622
d4840009-0090-4523-91c4-defa7b98b12b,35.85305735254849,39.75154266534312,0.9886510293273891,2.5659981007082373,7.597681105087956
acf77e61-7f4e-4bcf-8dc1-127e29130aa2,4.022716356435982,2.0507581341721886,6.134298746565493,4.8367451590501105,1.0141736377535135
640e5e1e-2acf-42eb-afbc-fdcf037eef4c,1.7617191923294613,15.873278269550546,20.48245909683743,3.1851419463629345,28.176946638865445
847fa3e1-0cad-4802-b4a9-140e1b1e6776,1.4526897092347468,1.0602664668278423,1.7311767376788834,3.4480275508986433,4.273370363724801
c459a16d-014b-4863-a3e8-f1efc83ba589,0.5240603521337909,1.6856114628846357,13.204064187508337,3.9404686065084307,3.479322840837124
31535712-0a78-46ee-8410-00db4a198402,2.0243993331058094,0.9599072515287004,16.940713994171766,7.113647399554539,6.378671120240134
4f525f58-bf26-4cae-a1bd-e6a99d31efd2,0.4698685672200598,2.631200582436934,30.431183127211966,3.682669906530111,22.599405638354263
4a07c5f8-033a-45ec-a888-d5f4640fd2e5,0.476312833245,3.5126152825369044,0.9323950398687879,3.639561125768176,3.5180938505470998
9e0b4b60-ef16-4ae9-b5b8-8e558aad17fa,0.45608939061299203,29.376313662885813,1.998352045003905,30.311508834131892,0.5968228297051126
625221b5-702a-4031-8326-e7ed16996cec,9.229685889649765,8.44917407334243,8.348449201434262,8.670123507988468,1.6489556742516451
ce214bd4-652c-493d-bd69-8762e5fca740,0.6033661353083473,0.4690785483053376,3.85859785106039,2.1793547634108728,1.3210042559056814
bb54dc66-5c2e-41a3-9fa6-d2b5765c1c3f,21.483499639599366,18.793479141874535,5.8781570976656115,18.944107201891484,25.875146760482423
f9e2ab80-9f49-4b8e-b730-3328c131525d,16.102623001967473,16.234659375147828,2.969926675177633,16.388839167784617,16.17272780671337
b25ada6e-31d2-4bf3-9023-2390b18ca476,22.0095227015091,2.4209951431214334,21.350772377341926,22.2630990860372,3.834029296493875
ec270104-01b9-4425-845b-90ecf85ad6b1,1.696414106965278,37.097575614475204,21.7573737126057,20.58918193444399,27.409365394557867
fded11c2-fcf9-4082-9799-e3ff514e0455,20.253340575623277,3.479487006861773,21.245066549868685,18.671305283775084,20.049013226899735
84c6840f-eca4-48c0-aaa1-3d3e21b894d5,15.761905176785485,16.589109982672234,8.928910106686121,10.663677274314244,18.611000165836845
0defb823-2e32-4d43-8b70-fd159c9d7321,17.733487723793083,18.806028430006634,23.515174364914504,20.844963426536836,3.6455140217609063
50c42957-d700-4ed7-92b2-7ae83d63fda8,21.53582992493904,7.636354201229805,9.397955864833499,18.923355965428218,18.153359423649555
cc33c517-8674-40be-b3cd-d77a294b6d7d,3.1550635075714855,3.9978622630519185,4.8425992296182105,3.949760355921584,3.9766380743995793
5b056104-5d2e-452e-9d68-6ce7658ffe23,3.659270339722809,2.636573313625528,2.440937684549846,2.5104275061134986,4.384685220213184
a964c786-d38f-41d0-ac11-f615551b9c9c,8.026390571127907,8.00871706506737,33.70908451993676,10.534091343920721,31.433704689973645
1b1bb1f9-f2e0-4e4c-969b-46778ff4aba2,35.01312313623331,33.35642859075904,11.062175389554643,8.068330305117378,10.490855990152111
f9c2a646-27bb-404a-84d4-a3bc3bc52a2e,11.986903621900781,10.62232935841392,18.569854626621492,3.1194692098898824,22.837725145742954
4081e2be-6324-4b48-ba3d-4c8660e14165,12.63720029372874,16.81101643686447,13.093840952831497,14.6685634228161,13.231787540736747
7113cb90-e6ab-407c-b45b-85f2c90c50fa,6.286194997800108,11.774888785697216,12.547964835117012,14.25935218449246,7.974511194628207
47b89738-67c9-4323-abcb-b8d20a9e7904,30.07823679360007,23.67608982540632,29.574212926570983,22.155272195137243,9.493066027404378
db5bead4-4131-467a-9bce-8bc4808ed5d2,13.328340310509304,44.284333837821194,13.854892169495717,15.387126292049622,15.74317025284742
a4263806-bd2a-4806-8053-66a46af6a900,9.844126353361291,9.679270696875271,33.453825705518284,2.6580569914173764,23.276454706453425
10d50e11-844a-4f39-8bba-d689814cabd2,1.9274131788161648,2.4119185490109327,2.519143375990269,1.6993270845303616,6.894762708154488
9029044d-b002-4a77-a777-7e026c147db8,0.6653117051050477,18.711900337208178,1.6081474673758023,19.33895185781721,21.53440985452285
80e42431-f756-4ae9-81ac-43a738e17b1b,2.7491588860233143,2.635655483156586,2.1105010346001416,5.95850322544579,4.67774700055118
5a9808a5-0160-4898-9f36-9556eea284fa,6.832732710850204,10.053676141848898,1.3345107996602108,0.7827992533142474,12.318401126545801
50ac6275-050b-451c-9485-1a0e08fc8c0b,1.847946055499229,6.712412938910131,1.7864387600409262,6.579941985128295,1.6307000433492487
04ae987b-12de-465c-bc0d-0428bd8c93ff,1.609901166978898,12.792277773790492,1.7471296161075642,22.209630364204532,4.004898306804115
b03c5b5f-def6-45c8-b77a-46037fd99bd4,12.550972890893235,7.949419154299136,6.894864147053564,2.8832706480796033,8.508532530952273
f6bd3772-ffae-4b24-9dd8-c418d89b255a,6.774495451257609,6.813134857557094,6.809066212539383,7.267489957042006,4.7583946244885835
2064a772-c336-41fa-ba5c-ca9cdf1632b4,6.863207099068593,6.808369817974581,7.1524826554111804,15.95639165379992,18.94939463899452
1e3cf5e2-521b-4b4f-a35c-7c978e825cd0,6.7446922781179826,6.8484139576985665,6.762683402474684,7.240977502906064,7.085441189567236
9ee75891-63a4-4410-9e4b-9cd30176993d,6.671435721930188,3.2139374075212293,1.0645192625731723,7.477384149206458,9.967634601966237
785a52af-68d2-461b-bd5a-5295803f9257,28.458290990693754,26.211593636427434,2.64435272620989,27.916705991846218,25.183405367360177
