674e7678-822a-48a0-b831-d75e8cf603f7,100.22537620136998,80.81028305313545,18.351932376632185,10.615699183331143,10.615699183331143
d602fee8-ef37-4fa5-9c6d-0aa3037fa94a,17.057994340827918,108.96813612581569,1.6902786364558708,1.6902786364558708,82.5550266296243
de9b6dcb-6285-4ba1-a093-b02481aba09e,59.856256466680605,3.5615333285337316,75.61483099969477,21.251437566003027,21.251437566003027
f14536d2-c462-49d5-8570-fa54c97b8fa3,1.5322162273000666,36.557915648077675,31.348342090189334,46.72878193763414,13.300158895706861
bdc59ce7-774c-4594-ae63-aacf6f4f7de4,4.452243683143657,1.7689452473592013,9.901990533574022,4.493803274801741,11.161841078277495
c23dc62b-78f1-438c-a2bb-3ebffaf026c4,9.577908402215572,36.377586533944424,76.91545215193938,79.36472790375623,79.36472790375623
8c30bef1-f0ee-49ef-99c5-1d003fd1ea94,3.731351042175205,34.24814508762596,20.93738570861629,4.66888797518824,59.84914274014656
9cf8508c-50ab-46a5-9fd7-51e6ab877429,27.0406463970482,9.085874393464596,41.325697063924146,41.325697063924146,15.487868707301393
27587d66-57b5-4f13-affb-065429df3ae0,13.574337614325087,15.480150927527575,7.514753035373812,7.036271412371352,50.157888024964905
06a882c8-482b-4388-9765-e2f1384519a2,48.577188030467205,48.577188030467205,20.435400047985063,15.04648836409849,13.266018632825212
02257ee0-0ad5-4af4-ab6b-10aed90f0f49,59.00793143416738,59.00793143416738,65.08703263432375,2.65440533357492,26.101255398876205
acadc200-2576-4a36-81af-2d22d954242b,28.025585893272847,28.025585893272847,2.8019443218304008,30.437687099403384,8.656484398166423
d08fe0dc-365e-4142-825b-3d80aa40e6fa,64.10144518336347,5.356044364917818,76.67133450324563,6.119600768895496,5.465410893728482
a804df66-6344-40c0-b2ad-2a601fe6d22b,68.92522217552273,62.19532255148958,7.803846713215046,76.6073079750702,3.268502593330191
12733af7-f741-4848-832d-07c6f8dbae1a,9.237327316349795,9.648054144348027,6.420462940614227,47.894040140057065,16.091150172155253
1543723d-755e-418f-b396-acca26813d1f,24.961177626899627,22.112511732273248,25.393343021687773,25.393343021687773,24.38627959229254
ab80128b-ec33-4ce7-aee6-eb3fa1178e9d,20.413414425350137,53.03077903667701,57.191008776568,20.183229536027902,54.7762947048254
195c2249-ac9d-4c53-b862-60541e1f78cd,43.796299454449965,21.265258960521138,100.85871761271923,33.924147195472145,6.610642587083832
18df12cf-ceb8-4ef7-979b-a0281be65852,88.93920988294377,30.578869653322663,21.72447794329175,76.46985685581167,44.65034856844859
22926e39-6999-4ec7-aa33-e857ac6e01eb,3.9117885998234794,25.509960574333885,25.509960574333885,18.378410044599583,28.635844936141297
41d8e02c-2a1a-4772-bac0-4f1b230fab45,34.43230912905337,30.85739469977416,30.85739469977416,54.50938029230188,56.09639900762961
def7bc49-e8d5-4a10-b3f8-6cfa2ad26132,35.87466791276066,56.64612210872187,58.134188173119526,32.87940724603075,32.87940724603075
415d33d6-9a1f-466e-aa70-0b8c4fcfb489,46.62880406421771,38.82486292387086,80.69890568749133,47.84628271982996,90.58050064528234
e1860204-ccf6-4391-ae30-7831fab45231,49.126079902460006,50.516679823720644,64.76512719649352,23.111907961249337,85.12793365992002
edcd5ec5-8d02-40dc-9e8d-b14670df7e0f,3.1325875891783053,31.66891630987271,15.804421284478558,9.57370185621303,26.864254117154168
9be6a90b-c04e-4fca-a52c-2c18a384d8e3,3.163534732739349,2.8997786831924874,58.43459835361276,54.786776280464274,59.69556073664318
e862de71-1d80-426d-a482-bf14084ea5eb,29.617316235531206,32.589441101053715,33.212489624407084,88.87546391242454,64.6929845036396
0085c8f1-397f-4f57-b2a6-e4611e26341b,5.368162401323607,30.496259504679912,9.032389169983468,9.032389169983468,51.61453428326343
d042c103-9c12-4998-a0f9-51ddeca541e3,4.724933905231902,7.772916119572198,30.92835321481516,68.20738508239684,57.12169737044044
77ea63e3-a6a1-4d1e-bdc7-d6a47292e0a5,3.316652731857346,53.11498864668296,59.0590826127106,29.129177568450373,49.95910276628679
bd19e9f4-4fa5-406d-a1a9-bb38b10632e1,4.013397229690086,60.59359562031148,25.97073756418961,30.739010247306968,7.972980524786762
7f53cc2c-06b0-4e28-bc6f-6052f31d4e4d,5.577091132480319,43.84890586924501,47.22560235511312,47.22560235511312,2.541768655308485
63e7acc1-b6b3-4d5d-b2f4-13d0021a4e67,2.5663815996787513,59.190578065750586,29.02873158879558,8.234057275706755,24.71935530242791
98ab6424-3b5d-4c32-b578-37369e2bc24b,3.6668270238131013,82.17413445553346,54.00895286802827,72.91062272908333,79.51326566132771
581c2213-a6b8-4274-9acd-1f3751e6bd33,3.0711338232716394,100.20265353248018,25.83895439736807,80.66740585404216,116.9702679807457
f2f9cd76-cb58-4121-be4a-c355072a44b4,7.608881535549373,3.5824418218500886,110.73387263482378,10.069880202603885,1.555215445156595
006d0ba1-8558-4b02-929c-80dcd89d45b6,90.59521994884257,90.59521994884257,91.51950370042655,30.352584447993568,80.45380910165086
7425ce37-1cdf-4811-8ae3-f4c06f0f8f18,56.21757372717089,39.26455308207141,48.42155581665022,59.94826044179497,48.091487281081726
c91bdb5f-f501-4693-b8a4-c27aec02302e,15.688856974638199,22.85777570519538,84.24203506973808,3.429522593799977,28.159118915183555
ad30da2d-bda5-4fcb-958a-76251c54af57,19.44053612589188,18.05497122666416,28.952429529334857,70.53591850698464,1.357485876453594
3a7ef1f0-7a3e-479e-b4ef-85fa4f1bd109,1.2845793727181478,1.9465003421557125,89.34965189798895,89.34965189798895,22.413904131461457
acd9882d-4444-42c2-b524-5521cc7f5ceb,1.5506864082304979,2.347904996569737,3.8852411038037924,3.8852411038037924,60.02358033599245
5613bec9-1d40-468b-9d14-9665b844cba9,104.78664409214815,7.486664121752744,26.85717333561546,102.66510160345861,15.164420213989233
e4fbff49-274b-4c07-8899-b2f459235477,1.8475025522259674,1.8475025522259674,34.43609262847308,30.688255264072392,34.11020076969386
7c74e521-71b8-4a54-a133-470b4996946a,27.274721384750446,6.932273666721362,23.70146627285023,23.70146627285023,25.18659981796082
41950ce9-b282-4d50-bfa7-5bd57dd77cdc,8.0606424398103,2.4217442933701063,2.4217442933701063,5.919832448810378,86.85143147777748
7fae64c4-86cd-4621-b583-5d78e1c98bbb,6.40528595306186,52.250472698687354,49.21190922876193,19.135927054413283,54.041498098316175
f0f7767a-d1d7-449a-b5d6-427bf11de193,8.720813073795565,12.245322047421652,12.245322047421652,65.2276389226939,65.2276389226939
38b460d9-c290-4bd0-8340-6914f02e37ac,5.533999359722171,23.190679667660945,19.750992916867467,19.750992916867467,29.579417578287995
313bc00c-a33a-4772-b4c3-b1b21ee66de3,6.308058724489575,85.3504208304912,30.000625031011406,85.29798520693032,86.92042086581466
e4e50511-6ffc-41e7-8cfd-4ecc16375fe6,5.263769604296008,5.263769604296008,16.468848826229642,8.94975795943261,39.40255473261534
e944e7e8-107c-47d8-8c6d-7e09d1973ecb,2.9969574270971595,2.7640497136297015,22.012898908060222,33.164764437445704,95.05043762946981
844c2865-f9a1-40e9-ac5c-a180853c3ca7,86.81151261170821,7.342755327759271,82.2189106043689,21.275195272807423,24.825292247442523
e3389a5c-086f-4544-82c4-d42afba2bcbc,54.9138346595141,67.54291559471098,38.98239082567259,31.248340436927037,98.11732905912471
be77586f-cfd6-4e46-8380-d83e54c6c96a,44.611080829689236,44.611080829689236,3.4043226083093407,38.081022387549126,57.81548462845578
80011225-8f41-4e8e-b358-067b055f0df1,3.978776351765946,96.03681303278088,90.41741376790259,74.20256685773113,94.76206178218742
6ffb591b-993e-4ada-82ce-9f01622e78b0,7.815680061876317,40.700546394157485,11.78150205793514,59.277281143452456,59.277281143452456
f73c5d48-27e9-4a1c-918f-d00f7911a2c1,35.83682005425331,15.695295259143432,72.29032117101018,89.41557886269435,70.23728707304974
7d4c7a6e-ab78-4d98-b9ed-9c55b72b8315,73.1567344832401,29.192262946723726,6.134386970406485,76.2030346020408,80.49231020017206
855773b8-a77a-4402-8c83-4061ec757534,4.088038790142974,17.644785646669256,96.71002022885496,12.566369074522822,5.6341759045952475
dca64739-22f4-4d3a-8700-404609424113,6.698826291569951,57.27056211186903,58.50071651988001,52.13297519105046,58.5666753398479
a4f964d8-8273-4aa3-98e9-fc77f517c70f,28.55912077133506,28.55912077133506,62.11613266984668,65.35612940395171,103.79482844931375
194b108e-ce4c-4936-8633-53d29946c54b,1.166981054569337,12.019775208575975,5.720757037118131,6.337041269213782,4.5970740691788885
1512e4fa-f485-4503-9e91-12048324b346,31.333752953710494,30.827598731744484,50.515300850270144,50.03866991526206,6.446914881474098
4fe74bb7-c5a4-432b-8cd4-232b4606813c,93.85918247682977,74.91164726786093,16.347959312453785,37.11235929939483,83.17529075381667
88f7e621-61a9-47d9-839f-6d4fbc8fc10b,99.08780428995786,4.774934906941208,81.10228196893628,32.71923945126858,32.71923945126858
643a6a45-b7bc-4a40-8ee9-48ad073ecba6,109.00033975759092,4.943932748327205,5.206320268108368,38.54017730416915,38.54017730416915
c174a258-eee9-4f5c-a62a-fb517926e0c2,10.49546990762819,5.377350808302497,121.10910299346676,125.59387651239956,117.23486647487147
67df2c89-7570-4626-a583-8e5498ee7530,6.94048678248203,87.2020341851233,83.20886747793253,83.20886747793253,37.60931628960655
398c952a-48da-4797-b7c6-5f9b5c49f8db,3.390696128827482,3.390696128827482,93.58346536766399,2.118125065163079,9.770607882925482
27284fa5-6c8f-4def-b07f-370bf6c20d1f,9.48184151452634,41.16761939730794,24.927631202825363,17.352747121157098,7.789532953927408
76a83a1b-1e56-4b1f-9f02-abc2a41d9f97,3.855395289063405,3.855395289063405,1.7009000012907336,85.81751551812336,25.59177344418172
f3d9f492-1f51-4e4d-a079-fb15923ee923,3.193224948352853,3.193224948352853,1.8181495807183372,1.8181495807183372,4.644059891219974
fb0136a7-e500-416f-ac70-e849c523128c,2.923277469986972,4.044746274308012,5.570123077649414,31.906828848262904,4.687850772035622
e4cc3371-de08-4b6a-b78f-caa6c67a5804,50.14192961100568,62.900077233161745,46.00908357715915,30.641496958037443,30.641496958037443
281c0dc0-1171-4293-b5ee-eda25930fcbf,4.275319920517259,4.1873053637984805,85.48857961247445,4.797231571593903,7.517317343718252
b151966b-29ec-44b0-802b-ff244da0d669,102.78855077159506,4.411921001128364,94.2120094343026,99.68858988032078,2.2505572429586125
527bab52-44a8-4c54-9b7c-83f8c1fb73ad,98.78954145930454,6.342489710224239,110.74757059262468,119.45844034545453,119.45844034545453
e030a2f7-4cc6-46de-acd2-58702d085f18,4.666455966676492,1.9382530996288097,3.3538498656005253,110.40604980679056,114.4293579219593
12dd4faa-12ae-475e-a0e8-eb2220adaf54,8.912669787121915,29.63140663428635,41.198953628733896,35.43479565722297,44.87167795482398
08d7516a-8c63-44ce-9b45-fd0932199fda,17.650751375382214,17.650751375382214,8.049299262450972,20.174695832389485,4.418882629945997
d77bf127-7b09-4dce-8602-1034bc739d9e,1.6457577740825138,3.017171077249393,41.34727049448689,29.079392860164763,8.320372600068266
7f06ad9f-10cc-4f25-9441-4773df4591f2,72.79433556881163,67.73999196093399,23.93808169112468,66.1827183393814,65.57080697833699
2df98c1e-8c2d-4fe7-90aa-99ed61a96790,3.2827844724915565,85.54036320190257,25.11267498003958,25.11267498003958,47.24881333976078
30bcb9d5-03f6-4956-8c18-59bb1c09f184,2.1118102296306698,13.990099891320124,67.86277547632773,8.565388798458002,2.6390631194231413
322b5186-a38e-44cc-9f50-6ed705ae3d96,91.11539284766742,30.07029210986549,25.22950976493686,3.6910758573077156,4.093428532614862
3ed84a8c-978a-497f-a70a-1308987d160d,1.9353462737923304,3.30073035854314,3.9260890731765916,3.9260890731765916,30.17031886876262
f8da8553-dc61-4dfb-80d8-9fada4015a20,1.6634833153138389,60.54311158820723,9.558735558699855,83.31722431344035,89.09414662979881
e7b1c927-104c-4d25-8ff7-21afcad65072,31.537474154682215,37.001845215222595,2.079552312568029,7.022114336730333,32.881474913325206
d70a8a79-15eb-425f-b584-7039f9c7b3f6,34.99013019968584,34.22116270643473,34.22116270643473,33.97590722617208,34.960647242965926
a15588d7-8c9d-4775-9d21-f468bfa04c26,38.381592225439846,5.269366602887411,10.751627738252354,2.0593446285999217,2.470044877063712
08deb49d-f1d8-4821-b106-97c11a544f10,5.704379650607937,9.993556663305297,27.715704997229363,31.14010804630269,88.0043945480622
40cc806c-09ae-416b-854a-650c3fb43505,29.69675282813536,29.69675282813536,85.30249434317564,85.14664321126347,31.041018529877366
2c971f66-b6e2-4f8e-8c14-3472b66d62b0,0.6818766558815674,0.9353008336360267,12.050492739551647,26.600536811762726,14.268989834226918
569fdf8d-2685-4af6-9065-e89d48600816,3.6552279038324826,2.6910868117568327,88.39290622854546,81.48932995339723,98.21445968394566
10b3ba31-ab4d-4edb-afc1-d7b53778026e,31.638634874841983,31.638634874841983,8.762637316302817,19.67472501592779,57.64338419240917
1eb61714-df9b-48e9-9b53-68064c409da5,2.1110234568260124,4.324392697265733,50.0916432682998,62.22436360282675,56.976240731399855
e4ae8ef0-dc69-4e57-92d9-59eaf4a4c356,4.2743557621535295,61.48908749931277,66.46770127537091,66.46770127537091,82.52276431613102
e3d2a24b-9df8-49f1-9250-a0400b3af603,103.16821529688346,105.1326015067919,41.690472932042724,92.30617080277494,90.31493519574009
4b6412ad-4038-45d2-9ba4-07cc11c09d32,12.36491204899205,12.63185425737823,12.642914877031394,12.595052450419162,99.33138809391704
bcc99961-29a9-48f2-a9a6-630d4497ad4f,13.066432267971924,84.26549424323676,28.373874911111333,62.10020149335324,72.5787435117022
0478fff8-e801-447b-b976-7b8446d7b77a,77.58923941944875,109.91207245024965,109.91207245024965,84.44571336547813,61.76586356319614
459675dd-7a74-4510-bbd3-fc36abbead46,44.77990549719679,59.223799779354685,59.223799779354685,57.150434438376294,61.95040960020628
c51a779e-d05e-47c9-8a4a-ca39713799c6,59.48330952182969,59.48330952182969,62.21400540190202,36.205254617805195,44.81297230190241
0d870392-c452-44e2-a63e-2a2d47f5affa,101.0698618450246,8.817834353109014,11.226439078217384,20.684071042331357,6.209026171903114
8bd1bfce-5186-4e70-820b-8f4078eb3f89,7.94028379071902,34.74344358648845,42.75031642316532,10.727150536683826,10.727150536683826
fc0ed8e2-c787-4e51-b1e9-387f546b0172,6.879124347813401,42.34432307195711,106.91756496417402,100.74206465971929,7.633630742142897
991b2790-7a4b-40dc-9b8a-bdc5e8cb0373,26.343143199730303,25.264138897141546,38.6980253456871,34.21611558251343,31.021458378678446
551db450-1838-4a9f-912d-51011c57cff2,29.69731650597498,48.0035115222441,16.812159616845502,17.728063657948766,71.12386808545017
e80a3eac-fadd-4585-8f22-b47018309484,26.4719616810417,30.57449377117046,101.05695669423265,20.923734840851793,83.37704789590614
f46b4226-ceba-4b91-bcbd-f84453ea84c2,53.22492835134724,30.956776726152942,72.8289522879939,23.416179863817252,36.33025496136744
f7993666-b7b3-480d-ae49-c1c68474795c,82.46754500893958,104.84529018518742,24.509948874792357,83.85308883887151,19.137443684557965
32039e23-74d5-4769-82ea-f59024324efd,6.056136131263502,87.37871869142212,22.017354369044575,22.017354369044575,19.69714858366391
5554591d-065d-4124-b7b2-3177f17898a3,34.16367781806518,67.23745855744211,16.666510877725035,16.666510877725035,99.34343714356132
c7f0861a-667b-42f2-bebe-10a876116343,9.514961814755717,7.522845555717866,4.045219127692528,9.817545338633025,6.653427927419981
c894bb0c-5427-4d02-b2ec-bcd80f4e753d,11.436248168369314,24.15573353090518,15.692284531811165,23.523570986638656,7.057577456493499
46b76759-f3c7-4838-a187-a455d9ebdd3c,31.919182072278137,35.215390062957994,35.215390062957994,5.002250013892524,32.03791929052923
a9d0cabc-acbc-4526-a1b8-0ea85142b8d7,12.736568498187061,65.97443881462641,65.97443881462641,49.81883638365945,32.52543846772387
f0ec5e4f-240b-463d-bfc2-c72798778ef9,10.517412701462693,13.833317977607171,85.47528089092934,36.051665405781804,66.29090910517816
9df809cd-384b-41c0-9a1f-3d4820b1c6cd,29.814129287096975,12.660703021869503,12.660703021869503,48.45465921334326,30.10390805912331
cd6ad1bc-809c-40bc-bc96-189d6e859a02,27.95660758103245,27.95660758103245,26.414341156228385,3.903846468865349,11.099112414904926
ee0b059c-a677-46f6-b171-c2d32e3955b3,3.32825880348125,7.4262173935589475,90.02303392117184,83.31876861816936,81.39145355593712
5686ebc5-3ee5-473f-aead-a6d3628f275f,3.7302274913681157,2.104827455055637,20.8049481149205,12.503948917525031,70.74207015517226
7ad1e937-9c2f-42d8-a6dd-4d253af0d37f,3.423585225224384,53.070294487516406,77.58737883107086,80.78138701777581,82.21105876228965
e552d84d-fe68-4158-8d4d-139fca73c02b,2.7196908893236342,32.98004362868766,5.565669464740747,3.1367647370953415,7.382473860960613
cd1e3eaf-345f-4728-9888-74664683dcef,6.052711443030583,51.62036537236716,1.4828156339700944,96.09857946668063,11.340785337285583
9a71f826-66d5-4ad8-ab50-e822058b5c73,4.483158766299473,55.44146127326458,55.44146127326458,53.933443996987926,45.05442100985593
5eb097ed-518b-4f10-bd83-c880b2646354,4.549302354874823,98.68474593814106,98.59715655942499,96.41345795815552,55.63165273188337
03435fb8-7054-4326-b4dc-30658c014b8f,6.419096724688004,7.64126681391165,87.56851627647687,87.56851627647687,59.41503913309533
10050fdd-7f22-48b7-a3a2-c4f0927cb880,54.35393138397271,64.10761967905611,31.22361941193234,28.748706958100392,32.54483076027078
f8b06e41-6b02-4b23-bef5-51946e82b2b3,3.5638604670804286,19.6005316607187,18.077899826721083,38.96696442117678,38.96696442117678
2e6344ab-6223-46c1-9f74-33ad50f2e112,2.0154074113324607,56.203672072509235,3.1349727087416555,89.37835152130513,26.016004670782888
95cac9d2-8c44-4629-85e7-b09a55c44895,7.950058258768679,83.03300445881952,6.2724828762116625,3.17225922144032,8.121651270950412
8444404e-b3d0-4df8-ae6d-4bf39d8453e2,4.930253483399854,4.930253483399854,89.27547957242535,76.61592857490335,4.723067977348751
fcee445c-0a78-402c-9e68-d347883d571e,76.39646467242173,54.09437762563512,49.8027543459799,51.57550954100345,29.283584107908272
7271c4d1-44b6-4b10-b025-45647715d9c0,51.38842835201152,41.193079751393796,1.6827151802490932,30.867362486208368,21.78349453858482
c1a8279c-323c-4cc1-bd0a-c3a5d56f3a28,43.6366539947826,12.417752398452583,68.33633616396914,41.631010791650645,45.95182330605638
1a7a2a90-7e53-4f41-aee6-a1fda0d15dd6,60.13422804722761,8.267271786310783,3.8406905532307847,1.531064448554086,6.40713749755864
9ceaa3e0-ed14-427c-90c9-0aaf274b27dd,2.7156362615506864,51.43199358859013,43.10198116590814,11.487553385285336,71.14522407247254
d4d9f396-c665-452e-bce4-11ae69caee6f,26.940599321572662,2.687644404951101,27.07461849897049,71.1277027956406,36.80720509116775
09274ec1-c3f3-4da2-964d-186232ce1c82,46.117604284603985,80.05651500275306,38.4417786412754,47.329185189841226,60.59300785842648
481f86c9-e62f-4840-8762-ab6a4da13c9b,56.88705035075242,36.103885780925154,33.16693947403908,33.16693947403908,58.38016242958927
8d084609-d0c0-4e18-9934-879b581eb5dd,30.545785178731204,30.545785178731204,34.20159917002241,54.30620611293421,55.70862145152289
99c1596e-c35e-4046-bf0d-2f6685b93213,49.73280256540798,23.35274646838985,51.12787958952162,38.5305256271725,85.79263132033495
a70909a7-ad8b-4885-b8c5-676172d43222,22.07032286443548,16.443889415076892,17.09219908548922,12.860835016461227,11.922058603615902
060a820f-6f14-4809-8c26-37ff6616f08a,4.861359679409997,4.785998939307503,43.86348650305825,4.192257556265252,6.820870716512279
d593a190-7dba-4c66-8a4e-5a0856c922b8,55.4758088831384,61.78154960622906,33.49381545410487,33.49381545410487,15.190428518250844
48954cb7-2c52-4813-b1df-42102291290c,55.72833206691614,43.91692572767838,61.883544764154905,53.203234964378886,58.64113761959115
55f5732d-3179-465a-be4c-1f7fb6fe0fb7,86.84610923362456,31.843284053989418,83.32896232636742,70.2169013475259,82.81648070489565
ed959c28-43d1-4a72-997a-9de50235074e,74.28167864908693,9.943106136938898,10.049425976273547,33.14272162807506,11.868961551296822
c2ccd5b0-b852-4a38-84b6-0fe5c2bf9657,69.21468901272661,38.538218149814625,73.49317575749672,55.551926284735345,40.76115629260871
fa53bf1f-6373-462a-a5da-7feab4a3c5d0,7.526689950779127,7.526689950779127,35.28497399245408,48.721231377522685,5.02548065603244
d5dcb1a6-077d-413c-ac5b-fcde5de77207,62.25972133617906,36.82833688774832,45.16137397719122,59.55804495343984,59.55804495343984
6b81df1c-d94a-4c0c-8fdd-41d3a3971752,81.39223109599604,44.04149435755046,34.06215589707788,3.8322165049609294,3.8322165049609294
048af50b-b4ee-4884-9f1a-1e87d616da9e,6.27702629142213,16.61744325204614,50.1314526858822,4.209711232931084,8.036991319259533
9b30d8a2-93f6-45d6-85c4-9eb0a3412f7e,5.709137534540282,4.673963348081481,8.243127482047088,11.140496335494067,39.5387935106129
525999b2-59d8-451d-9c83-d6f313e565ae,2.602981214227593,24.297779262151643,21.97778451018118,4.192267844847504,63.294021031647425
ce153062-05b5-4687-91c3-887c48223289,31.496902753446033,15.87364137911135,41.27698201970763,46.73801103240933,28.488744584197175
a8b396a2-8964-4257-ba61-0b1b5dab2817,8.942370407069289,14.113504110189247,24.49313854541463,25.855738949450046,25.855738949450046
38586d63-b83f-4d96-9328-612df26a6b4b,3.866505905050725,59.415387374761295,55.30740782930099,6.759328867205275,35.27715910888102
ce761c1c-ae95-4c92-95cb-4870751b1766,55.3139142074026,92.50101502114953,20.192189885741804,20.192189885741804,30.182590289566416
64b75d1b-1c09-4c80-868d-2c6ea2c79a8c,101.74251320521442,1.4330466223163432,98.69456179904314,10.887145540252043,68.82855623408088
f857643c-cd0c-4370-9d4b-887c84cda82d,2.173899046893361,120.9612127453994,124.52224763685724,81.60254187749649,101.13774633591356
b172302a-d13e-4445-b3a8-414dec413cc4,105.84902227571212,8.086377445193468,106.27177484127701,3.38107387550867,2.631408745684466
1eda8978-cdca-4d38-8707-b9dbc66f4597,62.25933845187332,66.61742275199288,88.04918866425018,91.79358209739411,63.494245673624334
b093a8dd-81b5-4e85-80f4-795601028a28,67.0042108506088,5.944818984076826,8.961278528836107,55.91929410627197,29.732871878862994
c0aeb0cf-f130-4683-b325-81e44f549843,0.9914617874485664,37.8968505946128,112.38268216258697,66.29961590096867,104.26494114126282
2aa19969-94fa-4319-8173-f1e6a4c9ce31,82.79821753646311,110.9657689594811,95.07267010950767,71.11741248989017,57.74655290404073
81a2a79f-f918-4836-8e20-06030296c07d,5.347726860504338,110.02849764695235,115.92429687428674,115.92429687428674,113.49961205704255
f82d3e09-6cff-442e-b041-58d1c16716a5,27.384971488317543,27.384971488317543,89.88881677993639,92.44189834555509,93.4291772296772
923b69d9-f41d-423a-a3f1-63c5f0ed138e,7.411584591849296,35.51240764575034,78.76198767931713,7.534239230088879,7.534239230088879
bb7c5dd7-4a4e-4d8d-b1eb-76c9a9479dd2,19.842910119591764,19.842910119591764,15.580489385218925,19.80292411360149,10.030674683772837
fc6b48fd-ed2a-4856-a52e-1bf1ca40b3c8,12.188600036100238,12.117934438398315,40.77932341235016,6.3455214686521995,4.935473056944293
c2016157-9fbc-4008-b3ba-868cd503049d,44.79254118380711,5.690756402478943,39.02703011189789,45.89693276034924,61.466478440080756
99db09e7-f021-4a32-90be-b593e611f8b4,114.98641601309284,6.311766179330445,110.43767490165875,110.43767490165875,92.68683437596825
668c7d48-c57c-4e25-8112-30aaf8314ac6,100.76822028708173,9.245853039192319,1.466539030700727,98.92453335103289,111.83861895825368
f171fe70-210a-4a7f-a60d-d5e1d1fa4ef7,101.39556120856126,5.150743544892986,47.402590294603236,47.84203725932701,46.262132432241415
7b4f59c2-460d-4d7d-af97-d8ba288b1852,111.69913802513234,14.519374485213167,99.03616093993669,95.36377710502293,13.323314645940181
560407e8-d0fd-4ef8-9327-1b5207a1d525,56.88523200015331,4.172014566095924,3.1562206833752686,49.74656090445829,3.05702911014238
ac1ebb93-9ed7-43a5-a6f9-f6fea2307004,36.099755878725794,35.37012571220836,35.78480114659707,53.01276524826872,41.526619006406435
3704a6d9-f9c9-403e-8a58-a183d5240dd0,3.9563837838856073,26.905546631141387,26.805322164312937,4.462591780430659,48.671320277873875
6a5affa3-f108-49c5-869b-8947683eecba,25.11440671773141,5.739768680892258,33.684079865311,35.45691583390492,5.914419235997819
59eec611-2d90-4153-b529-f5d9a5e869e0,27.660305017912233,92.87018832800506,39.665042796507294,54.94729223805026,95.08499627331004
fe064ecd-e831-4dd0-b3dc-1986262184a0,8.984221684904544,8.984221684904544,117.43534649993394,115.58782424224866,115.58782424224866
44f5a2d4-b8a9-45a7-88c0-a6e10e053ef4,4.997553890659377,4.997553890659377,107.48142324547196,4.904742552957924,10.61239662857332
3f5a8c57-15f0-4091-b5e9-db3586ea2450,59.880745110495916,12.11205814100289,5.266673612943339,5.266673612943339,100.2117750701259
de03b39e-8da9-405a-b101-9065a555883d,92.37117124057966,1.8558359329746008,54.33183956936613,52.06372395341874,37.212146482476655
e79cce33-bf1d-4283-9a39-0015a38876c7,42.18545277814038,96.82793237941114,55.353093921347956,10.073637699983268,4.935115701588834
165a4aca-d516-4650-8979-1e47d196eda3,36.117868634452236,58.38609558801853,33.19320221649735,33.19320221649735,56.89256748461003
20eb66a5-61f2-4015-8d19-efb4c5852b0c,21.4087777486281,86.26439405488043,42.26703802209406,89.83176565601927,22.897771947759722
5255dbb6-33b4-400a-97fd-8d035961349f,92.80302688312884,27.452442178330568,57.49441783722397,94.99113822582838,83.89989775824499
78377cd3-f8fa-4c3a-bfb1-6e963fd76b93,116.64025425573956,8.056029818464799,8.056029818464799,44.45361237742414,114.79196268274455
5cfc649e-bf8e-473f-8533-5bedf4c91ac7,4.399905628126548,3.482039111934291,6.081979548162385,9.214686622047925,42.36097735292839
1358598f-de33-4538-9b07-d37985af29d3,4.353257108493763,4.353257108493763,25.722134242047815,83.31921123156742,2.8868605305070427
7a0ff304-75d8-42ab-85cb-9309af462715,33.3326226566461,26.21080895560595,15.999785372386004,19.706716588336896,88.04612603898323
114be904-e952-485f-918d-fddccae05b7a,16.382979579915382,19.45163053903318,21.654766327191645,21.654766327191645,7.831061446683036
ef5ba114-325c-4de4-beb6-242ecf36f95d,22.507156296776774,19.230914197386472,21.13597771994932,19.46256914683176,34.82257170451239
90d72c66-9eb7-4cfa-acc7-f5acc82b743f,6.95750679942475,9.28865185493524,31.26367270697314,24.637642837533328,20.897558639997772
19b26b24-f5a7-4a2d-a961-07cf94334f1d,6.817755558554061,25.270454867279422,1.7298956255847702,6.657697901298441,6.606152837420755
38a992e0-3ec7-4b5e-bacb-0af9b3ea6706,1.7223680300800794,101.4231162708626,98.73038540257141,100.11378608279173,21.231966249304033
aee81cd8-3e45-4a05-8461-da26185f8377,0.9428338440348378,2.4206508782240443,2.4206508782240443,3.6020016720339187,3.6020016720339187
a4204c39-cf84-40fc-9cad-e7521b1c50f9,25.244325835879536,25.244325835879536,16.92574156641513,28.28660689361118,111.87427789444854
88980891-73de-48dd-8939-138802ff5c8a,76.2452552993473,53.83484080444634,96.36410386794914,91.47054054569907,49.506748589952174
0fa554d4-2450-475d-8e5d-618288502f70,70.54057439228906,52.653933096791974,3.5563749952281274,6.698358973820593,65.7436162745793
2c5a0749-f8b1-4f44-a63b-6b981e1b62a1,5.742434431605219,84.3033241787253,102.1487880923413,5.616289775591437,21.60664935992893
5299f262-163c-4c46-b214-31a7ba96a61b,2.996248999381724,2.7956776127266676,8.015540838035335,10.667711050425755,68.5725671112459
fd7ba249-8cd5-4516-8b88-dd7694d8bef0,6.408394845843387,3.5157105703940705,3.5157105703940705,23.358987864423852,5.5191120655780015
27667066-87bb-419f-9548-d3965f813a76,23.65828913465186,7.677744053614365,1.6392350431230633,20.358055181829304,20.358055181829304
a338705f-7821-451f-a353-a312f27671d2,8.130221958058439,7.482415347660237,27.55751276969327,18.46759542938625,20.379629857914377
6dc0bb70-27b1-4513-8b04-149db03de998,4.970835847242531,4.970835847242531,7.311184704607132,5.713626798417141,19.65334506855487
61ad0683-5d8b-433a-ab55-5443abeae13d,4.293286436027735,10.511277927314982,23.52281603312737,4.91121274860095,31.079841995904467
26b9a789-d0a3-4085-a60b-af3f6dfdb2d7,60.511548382167454,8.865738756642129,95.40566924546471,95.40566924546471,39.0918864389759
b992fbf7-e505-4697-a177-f3aa8f3dbf1f,18.49923815791195,35.309958771874506,33.592311808681366,26.78565273354008,59.836853300530535
792b7c91-3619-4721-a6de-c6b61cdd90a0,31.11440069713727,16.401583815846266,46.90148024046246,20.178693492978656,7.084435971519293
0ac5ba01-3a1b-4ef0-9bc9-06e6a56b5bbe,62.79217046053827,46.37821874936941,45.62355511690164,8.407748322498517,8.422445378015926
7e086c75-8171-46cf-a8ff-fd9d7549cda5,24.84930456763371,38.64684573568259,28.67629397562532,41.4863179957622,3.490584266499817
89e1e55c-7b5c-490e-8e6d-987b582d88b5,97.45087181399343,110.09519253750496,21.352969775408507,29.041229999804138,29.041229999804138
69d5432c-96d8-4c21-84ca-80854bdba2d9,1.7743888349032029,4.9793633533245485,93.33708932072446,4.18529855773586,4.18529855773586
37932bac-7590-4b40-b25b-c350098d01bc,4.859566126027804,4.859566126027804,22.833711764268433,3.2206881352057017,3.2206881352057017
902fb475-294d-42ec-a5e4-1070de75c90c,24.519227142910704,36.70899562408925,83.28293392111813,4.264169797411566,92.84442506321946
774c8046-852e-4577-8a9f-2091186882ad,24.2126433407883,58.53638755594089,4.109708996295336,29.952894851101963,23.56912946003547
8af2ded4-ae95-4d4c-a920-b85d9579b265,17.268276755358194,17.268276755358194,21.397046428276163,22.537503459854552,68.87729469733104
596211e8-33bf-495f-8acc-f2e40850ca89,46.54724344581163,59.109464983980914,3.271644952412487,69.65740952677487,45.84248129083248
167bc7a4-9fdd-4b18-924f-de9d5bad95ee,24.940884345196118,7.22940411119969,61.72763023801707,3.157433448196163,25.808986567559113
577b1bdc-533c-4a87-9546-f379fba0ad9b,41.38330195054301,41.38330195054301,6.743686161476523,3.075329104007253,42.94683728006463
ef2fee17-91b2-4d7a-8909-405d16936399,20.108334339903017,18.667249570892082,18.667249570892082,20.86809600221781,23.819194813272425
6269e047-eb10-40a9-8163-727fd5e92cd7,5.344373893756165,19.235001586968462,12.827493807353035,12.202439134759722,15.209331195041473
82cbe427-7b88-495d-9e7a-6e319c3cf2c9,26.182946938703818,6.641203412887517,7.683703885895073,9.748946194644558,15.01503179777264
7b017ef6-3415-4bc4-874c-2abf40fdd8cf,58.768349433919305,56.448523697168014,43.94795877271493,38.855052067286096,56.93952220386824
c08b0e62-0922-4820-9282-3b10e126bda7,59.36522989067466,59.36522989067466,39.80718702688487,62.05155014510394,58.7213994814409
5f1374c5-899f-4b98-8d38-512ae16386c6,40.45518549220892,41.9442493422856,41.9442493422856,4.309349392817762,40.848735490994116
4574b15e-a025-4548-8350-bbf95a218b23,3.5416973392776283,2.3187857690598,9.076002792751806,50.804155715775906,44.05358361694718
25c1a7be-bbd0-450a-9eef-42103d5f5d94,69.49728111132755,5.678266142224559,3.1634195058933146,3.5915595260491706,2.9892899590660864
bf7657d5-0c7e-4e3c-9fd6-d53b529c0074,2.3872324213162655,76.28679410794804,76.86538039790541,58.7707586917783,85.24911149101158
b3b775c9-db59-47f3-9f74-21aa715ca5dd,58.961663952585205,1.7108229574627563,56.976678600710756,56.976678600710756,61.231532389415406
c923df13-05bc-4b5e-a24f-57d0accc5f12,34.8325514837973,84.24110408969662,57.98289809391339,16.89563190867623,41.32158395126533
f25ec3ee-5d04-41a4-b8b4-6f459ecf0078,4.554184257545687,4.554184257545687,46.34752876456915,33.64911892798558,33.78285271079558
52a5cb88-be6e-4d46-9744-05560105aa03,101.14679186985424,103.25579362212267,44.99084483647905,62.728022390448494,76.44332321195584
6d15c821-d765-4e87-b410-580d4afd78aa,39.640623749564206,63.27798023258196,0.7326743858208059,46.541851392849686,60.62456632386975
db1d27ab-e199-4326-a613-7ee0a41706c5,39.2469239698445,23.681622928183643,51.91593171414694,50.51285684109198,86.65206666464933
f8e9ab3b-40c2-4aac-a953-5d10088294b3,36.37192892792658,33.50773854982101,33.50773854982101,58.64747878840694,61.032856297830165
6e5e78d5-8f2f-4026-924e-ab8868d10241,15.175055048956711,16.274855517500153,33.28677937006462,27.266801972844732,43.59457201942196
e4a61582-65f9-4832-b23d-3c300c08c5bb,30.097420884298945,30.097420884298945,33.860506811721386,53.736666676321654,53.62284566203522
b31eb4be-20af-408c-8273-ce877173b72c,5.258405029456745,101.38087335206914,25.41072422248937,99.83759312126047,8.403962715310051
821e84af-5a4f-4915-b72c-3704df15de5a,4.1837385294822536,72.04006893171369,98.72820326731281,94.20085475626853,90.32697172257838
43faac52-27b1-407c-beff-5b4bd8d90965,75.82877304335818,98.58152921234145,88.50758778676415,121.34686181397194,99.13192334854551
474f0945-6ec9-4f08-89ea-5e6affab9ec8,31.66913715283749,33.954687980953786,6.055572426313043,4.419412895469751,4.419412895469751
4876793c-b292-4b20-95ee-7ad7cd3d1aa7,74.79133312817854,74.11611745705302,75.60519270694984,3.8720201454018413,52.3553439032206
904e17ca-8529-47c5-96b6-36ad00da12f7,4.208823059454002,44.32804342695899,43.52275966520796,81.41154048627654,11.712594755272402
fd0370e7-11c6-4a07-b766-7378bda7158f,3.6807150732555702,8.499682099667524,61.237342225607335,84.38248253199258,52.63798274141647
c2bcd0e9-c24e-436f-b811-687a64067a06,3.9267397852330963,15.337458370573327,52.856507775230696,5.098588322249023,20.243652563354296
5757ab9f-13ab-4a9d-92e9-542f34e3beac,30.181950196760344,5.883157858712468,1.8970654695791365,1.8970654695791365,1.7183985319013209
ed4f91e5-a9b6-4a2c-ae3f-0b2a6fe77433,55.82546661641091,4.498679762601744,18.410113932944586,8.04930419639808,17.01324955484666
ef9d7847-b2ea-47bb-8f75-2cc949b3f986,30.70101407824809,12.739309876749669,18.35369945833471,18.35369945833471,58.432103624756735
fedb690e-09d4-4d63-9ea5-cf8ab78a9884,44.447119696018596,46.077816205975836,8.425700151839287,26.408540171566838,87.0417844632794
a1c5f874-02f2-4a37-9682-390b84e94b12,58.59882780103554,16.612400689710757,21.533524492136756,62.95677666429885,62.95677666429885
19789d13-436e-4190-8391-3bed3f37d47e,27.622894361035325,55.66381249617893,29.810749514306803,55.654522868837056,57.65052418232961
2640b9be-1d94-4857-a490-2ba893374998,8.793932925075882,39.552942846714544,12.646089409940576,10.29961009042288,58.192550204121105
e233cb89-bea5-4b3e-8187-7743cf9dd1ee,30.455088616002445,63.2375648425071,16.070805982245535,74.7558982946894,71.71009155362916
6feb6edf-783c-44c8-ac85-24ee7948fd4a,1.0809338148197936,1.0809338148197936,25.828636731134747,33.83603796134526,34.03094751672626
f1223cbb-3748-4bab-8cec-4892d554ba15,68.71616324729663,123.82048649049266,83.38803969707298,69.74881576677437,118.91905690272853
d4a0c630-1772-4cce-8a09-8323efdefcec,103.33872505580288,2.8512531180115674,2.8512531180115674,102.82547919853421,102.82547919853421
afa4c1cf-d640-4ccc-89b8-d1649b57b322,4.24810683872903,1.346836885662165,5.8024978727228085,6.069462208618416,11.47681093042923
2a4133cb-329f-415c-9316-ffb31e3f8751,66.76335760566737,66.76335760566737,87.92809777352431,87.92809777352431,17.151359261811262
e788d871-dae7-40ae-9973-88145b3e82ba,9.332422229432405,85.30044145861142,85.43066195742354,33.07519752217893,48.796275052330635
ab0ef5ea-0f6b-4fbb-8925-f0df4d201258,17.455794146043072,18.401133486035835,10.803885537724193,12.669349369865978,12.29582873482904
60bea00b-0595-49ad-a988-1bfce2b2f758,16.033050181355406,48.41495446774022,15.475843211461454,3.6481270968824435,5.918112804059223
672fe1cf-21d7-46a9-bd76-cc7dc5aa9515,19.84403732482393,24.954668909729907,9.432215991624664,16.30813593916711,16.566424209124676
031ceb66-50b7-4bee-a11c-726075a35479,34.293207379250155,33.03726517097335,34.384448369394505,36.15044698573051,4.79507588555803
6ecc806f-487f-4cd9-bb98-481b14316250,15.151975816562908,11.534631474743405,11.534631474743405,10.635043352673117,33.449651635696256
58873406-3ba6-4542-8e82-dce65dbdc71e,12.25167157599858,3.639934390693897,5.085598035683035,8.866946873607674,7.558970974398906
edc2c25b-26ca-4865-8bb3-5c03e1f7626a,3.010370495295664,32.050750891417486,37.10828558655092,3.938216703480581,40.87755468445582
60b347f6-5a8e-4df2-897a-19fb56e66cc6,2.7206312318726065,1.860718922106828,58.778431831382676,54.845089428726354,52.98491000050716
ec570106-a4d8-4bf8-9bbf-aedb5d20e476,62.530320404840076,56.76716062733132,55.90043601849492,59.912793377661785,7.226741567808667
fad90899-856c-421b-a0e1-193351d5a617,55.63842118097121,55.63842118097121,19.367157566552105,22.38951402468799,67.04689446148718
19fe2c36-f587-4903-a072-eb61b72c87d3,4.774100165268295,5.34482565561457,40.93487891728272,29.440123471894253,6.762507649351637
1a6cec0f-ba39-45d3-a13a-8f0799866bd1,48.92510425810549,18.120987733263146,8.594578260177562,14.006118822125085,4.832028491460221
14fe95cf-4892-4db1-b487-377dcfd117b4,36.03021941711083,37.77036534247539,54.378779982517024,11.37618396408311,27.40650737705406
d23e4492-b791-466e-b9e1-9a81ab685e01,19.73162360882187,34.90620186451905,43.49914080385341,28.65930309465107,28.65930309465107
3b5e9979-af92-4523-93b0-201f915d66cc,18.797533709263806,5.036054104590936,22.49763803078157,58.1331690143792,34.34467765199449
d8081497-adc8-4477-90cd-c9e9c5f2fc85,1.4846201821758986,4.453347579471318,112.22893794975421,116.38028458574807,25.534552581970583
26a0cc57-0db5-422f-99a4-196e5e64ac09,89.99049643664752,15.21774847445996,85.6817365175722,85.6817365175722,89.67996879392774
569d31f4-4eb5-4e3d-a8c7-2c615b2432e5,1.4754060582203405,66.24302250093551,64.41634341946589,92.15294829357316,95.88577537668858
5f8313df-9529-4b83-af7f-2721f5d8c2c5,3.3935562168802766,3.3935562168802766,1.3500856708255762,1.3500856708255762,4.445041517141188
31debb85-1c08-4403-869a-3571b92d7e57,1.3453657713461404,4.966134829310837,42.480399198048154,99.95111158886517,5.072536734135712
582de43c-97d0-4219-9579-fee08af9a701,4.278051819177927,56.994720891446214,20.372984311441293,90.5107345827283,98.49286060844081
d70a1348-cdb8-490d-9ea0-8edb0980882f,1.4119227629472184,3.2490231774053484,1.527902280310327,101.50307752304452,101.50307752304452
1888cae5-41e2-4c6e-ae6f-b79fa9e8274a,12.677397675188868,12.677397675188868,103.69896871040943,88.65628598384934,14.125457002935416
b32c500b-8ce2-4d69-a926-3047d425b629,7.771500722155471,34.28761677123141,109.25356215918139,65.56156546654675,95.66681152652356
bf62b883-af35-48f8-858c-d0d0e65694c3,5.243398855223213,100.86113093342712,25.374419334969826,87.35404448225749,15.478282241969607
97fe8925-9cbe-4ac7-a8ea-e74ef1044015,98.70587184686192,75.97851725163781,88.65696318779347,121.51579439616003,90.76628875841361
1acb2f6b-0c01-40e2-97a1-3c226f6fc6d3,6.207656375835756,73.77069311272048,100.44950813217726,77.22864962634466,86.24607260637681
82a0d024-36a4-4ba3-90c2-0204b31f1fcf,5.786945033339679,5.786945033339679,30.652615626880824,65.62330522441042,32.93608555474057
54c9cfaf-96c9-4222-a07c-58324a8bad43,21.47133995734401,22.199171731050054,83.36326866979054,81.22325850715671,79.8673606794435
50b165a2-11d5-4a86-a28b-d7ceb35d2ae6,26.55020349650041,112.28323770590546,64.02451071572817,84.60621709989213,114.92912209055585
6a086d1f-2507-42fc-a923-ff60441b03e5,114.40011940192252,114.40011940192252,24.617263635806673,38.4249550473235,66.57739968125321
24b3ac73-3653-4fb4-99de-821936dae19f,2.347198677680923,13.118506269683103,2.059392917050295,98.76210123118521,66.81628544686336
8b1668ee-a321-4c73-9098-34b3b60736bc,103.52109744681874,102.00394131153784,76.50818078635065,20.499324766152334,77.4994824460726
87006dde-e88c-43ed-b59c-b4721461d880,56.04769553508203,48.27499784554035,39.17907191381219,59.770058602494736,53.6018701379698
af471ff5-fc4c-4150-9ff0-17a673cbbf23,3.150055217837745,5.595948894808886,5.595948894808886,84.20566328161212,22.416453020771137
e4ccdca7-6b7e-491b-8631-1756e27a334d,1.6889183616495154,2.5074449788687745,4.972359350085187,4.05024574021781,4.05024574021781
3ed72d5c-b9d6-40df-b3bf-eb4bf60c0e98,23.254718646503758,24.348355959803598,87.157888236151,30.965089268337287,22.984702245899452
640ff7f3-b48f-4a79-b123-131fa777bf04,3.0583264363916065,2.6088152796464805,5.670795362626447,105.38973973483019,93.09349474260935
1ea706ed-7873-48db-bbee-b11b93297a20,3.802644687076444,112.11394548771142,3.8671423611892353,59.64779356645367,63.3533505871529
251b706d-626e-45f6-8843-27630091088f,84.1231045975629,84.03526802062261,8.82993976762557,68.42580317479191,28.356200183482397
a3e7ad35-c7ce-4458-983c-e06691feb14b,3.03425250408209,60.00306253086715,26.666911683837608,38.232256939177184,86.64656353809686
1ed1c65f-5ee3-459e-afee-612c830478e0,4.5885163563894045,50.20660067062278,19.487926243471335,27.33086456443445,55.322879578103766
633ab329-2a9f-48c1-95f0-381f849c285f,1.1147564469445554,1.1147564469445554,51.120916610237394,6.801035504186249,54.30028954724117
f84c272b-540f-48a9-8a23-242feec7de9e,1.887672309302361,3.5382100117813593,47.439403146765436,8.331953638187622,5.783125078543528
81963388-469b-48fa-a457-55b80fd5fffe,32.864704048459,33.37128409533634,7.169529792397011,8.354915388957236,48.00804079862236
bfd2a4e6-2984-401b-83cb-8724f548a3c0,2.287569378542499,15.50705963880238,95.53570182080323,13.448812322256039,32.681632221311325
ecc8e950-866b-48c5-9be7-a3160001c957,9.730359099734825,12.531736712304404,12.531736712304404,99.69907432700555,99.69907432700555
ac2bb8b3-1e99-4f9c-8cbe-ea97533d3a90,0.71383066513899,43.902404708778825,58.13632587443762,58.13632587443762,51.33681727524411
f1701ac2-ce48-4738-8758-3622fecae758,34.522229151099225,34.522229151099225,60.16365335173049,60.16365335173049,62.883161302658294
b1e718e0-7e5b-4e63-b879-bd73b3ad4eda,64.91046079124001,100.32994686356272,53.90132953230015,78.86868704630149,103.27033173698575
e364ed05-a6f6-4a0c-8c2e-1e9ace793eed,30.939765879890082,19.461289011674577,17.435780317256366,3.813735324727629,33.83103573225096
e4c10dff-9f41-40f3-bc59-fb05012f372d,37.271641241043284,34.32745742874994,34.32745742874994,20.724112506572734,2.1473370377240037
1d1f56ba-8178-482c-aafc-885c72159022,2.7424091543369253,61.60016224719416,7.87330788747725,8.701344268322124,11.612532526460132
33d303ef-783d-40fd-a6e1-2139a438558c,6.9175678473892335,24.952423182947395,106.93263672381592,2.832707892014054,100.42171639641
93c901fd-273c-4343-8ef9-c45e0b5aea37,25.145933804126983,108.87150864278857,6.384880867346287,18.70155706415049,2.511686082114798
e47bab9a-8d77-4bf9-8d21-2f48b47d721e,68.50745574094267,5.143151417749761,32.414449177670086,70.9559314859795,29.917006591281233
251acbbd-beed-4538-9190-437d38f8edac,9.327878408032607,4.944243107982229,22.940009788776436,81.76704436700199,13.006704851689456
40ec45f9-f8a6-470e-bcd4-0da6c529c863,1.9743207365659965,9.52420139425023,78.88687792994342,3.2000319680376434,34.19928921875017
a677d861-772c-4832-aef1-54014c09bf0e,1.347690900763147,1.9317453540427472,6.099499882162824,58.87699559769684,2.630508830153808
92150517-277d-4216-91b7-ac5c3426c5c3,30.65427226116002,102.55613241283892,24.715380527590682,104.45688805881078,15.277519765833704
18e8796a-5946-43b5-b61f-6a93851dfc7e,31.016550264104662,31.016550264104662,77.37588259173982,38.0429033222138,47.72323249470407
3d93514a-2da4-4dce-9f52-fa2e2ede85e2,70.82788767948722,70.82788767948722,9.483007387193373,19.951529162329457,63.032093203327165
d3268a6e-0a4b-42e6-96f0-1f7879e91ebc,38.35862984773646,56.954404741724446,56.954404741724446,53.66619490423324,46.25458239242229
18d95c1c-6c22-4570-bb81-e719427a2e98,1.8512117373896069,71.84671933004945,42.06880766057362,2.0299074046500354,32.35701991108425
65bc30dc-bc89-4cf9-afd2-b5cfd02bec78,67.98114588101237,39.63695462476969,56.59634388993281,63.88480307968086,32.04492265371536
eba0efa9-4960-42ac-96fa-cf9f00398558,2.319529832264339,45.04415833396277,45.04415833396277,38.49389089049169,58.353299541694525
5e2114da-a7a2-427e-a91c-60107efa4ead,87.42143714156417,6.27044368354041,82.8498846210253,25.015845088317782,25.015845088317782
f63b981a-8a7f-46e7-abfa-ca656cd90108,55.70389129292175,64.71773217347877,22.776619479386337,50.606048343272086,53.870529576680056
b2330cf9-b8a8-48c4-b7bc-a9db2cb5652c,17.135461957741153,13.77996647050434,75.04180953861248,75.04180953861248,20.67236405555889
ac4a7a54-d185-451d-b589-3ea352f72c35,79.01413035338436,103.93360533609554,47.325190960586326,82.5012977806564,100.67750734979799
1556c2e1-bbda-435f-82af-e5dc343eab57,43.99714582014956,79.65817847316852,111.57741598578123,34.04759496087819,14.786434698576185
e48d1d2b-0bbc-4e24-af27-26b26ef30b93,11.112448716335358,18.416654263182007,13.899215025916986,8.787606947589323,24.654501458624818
43f177d5-0fbe-4d9e-96ff-dbc20d0ba999,75.9806907096698,85.15376613271089,81.66558043825628,85.48194149118804,73.19985347589035
c02a7058-89cf-4c10-bcc5-049e37561fef,18.32052290772012,23.103706741539657,67.05934184159612,69.70882936093061,69.70882936093061
b53a4acc-ad7e-41ae-ba41-1c818a4271fb,12.304399295426883,12.304399295426883,105.43128903012465,110.21016706732499,88.4440330370499
b26d47ea-776d-4fc7-913f-a34d78c87f7b,39.53564397795597,107.41398974405455,102.59581639217323,5.8971566937296025,101.7676498902825
