e99d6d74-2c5b-4fd0-9e12-2ea3dd09a0a7,5.975052412,18.00467452,5.219829421,19.7738515,3.940505189,13.84906976,13.44948258,19.06245888,14.79867117,15.00924851
b24ba72a-78dd-4c45-b083-24f919da23fa,7.823159505,4.686624483,6.00785233,17.24421342,5.623400847,14.39963741,8.127710454,6.871521505,15.96431529,19.20689883
0d494961-7c48-4bf0-ba74-77233c219978,5.104964478,18.95421452,14.0365377,6.661793212,20.17507462,20.69926964,15.83246381,13.51383018,14.46640317,6.611437814
02031c9f-2748-44f4-813c-9893a21dd4ef,16.6622349,14.00085723,15.2747069,17.33836952,8.503247361,20.40671314,20.21200672,5.705179224,18.42532748,14.3793485
c1c9df92-28a1-4a12-8ce2-18b03d8a5310,17.74589156,21.26571571,5.000471962,9.023693038,22.25671794,18.63534871,8.234258376,6.368102219,22.1118156,23.24772119
ae67fe05-2d68-4de2-97a0-13a72bed6f49,5.868652252,6.657918768,19.68860155,21.47372741,20.09871659,21.38898286,5.793118897,22.46899202,25.34884786,4.765609697
17c931ac-e1ab-4502-ada2-8488f8748c2f,4.55065268,22.286262,6.27829123,20.27837017,22.27989995,20.72494595,23.38582392,7.455392965,4.185613781,22.48629117
5ef08771-d7ae-431e-b6a5-130f7abe9a43,10.65932469,9.774634186,6.839832735,5.717344377,23.60036835,9.67952511,4.46356182,6.072996116,24.52383806,6.22012024
72d42f67-882e-494f-bbd0-f4198af4d2ac,5.773470046,5.052903293,7.53308798,3.984511237,21.25636893,10.26391875,7.643749439,9.285492967,6.599286252,5.779604142
e8998113-e9a6-4f14-8239-5cbb3e62c1da,19.9561157,20.75165241,19.66263395,23.50618538,18.02767354,7.163269649,18.45704595,5.042333744,24.17458627,18.9589406
aa2fa788-d587-4be7-8575-ef6a64e8924c,4.535958431,4.904368779,7.281478289,2.671715436,5.736166812,23.68129999,8.11857382,27.53402639,7.306332681,8.288095296
1f33b29e-d4e8-4889-8113-2043241bfe62,7.649132227,4.967887076,7.713139847,3.367057057,5.661252731,7.251284787,5.527872176,4.617035663,5.012444269,4.915369652
dba9ae2f-ddd1-46bf-8fd7-1f7362d22647,12.77431025,8.269293337,6.942274183,8.97938299,8.067365446,14.11474363,6.012679811,9.349017115,4.363260562,5.926221898
7fe8b013-901f-44a9-9db7-97c650973fd8,7.538916136,8.997496052,14.76376601,8.553922545,5.550471718,5.680632093,7.589829248,4.13089612,3.641373837,5.239215317
96728a37-7a50-4057-8e7f-d967d166115a,8.014266509,5.025010837,12.99997649,11.69660377,3.928461975,6.831155652,10.94551507,12.13056317,8.373907761,10.57434924
49e0f33b-9096-4d99-b5ed-5ab969f6985e,18.38779091,5.510988778,5.396423555,20.29915912,15.36102591,13.98293537,19.48096712,6.505849123,15.64102647,4.14947498
bbfbdd1c-0456-4445-bfcb-b9ed2f5e470e,13.62274228,16.06053657,11.74883857,14.86611273,8.99670356,17.10194837,6.30595594,17.66183412,12.7090935,5.156345361
07f9f0ce-3ca0-4ed6-9912-6490c19cf62e,17.23582613,5.462374199,4.993589713,14.36425032,7.809211911,21.22890131,6.447092089,17.45712573,20.76100183,5.175240091
d3ad055e-f9f9-49ce-8c8c-aa6885776e47,14.34736254,19.2078452,15.92520544,7.549629712,20.83335469,16.96572745,20.33032623,14.88710606,14.20526921,17.740509
1b088643-80df-44b6-a892-7ad3797e6368,8.117152505,5.869087141,3.758566616,11.03476388,9.727383874,8.588192307,7.193588015,9.676199764,8.845249408,10.7757297
d395a1eb-fdc8-4ae0-a35d-a447a83cd2f4,9.682020453,8.391143338,12.35732365,11.19270721,11.01598199,8.947809487,5.43233171,5.209444496,10.27456453,11.30232212
5b281b06-c27e-49c3-bc13-d05b7d71f166,8.878543386,19.93118799,19.85502459,18.35260873,9.598553491,5.712219806,20.46456584,13.60098986,15.98069829,14.67582915
4caa24b7-1542-4421-95b9-afb77914b255,8.635606785,5.133864565,14.15631359,7.724166315,7.087143546,12.61452361,7.560015878,15.75248104,10.40887778,12.28523184
f79e9dea-3b57-4b71-ba5b-ee5c0b59dcde,5.971804101,5.064052503,6.675075051,8.362856916,9.969302816,13.48175369,7.187889448,15.43609814,14.90999015,12.74181802
2accaaca-7ff6-4cf9-996a-33b30408ba03,5.068756337,12.69174861,4.488222451,5.709410566,7.135893452,15.04331697,18.6823806,5.704288048,17.07046799,12.65106558
241030ca-10be-4892-89bf-a843f3a005a2,4.179183213,5.216075933,8.239546422,5.968859065,4.799022981,11.99413523,8.63524647,4.409047201,9.807194438,6.059591273
0a2bfad8-dd88-4f03-aef2-dd9c31397211,6.702030931,7.083033714,17.0169948,20.58588784,12.65033765,9.396699403,6.972623136,6.971823767,6.190903432,11.66542896
cc557093-450b-48ff-ba1d-5d2d0e319815,5.477813344,15.10489003,5.043845317,6.268553382,4.176549716,6.926508675,18.85927016,11.77422179,12.38433956,6.39758093
368063e3-9af3-47b6-b1a5-04ffe3be647f,5.82423679,4.354873393,5.803020726,5.139957307,5.175242269,10.7667492,5.938258862,6.584284688,7.923211928,5.563109554
69983d97-b071-4f4b-b6e3-ba3caf4889b3,5.724891009,16.6232102,14.03388693,12.93897462,7.839860532,13.05846926,4.977591614,16.30168514,9.970547118,17.07229693
03ae5389-f2d0-4894-a434-3002edbe1a6c,4.973967296,19.5182546,16.80472286,19.79461152,5.502914567,5.708646767,19.08478428,19.54328681,10.25691697,15.91915653
a53749ce-4e9b-4cd8-86e0-b3398a0bebd2,18.37710628,5.949764947,15.91003435,7.590749248,8.720477843,20.4836514,5.828817944,5.261495885,20.92699441,6.510839566
3bc7beef-4159-4c83-ac8e-4f29fb08cd4f,18.35159313,4.643649395,15.4321043,14.76454359,18.17961507,5.869489851,11.83822112,8.537336046,12.04505404,18.1446557
451232b2-f63b-4220-8034-09a72ed8a921,12.43252931,6.768910432,14.00974553,14.58232142,10.43554577,11.33466335,10.13935688,6.547945774,8.727048257,10.7326013
d333baaf-f504-4557-8a8d-43ae64bc0f73,4.768284981,5.310608552,3.923142908,4.940721695,18.08026507,5.865395048,25.18154002,8.024856835,21.67229943,19.95108195
5af4cbf2-8566-4066-94f8-70fa1d04e55d,15.24135134,5.077806263,15.54067663,7.973705112,11.18389349,8.182198516,9.63829444,10.55296993,13.66361845,10.29124705
74c15c33-d66e-402d-a6ea-3a421aff2075,8.906341402,10.57174498,8.611767031,19.94031058,8.916154004,7.449400939,5.839031529,17.25006897,6.491013999,15.96666102
52b0f5dd-cbe1-4421-b956-00aef9bfa00d,9.41288823,9.72632371,7.123941861,5.669300908,14.62868175,6.45954343,4.216861786,7.991549793,14.3970685,12.65985583
ea362443-1e55-442c-b839-3d01f70096d9,5.079866872,10.04431866,5.882738725,9.283492123,5.354583507,6.661359688,11.41504005,8.609673434,16.50884707,8.528978674
fb2f195e-8d92-407e-a12b-7ba842970082,9.586725199,6.742227258,6.710310834,8.90147307,5.225468982,10.51403143,10.78919364,11.99145863,5.170295148,8.532367346
8550b45a-a8eb-4052-b5f6-b5189cfc8006,5.933448405,10.74758425,8.321703954,17.26406556,5.696227801,5.252980791,6.005681989,10.95025239,5.959940549,9.514662445
9b13e748-9799-46a1-84da-a788d2e98972,6.371175587,8.954908857,9.170843303,5.3393631,7.45622075,9.020911205,9.689400365,5.463612985,12.58144696,10.99206876
61cb2d9b-3c6b-4e90-952e-f57ac0cfe387,9.358299626,8.126348505,14.2582405,8.290770608,7.734117327,14.90160537,10.37797204,13.03393441,12.35290501,10.81871993
34650097-9824-42dd-8fb5-4b701e5895a3,12.83930825,12.76932624,11.42696925,7.158233477,14.73460263,17.28506146,4.53847629,4.094336438,5.983069213,5.670060947
efb0b539-12aa-4a68-b81d-fe15c790b093,7.264962983,9.187676941,7.847816016,20.12726683,5.714710288,5.683733667,5.558827361,20.77726833,18.48700659,9.734722895
0fb611ea-9a54-44fc-b992-11962a5de8d0,10.3512022,18.71401626,12.84718856,4.464018593,5.577943794,14.35073735,4.358229189,5.391340783,15.75517499,5.173533956
e81934a3-9140-4eab-b1c5-a84554c7e72a,5.704849905,8.399969419,17.08701819,7.676050043,6.767475297,6.578760333,6.147815168,8.289892821,6.470068447,16.05618883
5af53aaf-f229-4e25-9b22-937544b03cac,7.162148866,27.24823208,27.88577159,13.61903007,23.27041052,10.05282591,21.89710594,18.23629171,8.195931214,4.504254963
3c61db0d-cfb0-4f51-83e2-4fe05804adba,6.539437128,6.84313049,5.107113882,9.670986334,10.79330469,8.772447429,18.51081936,13.67170311,21.77579333,5.27702232
11242850-8572-4e02-ba62-b239fb571ddd,6.615280279,16.54874491,6.642787512,12.18704109,20.2448701,8.904055368,6.862065852,6.365550861,9.610297986,22.36108145
3d529c4e-08f8-4ea5-abbe-dc882b204b2c,4.745193555,11.91767849,5.518183185,11.33741829,16.046683,6.320268311,4.525985972,5.842437345,7.842357677,8.903497898
9b5d829b-c61e-428c-b15a-80d46fc339db,22.08287089,4.609678052,3.271137982,5.76965904,6.002663199,27.51392383,28.12894867,23.55989912,8.821888305,24.30676702
d1e64ea1-044f-44c5-aff2-e9af1632871f,11.20210751,5.14521022,11.85445818,12.65467015,13.819987,6.023171556,16.7569278,5.033008626,7.187213838,5.301255098
25f7ca57-4fd3-4faa-a66f-46cb2c727237,5.296583089,6.335901906,5.719588142,7.790420049,6.258776623,5.306900312,5.107851394,5.801968593,5.189609608,4.372367996
90d6ba5d-f90d-4437-97ce-bddb4f922afc,8.089478682,8.36319794,3.497572004,6.254314819,6.369725772,9.549339721,6.968295552,4.528670426,6.252756116,5.781444345
936e2df7-ea59-4c4d-aa05-4bae36281ffc,5.593220371,6.309751591,4.327708256,5.392550984,4.478063014,4.611327781,5.889269434,5.280334257,14.13171714,4.674809512
ba412328-569d-4913-a5d8-a269e16213af,6.81777068,5.328301447,15.63155126,12.97720356,5.815291594,7.668581908,15.9159954,5.560486646,11.29544118,16.85570898
3f195045-c9c3-4dcc-b97b-6947d9a98cec,6.556563938,8.451773497,9.884502854,8.969175056,7.687539775,5.234146585,15.82518712,6.219259541,14.22724748,19.07193798
cca35b56-e961-4453-af3e-5b9f4f8fbcb4,8.198419173,7.118618199,5.195856826,5.620905277,10.64318158,6.244884497,8.149383015,5.78629615,6.256099346,15.54039783
e086b3ea-3390-46fd-91e2-413759b2e76f,11.68247222,10.314805,6.643543151,4.56191473,9.143400125,6.871207846,9.184856635,11.09141976,10.63059064,6.185367076
e001284e-6038-4d33-9aee-3f4841c63e01,9.375247484,8.713585059,6.43747725,14.37222005,11.98197815,13.89870804,10.67035282,9.002404608,15.1476863,6.454716324
bf96b7e0-3f26-40e2-b4b8-e81b09e8a12a,20.91230947,17.05767792,8.323079348,19.28315693,10.74610978,21.60610314,6.254610967,9.357080824,13.61884363,17.25391576
c0775325-c437-469d-a05c-5f55416a027d,4.904607724,7.41627929,8.006169855,13.38341936,10.17000084,6.894667143,8.165488221,13.67774244,12.77446317,10.58531763
193b810a-866a-49ba-94b2-2ac2a07e4637,9.492696399,7.367589205,19.88198568,5.863926556,7.373240873,8.248637355,5.238969949,5.44506285,8.172700853,9.490085319
68af811f-e9a6-450f-b13c-550cfaec3907,9.516839562,6.370375627,20.76889622,8.069082014,6.963337859,21.32992432,5.114772842,8.21675517,8.050144897,8.530363751
854a47cd-fd56-43f2-b0f9-6a2e27f1a658,13.24454736,12.46569636,7.333456274,11.07776916,14.12128252,7.780737979,16.92638497,5.231026938,6.523643509,3.918963247
1e6f71b4-85f3-4f3c-baf3-a0759e3243ab,10.68325445,18.49271556,12.60520797,14.22286307,5.507553536,5.04579599,15.61030259,4.892524119,4.066309249,5.750282937
4c9b831d-a690-45f7-8c32-975eaad72866,5.479179564,7.970183908,11.00369689,7.791222267,6.180086772,12.51861859,12.92885133,6.701124772,6.948165598,6.868763128
b2bb5858-7c6d-401b-9dfb-2345a4133145,8.292850733,6.27351573,4.356996915,7.551008249,22.00456448,8.934992166,6.090505452,5.562910236,5.17873302,22.22927793
eb499e58-8d51-4bc8-8f9e-905b2359f5b6,21.38235154,21.76529379,6.112229645,6.051675662,8.022481133,3.584617749,7.472302991,20.38954421,3.409797826,21.07143194
d3c35608-0d28-4447-a808-d82e6bc55785,5.791131593,6.442574192,22.6403749,19.97171042,3.728025697,5.343067199,4.865283374,6.977728991,21.60435373,18.37123446
6475dd4f-0b33-42f9-92b5-75e0a917d751,6.235861651,9.440097745,6.356921137,3.264769397,5.836924589,5.06474343,8.579336485,4.058765692,14.90996666,5.875556572
e4880d7b-d318-407d-bdfd-4d58cfb39285,4.946288636,10.51879694,9.707317471,9.451992156,7.804956777,12.9764202,7.829870147,7.086433149,5.662037734,4.915905472
7111092c-7814-46d6-b764-360d880c89de,6.896049372,20.23892549,2.376602093,5.017249922,6.253789943,3.530826198,6.286995142,4.688392273,18.99257846,7.064113019
796ba5a3-4884-4004-b8c3-d7a83aaa5cfa,6.37063308,20.80489193,5.361117074,4.270405131,5.84753446,17.96841088,4.407137121,18.50391154,6.227783138,5.708426062
bb49c7bf-3576-497e-a33a-6d7d1fdfe1df,19.06919228,4.785304023,21.42439072,18.4112061,4.560923983,6.768069627,6.277689947,6.314024771,5.582678549,22.75592639
16f82d4f-2f5d-4082-ac59-1ed89dc9ff67,4.323169214,21.90462361,22.89097783,13.78598447,5.649933808,4.79805203,17.19608295,17.44684393,17.49928477,19.45856745
f6b40ab5-7f1c-45f8-8644-5c854bcee07a,24.82908586,23.34219126,6.887582691,23.06108599,19.59069852,25.15597783,24.58162666,18.65651394,20.35331131,17.3942848
c20b447d-99dc-46d2-84c6-a7fe0786c729,18.3747158,5.387454844,23.65072729,22.49778282,18.8083934,17.87114136,4.60663,24.04396311,20.5249492,21.84967336
70e59eac-e9c9-4fd4-944e-3d84b2aab5c5,15.19315746,3.901382242,16.9303749,14.90263096,15.5205463,16.51821023,14.87984448,4.820573799,4.433780459,9.692355028
c60b1757-a84a-4f63-a84c-8689f43dd0dd,16.84154893,7.529003896,6.668280243,3.27081882,18.49231602,18.15897842,16.81057022,19.41935147,5.083840025,17.19549191
86c8d037-d843-4bcc-890c-a1e8ca1e8070,10.29969421,9.65771204,10.6647216,8.080752256,4.826493697,17.09479419,9.729514313,7.15142437,9.151361136,16.60982968
3aec661f-2435-48b9-a940-5c91efb8335e,5.075370883,17.60368369,17.73001035,4.03578371,16.06914687,16.68884431,12.86246015,15.6672781,5.241752068,6.544993992
13d6d571-7472-43a0-9ab7-228e6862fa4d,11.43697811,9.497042844,4.372640781,15.11269311,10.30357731,14.61914956,4.882181884,14.18269017,14.2985849,13.7547755
8abdd490-03bf-44f3-aa47-8703dba27ebd,5.37893847,4.299630496,4.853616046,5.9281541,4.878669165,5.567772205,12.73548026,4.500013112,6.740416042,4.733126681
333e34c4-48f2-49bf-b44b-c85301118877,6.109607121,4.816990985,4.96235467,4.617731568,5.238003715,4.749104481,5.119415871,4.155023817,4.537991528,7.11204452
73c9c3e9-b724-43cf-adc7-c8d7e45fc2ee,4.963532459,4.361297789,5.361653819,3.730720221,8.85486022,5.794565304,6.756302899,3.883146058,5.149000653,4.743565737
de16c3b6-7476-4254-a6bf-cdf70a211546,9.585405569,8.631062081,7.395924171,7.099247666,10.51257919,7.167546918,7.537741614,7.327652336,7.390147686,11.08577013
232d3283-e0d3-4e9f-8c3d-dbe0b4ac457e,7.323222375,8.107155692,7.977550263,9.446759833,10.69942782,7.350123203,7.393154984,7.897780541,18.34018045,9.479979822
5004c98c-4e1e-4f40-8a96-faa0480275ff,15.52090541,4.915807833,8.102152224,11.73583473,8.355280791,16.01171166,9.068857419,7.64660599,10.45938305,8.963751161
78764a49-77d6-4254-af36-326298c1be2b,4.755586244,13.76693911,10.83708934,14.72200159,6.972197543,6.070081733,17.41335407,4.779256637,5.935327907,14.22882034
ac4d71b9-b978-45c2-904b-45ba1ea0ea7d,4.550692878,4.783670524,6.532966813,4.653613217,10.02625544,5.264724488,9.889952367,3.608437994,6.399432505,7.852801464
4454a851-1915-410d-872a-46667e933aa6,4.748529869,11.13164248,6.094413171,4.56013266,10.31625071,13.66101407,15.9389848,11.87995306,13.26580358,14.39638736
ad28af2e-db25-4794-a44b-205abcf6a6ab,4.705723505,6.140136403,8.915737137,10.53331865,8.011623226,5.660056817,6.776561986,12.99573888,8.134429498,11.01924548
557306c7-ecb7-46db-8493-334c55eb970b,6.159855308,5.300755486,5.986053086,6.294003355,6.051405773,4.524919711,6.5850826,5.425290253,5.99500573,8.131635421
028a831b-1c9b-49f3-8cfe-3a823d733ea3,20.91394719,8.32369724,17.05350164,19.26978244,6.125534462,10.77978121,21.58511235,6.126942139,9.433081309,15.49284572
f3544dc2-852d-425e-88b1-63ba3efe1690,9.354623516,6.126950387,20.70780506,8.124314607,21.30250472,6.896885286,8.029909935,10.41702016,4.937425075,7.949608232
dc8196f3-bbd1-42fb-aff3-f3389939ac7c,6.424438188,8.38864132,7.641290397,9.773830936,9.692239201,14.29089792,6.242471934,19.13066603,5.229632696,6.143267304
a1827bcd-f38e-4e3b-a19d-c1478182971b,8.245721354,7.027413097,10.59684217,8.124721322,5.210402052,5.578117588,6.164405295,5.817321494,7.394938024,6.200337853
e3ba29a3-e736-472a-8f38-045d78ae6144,9.87268225,7.235511454,17.09221716,19.33871905,15.62174962,7.933690336,21.0899983,8.137253987,9.467587293,21.65322
8bad0dd4-683e-45f2-86eb-e77020c0eab9,7.332553896,10.1487172,10.09062414,5.703190813,6.906935634,12.63247689,7.082963277,8.925942048,7.961286654,7.247148516
d30f2b23-7ad4-447a-9bf2-be37bf4896b8,10.98776444,12.49207866,9.902045451,10.17934682,13.3860087,11.86128783,11.05529685,11.12738187,10.37680034,10.86418287
a7043344-89e9-4177-b9c7-3be40db56632,8.349824977,10.20987724,7.879401903,8.640962415,8.607265523,9.323410743,5.473768125,11.38141569,10.79753382,10.94598127
484173a9-9f60-4ac1-924c-d0cbc2f8a43f,7.563978028,8.159596623,8.260800548,16.9899569,8.342039048,18.51392516,20.32735744,7.740567751,7.292551342,6.790714325
88e4ef87-11d3-401d-9dd6-9de35de7d709,16.88270853,18.34526286,17.90784635,17.31376147,21.2021526,16.31217853,19.54271857,7.521092775,10.68476043,20.9630153
6aee7bea-e64b-44c9-84dc-951011d28727,5.252255426,11.36718719,8.51498744,10.09423423,5.746745015,12.65588597,7.683976188,9.462328224,19.10999484,8.218359374
df7b575e-dfe8-4c85-9368-eef4ad3a79b2,5.037793498,8.386741813,6.277706642,5.614717298,6.096367168,6.743226227,20.23545058,9.50388954,12.77905861,20.99083516
4eb25f58-eb1b-41b6-ac9f-3bcf19eaa4b6,5.025318127,5.32325148,4.822674772,10.59473136,4.054851546,7.856056743,6.168008426,5.051734356,10.34177376,4.079018968
db6247c5-604c-4a43-b1f2-26da7c8e49aa,11.7595666,7.955469941,6.759055726,7.204554062,8.004874536,7.820488996,6.08241032,5.843591607,5.486029092,12.63062122
bcd848b2-12a1-49e6-b4ce-7cc2595e399c,10.10590857,5.947729706,7.660614731,16.77092113,10.46314494,12.23994344,11.16864044,6.863372705,11.66759629,8.560483458
b0bed644-ad31-470b-ad82-4281550f2e82,19.09358881,15.72804171,20.13628688,6.283890449,15.77460032,21.68818751,20.38010769,13.94869523,22.03561002,5.930269618
7cd1fa77-615f-4a2e-bf10-a71a6c300369,18.20323047,17.25397822,18.84789085,14.27120819,10.16954039,16.43144145,20.25079303,12.38059733,18.97602178,11.31991351
71dee99f-11a9-4a88-a286-5d503386ca87,22.38557522,19.97863076,20.32226316,20.36140773,4.372658296,4.167701548,21.41289842,22.02221823,21.81947242,9.830337275
f273b136-d0e7-4ace-96c3-36b65aa96de4,11.89904057,11.55921878,11.66407724,10.0998067,17.86236111,8.644683352,13.59071688,21.74653863,14.6047658,4.709293848
add83479-e81b-471d-9c18-ef884d9a4083,7.021574476,9.951640013,12.9902177,15.52304251,5.144313327,11.72123064,6.183391596,9.097847538,7.236392667,5.609621359
b2ca1a2c-0f37-493c-a3c1-87c1b27098a8,22.78588234,2.94057319,20.24239973,22.60136286,5.026293306,22.18923753,20.8895176,22.1790008,6.336605877,5.69266796
75b9b282-6802-4e2b-b135-a770e1495f50,11.77690565,6.290353411,8.488651844,8.142766515,4.179210421,14.15610584,12.62819716,7.102622505,4.310655012,8.736471692
917bd549-5790-4a6a-906f-3a99448a994b,5.349958931,13.48314484,8.323844756,5.94117368,6.865165696,11.10004157,9.007474599,7.443233846,5.716699446,7.853316865
c3d370b2-2d7e-4474-8223-31676e6247a4,9.821153863,5.794663018,12.53034196,4.994717658,8.93759188,10.28733326,7.616061384,11.88854646,5.098374086,9.834642871
723a7080-963b-4f2f-9f62-d7f5635810f9,6.223714466,4.954798719,5.248301519,4.231193451,8.681608156,4.279246572,7.630671353,4.715414145,8.726945684,4.102948682
deead971-97b4-4586-a338-5d82b4b8e804,7.814577719,6.673698539,6.716066206,5.197874094,14.67372941,6.278052435,15.86341123,3.847178721,9.87678335,6.768904416
652ff89e-50fa-4db5-a254-c2feaa1b212f,6.039383447,5.667574581,6.087970269,6.298307072,7.438617207,4.971647238,5.525749248,5.100294315,7.141528953,6.850802911
5aa1f298-ee2a-4fc1-b071-aee4736b6f77,7.844858966,5.83991986,9.354003272,6.428916976,5.421496853,6.300315776,7.30832574,8.090558891,6.826181617,6.983984384
f0c08f5f-536c-4c65-a46a-77db79834d8d,10.51229865,6.51998762,12.89891942,7.039114931,8.170549705,6.450564851,16.15007,16.63946846,7.899089661,8.673428363
49413ece-7232-424a-a844-50b9a2283fef,7.931165891,17.59197557,5.981913491,10.62012429,7.061458454,21.31840245,5.057837014,18.08750652,6.751982618,7.658788896
e3fa3eaa-8180-4c5c-b9ce-54b34e502ec6,9.114164169,7.662675094,11.31989713,12.81607086,13.13107775,5.834422477,5.921514746,7.020109061,5.812706912,6.467225065
16bda89a-adc8-494f-a963-be33a267dfe9,6.453435911,6.067393315,6.172029725,4.704952912,8.527418591,6.674617529,4.025849634,3.849489967,6.69870879,5.106968267
3dba5b01-f138-44a5-aa45-2f97f5186f7e,6.927608059,4.076499569,9.451790031,6.903474551,8.681073049,10.59244956,5.716018969,7.262547619,8.291593862,5.766173399
443e4203-716e-41aa-9bd3-91ab8299eb10,15.79369197,3.717190419,12.29915422,15.6668958,13.74850766,4.415426291,18.41219682,12.50225277,3.870463447,6.05875145
42779f3b-b98a-4a5f-bb88-7b676aadb912,15.20768362,15.40831568,8.066581363,5.159321888,9.608267132,8.252396864,7.882332555,10.34422288,13.70366264,9.461582692
7295a7ff-5fa7-4d6a-aaa8-f3fcce903438,22.86567653,17.96749809,6.055384268,7.294148265,24.81296154,15.50127937,19.74466998,13.50354534,7.486607451,10.16567225
7959b166-c7f5-4e1c-adb5-48485c280237,16.23376752,8.982117848,23.53030982,6.662671789,23.95147808,11.00454098,13.56157383,20.44585616,18.57767625,18.69775151
fea3ef0f-0531-46b2-bf7c-3d123bb81ff1,15.76442577,7.796668561,6.041922431,6.43128522,7.279012179,6.206131342,7.943380124,12.96939392,22.17389215,17.24747733
59c3f70d-af77-48ae-86ab-0bb2805ce0ca,6.18800214,5.964645226,11.27078919,4.178551098,10.93637856,18.71914661,5.655835923,18.11130134,4.418137709,6.048652502
b45f8015-f4cd-48df-a0e6-82bca7595178,8.130636476,6.925931273,6.770687907,4.855604447,7.035827164,17.93275763,8.155167892,6.051712436,8.962584548,3.640360371
530d1504-a6c4-4c6f-b329-b648785b46d8,6.13574308,7.045534579,17.72381556,15.58019868,21.4081074,16.58515778,15.5868489,20.67297172,16.3848417,8.893212949
21debe70-8877-436a-b87f-32b74de714c1,7.681755123,8.878907866,6.103454908,20.8308827,7.808519931,18.8974435,17.81938114,6.689608803,6.047541359,2.568702259
7577ba0f-25ac-459c-8264-57533f331698,25.58712547,2.397742279,21.72001525,4.336263661,4.503729242,7.286556226,22.21767149,5.232950783,20.73419931,26.18645302
a653eeac-f390-4f5c-9529-5e1df08b0160,4.874583545,23.21573018,4.920411154,26.4831827,8.294833174,19.21374176,5.67180937,20.0191692,22.51716993,22.71693448
5f1a82fe-3725-497b-9bed-ebc862c4c1f2,21.81240871,6.664921707,22.06649559,4.634902034,21.36818031,9.712960622,5.980686482,5.165657212,19.77229288,21.92114823
b09165a0-ee25-46b2-bb66-cbb78b12d916,10.63071022,13.76640429,4.230851217,7.236850267,11.22103324,6.684886862,6.108035367,12.65139155,6.306388031,5.881273227
1f529105-854b-4c74-aed2-cb97b990e5e3,7.747243707,9.463533512,9.693124434,7.974640768,7.708404749,7.83114651,11.71647707,10.27809948,11.08342052,7.269396084
570bac18-6d31-448f-9f99-90a79ed15feb,15.00053081,6.093593349,14.26802727,6.330983829,12.087237,5.480341045,3.580322868,9.691784716,13.94352903,6.936037054
41667ef1-c084-4253-8c34-82adda0e24f8,4.521051274,7.261510816,22.189218,4.9768267,23.68294706,27.53798548,8.286916753,24.55200074,28.23042028,5.763974041
c0505959-0912-4936-a981-9e5e42b6c1fa,10.67887838,6.848875848,9.723211158,5.677940406,23.59737183,4.428467043,24.51751577,9.661984899,8.474176537,27.48230194
53dbb781-da19-4717-a90a-1b12a2c2c127,4.532827363,22.26895207,20.27058469,22.26689648,23.37116262,6.286437258,4.228497388,7.436176111,20.70963037,3.920488728
8d373cd3-359b-4617-ae49-86275ae14da4,5.881243166,6.678716487,20.07386925,21.43994627,5.806623127,19.66357434,4.719323117,21.35434369,20.45183556,22.43169269
f1f0c07e-0ad8-468d-b1f7-b2eee10fe770,5.738408667,5.063234864,3.918774107,7.555459163,21.24011715,10.23110936,5.770302771,9.259476537,6.165128821,7.593636509
77e59bf9-e27f-42f7-b805-7cef48b2bd58,17.68272624,5.026586741,21.20807594,16.83707263,23.18864215,18.55687571,8.163924509,22.04794086,22.19111889,6.361163223
ba010b6d-d947-4d17-bafc-521bf103d2d8,19.91086471,19.60333341,20.69704862,23.44965792,17.97231548,7.178303007,5.038831383,18.41822705,24.11856908,18.90296403
04fab51d-47b0-4b8e-a9a9-3ae55a09de91,8.750961239,6.738196233,8.562103541,5.767857018,7.729534277,10.30923482,7.618416907,6.521980458,6.068529398,15.84915867
39d42914-3448-42b5-b40e-d3bbdc10f4f8,5.76397291,7.911373364,7.0892083,5.073438085,11.89061583,4.912260456,8.511773511,8.984577388,9.457610043,7.208559659
5bb7998b-aa44-427d-a7be-11dd136ecdea,6.696361412,8.200082436,5.20550173,4.556834022,9.36684961,8.644251688,9.31562167,6.318481552,9.115513926,4.542011534
bc3b0bcb-db77-40ac-be4f-4fd6c546a1f9,7.211902311,6.861688821,10.15034009,5.599253249,4.237698927,17.75109478,6.926629181,17.31262193,5.065466297,12.19684827
9763ce3b-f092-4e69-a644-20c8bd6acc2e,7.99744024,9.221170727,9.976217762,7.088497015,8.331545667,14.16180649,7.54563925,10.11965854,5.554572199,5.226029332
22d286e1-db28-497b-aea2-0f464734bb7c,5.331728905,5.646344496,21.04314237,7.728142013,22.46190974,3.752092873,5.439973734,8.670812635,3.153698533,6.967204921
8a201b39-a6f0-4836-9445-d4058907b32a,6.65112528,16.48192126,6.59082298,12.16665752,20.22847567,8.842611123,6.850899456,9.509178029,6.248171138,22.33022283
49ca9416-3afe-48ed-86b7-b59abc714fc0,6.883367981,6.640324207,5.20257571,10.79005057,9.80153282,8.860080791,18.59377414,13.77688026,21.87638662,5.448262606
32e4d8ca-a875-490f-9e1a-ffbc76119e2c,22.12310286,4.595225869,5.670463243,3.450064445,5.989828156,4.948442994,27.53872451,8.800659177,28.15940621,7.059917046
bda442a2-0fca-4934-8663-b00ea791820b,11.16896601,5.172552931,11.82307141,5.015358411,16.72479093,12.63152833,6.04473195,7.149608378,13.81421011,6.158693909
f6a0cafd-3d57-4555-98b8-17ac78e7e219,7.171548926,27.25635913,27.88850302,23.29074382,13.61652696,21.91136661,10.01377556,8.149700263,18.21168102,23.38310755
1198c173-dc64-4976-b4fa-1e6701187343,5.175247976,11.4481181,9.994074445,5.761253925,8.372784374,7.71202543,12.68992883,9.386206465,8.078851143,6.868502659
d4d3c010-f6e1-4ccc-8fcd-98008b2f84df,18.36624124,17.3603922,19.01454251,10.31875166,14.40902935,19.1005324,5.003679152,16.53626515,12.48204917,18.97155571
3ea38f58-942e-4350-a973-8cab9d30b340,23.06881413,5.132251509,22.78412511,23.66730083,21.23416917,6.808409365,9.093485408,27.44759326,24.05600718,21.63950152
f47e9c7d-45a3-4898-ba45-40f2c15fe883,4.51770668,4.840150489,14.96857167,22.742143,23.87585028,8.740028974,4.798885901,9.41099546,4.866192536,4.75342159
493a1d81-591e-4e2e-afa5-3ac6a3af7dee,22.49725579,20.05553786,20.39029327,20.47897065,4.136544501,4.186702175,21.49434714,22.1501514,9.831902064,21.27871974
62d963d1-04af-4ac4-bf8d-5e9659161212,6.855288914,22.41426983,8.591861776,7.063822691,10.03195598,8.400636314,23.13518223,26.110814,9.687960108,26.16149731
3aea558a-caa2-4f89-9431-a59a22778aac,20.25393856,19.23916747,15.86182148,20.49537903,5.863128513,6.319188289,19.28457528,7.032445575,20.46033353,21.7630981
b876f2e9-76ce-4fde-8845-f71daf541a9c,6.340788491,6.168960183,6.005744607,7.363563497,23.50260688,22.63028047,8.415788462,23.77063579,22.22859666,8.796124144
7f2c8d5c-4778-4523-a4c6-d2f5ab5573e9,22.85356321,3.059771804,20.3044784,5.016316723,22.65735833,22.22016903,20.9944438,6.335530184,5.745605716,22.23396727
fd80f2ea-22a6-4074-a1c3-6fd3dd31e473,6.416703422,6.388820968,24.4584567,23.59425672,6.410270297,7.720393911,5.887819075,5.944231629,25.78356658,22.15209222
bdfc046b-7dcf-4cbc-8b30-a6e4ac4d2850,23.70552821,5.038410327,23.05115761,21.59382642,22.99973667,23.54739503,22.05158925,24.26816627,6.904008919,24.74996535
24b509c6-2b1b-402a-8d12-879b929ac938,4.895989283,15.66343907,4.553308587,5.362025367,5.744964562,11.25801445,15.03675422,5.671908435,12.23448711,14.66712438
2bd5b9e2-e1d4-4f2f-88a7-2987b91e448a,15.18294519,5.720740136,6.144270788,9.154264281,11.10534646,13.82320614,5.412322409,11.12473937,15.19992644,7.900599409
47536f73-2c4a-4a02-bd4a-a45dbb1e28ea,6.899065189,7.942966825,4.696323955,4.528276842,4.503557253,5.345647896,5.879138963,6.226353475,11.08315479,5.076868291
5a049fe9-7889-4c77-afcf-74e949691d0d,6.980258346,15.18615068,6.056305283,4.972512336,6.054423001,8.758244762,7.435534634,12.14798291,16.7779181,13.40591241
128c81ce-1ce6-4194-bee7-a63b7b3d6f68,8.6418399,11.76187986,13.85005374,9.909075107,11.56141712,12.74320271,12.70828849,7.598076324,8.205925049,14.7639568
bcc5b7d9-087d-4261-8808-449f08768c9c,9.235174941,7.539821779,11.36818706,5.936090996,11.17000418,7.173774677,8.177213431,5.751693148,6.230768363,16.69591356
d93e77f0-d6c2-428f-9455-76e7206ffdad,6.96706971,4.725131258,13.32952534,7.109198566,5.733790787,4.565613055,4.50185408,6.562907397,6.039278467,9.611098136
e6f72f5a-2c4f-4df0-a071-f69d89b99403,5.005757958,9.834413841,4.605749811,7.366335012,5.532938285,9.09780715,6.214492922,15.0735139,9.665879842,7.902429464
99f6db2d-c41f-4df8-9b43-10bb30791e52,5.043193586,10.81170676,10.11659631,6.025324667,14.51671875,12.02857499,6.449579929,3.914948637,12.54073523,14.03136251
29ad82a5-5979-4b6c-a126-bbb18f78b44e,5.398890624,7.606471918,6.949927666,7.160346133,8.00570108,12.56613748,7.74123851,8.729515214,11.01404058,5.200093826
1b2f6792-a175-439b-ae3d-2321c1c605f6,4.524775008,15.79469352,17.59758999,3.508601198,3.779308229,15.38985154,14.2329286,17.46389357,5.776351672,16.51620916
e805390f-cdf2-42d9-b6c5-413bee8d4814,3.745272401,14.58122346,17.07582723,16.27052481,12.66263852,5.387040553,20.8346793,4.685610296,15.87112271,10.3040178
b6f36020-ed08-402f-9682-3ef592c2fc62,22.79461696,2.445667146,21.1391118,8.020901241,15.72878446,5.924261329,22.08339131,20.17994292,3.715304044,22.20482916
c3d0a0cc-bb6c-462e-ab84-6e3263ad2109,24.41224872,23.37207685,5.137557222,21.14509647,24.26841205,21.46853409,23.12379984,23.09887017,4.792600119,8.238330637
a43e582f-8a43-4857-97cf-a104fa0447bc,4.570651795,5.362167192,9.450867878,5.513503853,6.982137945,5.170082579,8.546656783,9.451716567,4.296718941,5.477995232
8236e034-25c2-4417-ad91-fe1f7528cc7f,17.02728268,4.14666388,4.12550087,3.978967372,22.11388104,4.722629052,3.849768018,21.62948076,21.95680048,11.51633646
e0247b86-5a4f-4477-8a2a-8b9c38e16734,4.455186407,8.498221805,4.412077641,6.251732688,8.831705657,8.614516305,4.759081593,4.580992583,14.19916218,7.860319895
0d6b894a-eedb-4a7e-9dd8-cdc6d93d369c,8.228778742,8.427015207,9.057108186,6.763810111,4.263968632,8.198248008,8.584398436,12.96629382,6.750105907,16.2392217
df93cdba-605b-4f2f-97c2-6addb2606c17,8.103420633,7.271451804,3.567198325,3.823693197,8.69093115,6.473380233,8.328224201,4.326675565,14.67201667,16.5104354
47b02bfe-b93d-44b4-b92c-8a491679a29e,24.43204939,28.17455526,25.48116114,5.661262632,20.04990821,8.611168296,28.76895398,9.391087919,23.30771572,28.97007627
23dc3e06-8b43-43b3-9929-c2cb5619e173,4.796836439,6.538475603,6.151844927,18.80420432,18.60586882,5.731010799,15.3091671,17.92829537,17.63450655,15.62315265
a2f706e0-19d5-4e34-a531-829d593e0e9c,15.19934677,6.070622478,6.307429302,5.907004012,5.555277377,4.329150202,12.17051105,14.85243713,14.67419786,5.244923112
7d51d12a-ccd1-4d0b-aba8-93a30f4c1eb9,13.52457656,5.800478075,5.805129258,6.049049289,10.06741434,14.6620884,7.196946323,12.01558713,4.088112322,17.59969395
f1195226-ea97-46cb-b5d5-b93c4ec32c54,8.399417744,6.706134618,8.859814609,9.926799722,7.618221234,8.138082414,8.048895656,15.5164877,6.740683404,6.0896715
d8c36be2-d3c3-4ec5-aabb-ff77edcf8801,15.91104527,6.050792913,15.1072101,4.330934171,14.1709467,6.909020673,15.77603037,6.845133825,16.94869085,4.223305611
3f6f825f-a6ef-4fa1-8a78-51ab9d7d794c,5.0491941,7.713499069,10.37221453,7.292126506,4.594922491,6.632891791,18.3719113,18.3799739,13.98276774,17.11187594
2591ff05-7c2b-4c58-9143-bf893d742e03,9.476938398,9.914203051,11.70782061,8.909105446,11.13889042,15.6898126,7.785179753,9.029972951,8.54291241,13.25719295
78c4f4c7-1f6a-439c-b898-4eeeba4ae53a,8.784058714,9.560770987,7.540170948,12.38608009,8.138688524,8.54689931,8.911631394,11.62111827,13.96043465,7.518264918
e464ab3f-1720-45c7-9481-8b1314ef363d,8.019548753,6.582896935,7.755295342,7.608603321,20.4567263,3.740273057,8.270973836,21.20571751,6.151662662,18.51158791
fbf4e365-523f-42c1-8fa7-6c863f875f0c,7.219119825,5.194808334,6.98550542,9.577253934,4.619117947,21.44375035,21.70181536,4.615414549,21.08701108,4.88467415
ec83faec-3413-4c5b-9d92-ecb15dd3e388,7.332079417,8.725652732,17.47887892,5.529922575,6.44988943,7.678227927,16.05039078,21.58645664,16.50079108,19.08537271
ba8bca55-69db-40fd-b4a6-5690f53c6b5d,27.14329426,23.36247693,5.66559779,22.24432065,27.64028065,3.00936156,24.19274798,5.227342921,23.36831475,23.79855899
a86f8c5d-0a3b-47f0-b568-e1c5a0dbfefe,4.798768111,25.19112892,4.311445657,4.899825042,5.517615941,21.45200357,22.23544732,3.549519782,4.108663774,22.67274395
681dfa5a-d335-4013-b401-ec59541d4586,26.15792759,2.713064591,4.495804603,3.833076621,22.03485017,8.072143732,3.815605001,22.71160882,4.918390143,23.03472869
b0314e54-86df-4c44-9324-a20350635b34,3.258313061,5.481545357,10.93102441,4.105677717,6.031693474,8.516290979,6.179819215,7.158720307,13.30536127,4.623024561
1fb6610c-09c5-4d38-9aaa-5fa0cfcd536e,6.761263764,4.361518779,15.57986236,6.104367667,5.183909765,8.022569502,11.46809411,9.628198183,13.38477809,5.897387218
462acf5b-eca8-4afc-b4bd-a8819902bef2,8.109722021,14.81684152,5.858931848,7.232819336,17.48558294,10.84478192,7.396512959,4.589673555,16.32013468,18.29181868
819830e4-e320-4522-8c6f-921eae24a8b7,6.428170052,5.07497198,7.340312767,5.648089644,7.713777617,5.531253945,14.25252886,4.153921187,5.849168823,6.472178283
9ade328a-30b4-47b5-b0ec-ecc2a320bdff,4.76037983,5.562462702,5.563679112,4.97827434,4.083527868,3.200566243,5.807131477,10.6215991,5.527770682,4.520482323
264abdf8-6f02-401d-bbea-ad0979cfd9e1,3.338649187,5.994128355,3.767090378,4.495377502,5.330359898,8.163315939,4.750322519,4.519698766,4.341147583,5.010398748
9a1a64a2-514d-4429-9e70-5dfe5475f8a8,7.584906955,4.324903926,6.714519023,8.157144738,5.792368248,18.62130375,4.02476628,11.83786681,3.725840059,18.36037439
49007578-58a7-4b27-a202-f39e116acd77,15.73864745,17.61240301,4.655162312,5.296299812,7.325531624,3.915508092,17.2849848,18.65158746,7.318640792,17.99972427
dec2a07c-62bd-436d-8af2-b8949a45e7dc,4.161868563,13.22033811,4.550381372,9.820913199,5.880669396,4.895829101,16.35047851,7.814201608,8.747726269,15.03541466
d3eeeed7-3673-4ffe-9edf-171e57f411f4,6.793327165,6.893064132,6.030785689,6.421795377,7.093536196,20.04489179,5.540276405,23.80835444,7.545630476,4.253826885
e8c30ca2-f034-497f-ae04-46089230de5b,27.14730651,23.37774441,27.67001268,5.558943436,22.27226566,2.907907091,24.18651987,23.36252978,28.70161701,4.356836766
64785851-c1d1-4932-9367-29b502e0394c,6.534022626,24.71555456,23.8305317,6.574815713,24.11213542,7.98010372,8.740879612,24.63212031,22.4357991,8.597969084
538a0e9d-5a15-4b20-a5bf-bab45afa1aaa,26.23201761,4.445480115,2.849883982,3.829143766,22.11160978,8.154416659,22.77933203,3.792931873,5.364514913,5.204262256
61eb9778-5ebe-4e20-bd23-6029475dcb78,22.94440437,4.974962163,15.0244584,24.04495273,4.842233878,4.63869063,27.77382994,5.801644334,21.52325096,5.82476634
13c905c9-acf8-4ffa-b90c-cf10261942bb,22.41596395,6.650424798,9.577475854,8.570721812,6.822774502,26.03666681,22.8447359,8.094563004,23.07177271,6.766906511
f65bb902-d4ea-4b32-9fd4-15a44c2580a5,5.704169406,23.45019974,23.27043709,21.90997402,23.98419363,22.13928579,5.654123593,6.752677219,24.45442169,23.67394611
b36d7d83-dde3-4713-9e0c-7c06f6f21349,27.01369521,23.22481319,4.510943141,20.88085414,22.43153138,23.05104171,27.67420171,5.475435994,13.77127054,22.60690031
c9e97627-32e3-46ed-b215-949dbb40272c,23.39133069,22.80154252,23.1974573,21.23991873,4.769257531,22.70082427,21.78431701,27.80891929,23.91431052,6.809908319
27ba9e60-2944-4d90-9ccf-2b419fbb4ad3,7.388260447,10.18460778,9.188942562,10.22349831,12.49560274,12.28059662,10.06625907,9.592217251,11.97573625,14.22116307
ed629f8e-67fd-4e7e-8fcd-6a973b183ab7,7.03439397,11.82081502,9.911527334,10.10110805,10.79297132,7.497955618,10.47216831,12.90924393,6.991804292,7.237519925
066b8c81-c876-4db5-a6af-d8285ed6f73a,4.797747475,14.05549267,5.737148382,15.16147353,11.1899039,6.286841514,4.72551937,7.319336825,14.48566307,16.54373978
6f9e41d1-d056-44c1-ac78-2f5a91f0c38c,4.718782359,6.514088797,9.215754361,10.70769203,6.101909046,7.007082763,7.690906408,13.26207144,11.33100641,8.477533985
73886264-a341-466e-8021-cb48687e59e6,4.501215647,4.676807064,6.80382144,4.415787488,3.628755422,10.36405177,9.705811449,5.172278758,8.860501909,12.82497724
32ae2fb5-79aa-432f-84f3-b46ece12306f,5.915107688,5.257009609,6.084236004,4.872249662,5.197592697,8.138799927,15.89155524,13.37157123,6.714412288,11.82720495
c415416b-7a94-4811-b2f6-e5ad58b144f1,7.477822048,7.093129717,18.59022523,17.77327514,14.68125652,10.19171787,9.788095379,7.719593585,7.472745576,13.39188867
7d31b075-efc4-4adc-b43c-e89ec0a888a7,4.943016837,11.33187736,6.252045992,16.18301855,10.60559325,13.46341923,4.738193939,13.93898417,6.222276992,12.11761067
4c47de52-4687-4496-84e7-df8df6f7e380,12.48222782,6.788430793,9.225437025,9.151632034,10.67693026,14.71659809,10.84863621,6.481071177,8.705356042,8.00470279
51f07da9-ad16-4a6d-a5c2-8c8b234e3e00,19.16023399,14.60404869,22.02990346,20.46359197,5.29693399,22.22622704,5.249981852,5.742205507,17.77127829,22.55993868
3e3ce41a-c4b3-40eb-b505-6bc560dcc0d9,22.21412403,18.14065078,5.412428624,23.37283116,23.1445698,17.48818437,22.96374618,6.008491452,21.46619013,7.400367396
6a4a58a9-0e30-4565-8197-1a287e9142ce,9.021352006,16.2408807,10.64466234,7.640142531,15.47631012,8.602328399,16.43269128,12.69833085,19.25274629,6.061037032
1fdf2176-de3b-4dc8-8911-d006e49b68f7,17.90647992,15.44051174,11.09464253,5.791421881,10.47607849,11.65648414,17.22492407,12.95821235,8.173844359,14.80620949
377c3602-5838-4932-8601-88a9ed2f3c0f,7.992930889,5.024843691,10.41700022,6.697769148,10.01100813,16.09964279,6.672350196,5.542065095,7.272351517,5.675774265
ba3a41cf-140a-4f70-ae0d-ee2b460bdf84,7.797083231,10.86748425,13.08579233,10.19877047,13.43066769,7.775632038,8.608610798,6.239887245,12.90671886,11.99388672
1c51cc51-919f-4cc2-9c2e-a9554683a3ff,11.55510716,14.88571691,12.80355351,11.3134511,17.4161471,9.345286087,8.714076435,16.21075926,17.53269321,12.86038758
829f4ad9-a6da-4a36-9491-ad6a432999a8,6.107989555,5.675497576,6.093539401,7.216637374,6.244246354,5.237978744,5.748082601,8.887087225,5.007833398,6.640846731
c6afd37f-4c16-41a8-9374-7085f2d5d572,4.374999676,5.792762751,5.140597865,5.853422182,5.574203477,10.70898461,5.988501774,4.773008673,6.639619196,5.192987078
a9fef3ec-9648-4326-af3d-ce251db64698,5.753315033,5.094085405,15.12092787,12.77519327,7.205013487,4.463868795,5.601617568,9.452799302,5.727771612,4.806564557
754d7550-f8bb-4686-9945-ee85d4ac1098,6.056746882,5.109031937,4.856018234,6.639763354,13.56982206,10.01264481,8.448573718,12.83167591,15.50050676,9.882601166
dcd3f316-f3ad-494a-828a-66599bd9daeb,4.21913727,5.277423607,6.046991666,8.308832349,12.07718591,4.826617946,9.865328319,13.96764614,6.128705322,7.862443228
6c431a0b-3f94-4012-8b61-7d4ca83e88b2,7.368506828,5.747761729,17.25349634,8.91797368,6.491137207,21.40439467,7.815575425,18.33421649,5.847167763,20.78260812
de337e2e-af24-4962-8557-1ed6f72c8a98,6.658480003,7.424407548,8.024684167,4.054936691,7.764557394,6.336000553,8.421168135,6.034956274,3.855916337,18.32041723
01acbf92-a1da-484c-b3ab-c7c8b8f0a513,4.604537269,5.876161842,5.111790195,3.844577894,22.17371819,4.534364736,22.54349721,3.842741425,21.3679494,8.486035239
77a5f5c3-5eae-4eb7-98b0-cc552444f210,7.378109191,5.519202253,7.28824029,9.429903148,4.705332371,5.79435192,5.158776851,21.27052511,4.771909619,6.215625897
94002034-718f-4b3b-af44-c2caef4f45eb,22.86086369,4.766287895,23.95165879,4.515583657,14.95753209,5.450804567,27.70518188,5.503062783,4.562491315,24.85476406
fe3abcb8-c2ac-48f3-8617-56c8b9cf8b06,26.01477283,3.710826789,2.051904892,4.466785976,21.94456503,7.945405412,4.30613205,22.60037275,26.54227896,4.931327666
70babe10-1687-488c-a938-3053aac2f75f,26.92296899,27.43899535,23.18980452,5.777790084,8.678715527,4.54316532,22.0446,3.623761407,23.52541539,14.50608165
e6c1b285-f089-4537-82c5-18a468685b54,7.625529327,18.64052598,7.125881443,3.739524328,7.769655658,17.85368866,14.76405418,7.300377096,5.218443906,10.27400065
0000316d-9c7e-41a7-981b-b3b9d239a893,5.981814176,5.4218303,6.15841181,4.928392672,8.269883738,5.163870055,15.99869807,6.727139721,13.45001384,19.89367615
2a902868-f3e5-4d0f-b9da-4daf5566159f,4.458053844,6.924006296,4.683553686,9.568478243,10.54070642,3.754048107,4.331028037,5.435116843,7.442169567,5.141821203
6c51641e-b489-4097-894f-e094fef4e512,5.005416092,11.43053099,6.333288152,16.2975222,14.06846122,10.73175586,4.803717129,14.75385959,6.210051583,13.55093209
f6f7d8c9-dfab-4785-a38e-658a1cbe11d7,4.735268838,6.682019513,9.332433953,10.78635429,7.563195158,6.290730441,8.613714777,7.097398004,13.35938958,9.627312981
e1113a41-a516-474e-8c8e-29e7a35a37ec,4.841372865,15.3579855,14.19881769,5.622287338,11.34246042,4.709079896,6.440648404,17.61951215,16.68036918,6.467967425
72badcbb-7947-4948-853b-a775f56385c6,7.169362275,9.366065992,8.930261268,7.19691829,8.947365238,16.16809101,7.587047676,7.445398204,15.2012632,6.766028889
cd84d65c-8d58-4cd7-861c-5a0bdb8d6565,8.85635267,9.930353051,13.22222659,8.067927843,14.43082765,9.050248988,9.806463112,6.76617722,6.396917036,10.31794875
3690ef14-06e5-4c25-87b7-0b0f95300fa2,4.083638389,6.316441826,4.485547873,5.410853969,5.755339562,3.861999692,7.7627513,8.700028579,9.457459433,4.47177098
33d8cda6-8edf-46d2-9308-629188c37df3,6.42382035,6.034158488,5.752227706,4.68790727,4.346775246,7.201212645,14.29805173,13.08037201,13.08126998,7.617454996
826aa268-90ed-48ca-8261-251431a8af2a,6.357507196,5.912047517,5.27504733,7.858912398,5.402051453,4.306864498,8.850916066,6.24282203,5.062784405,6.246664578
95100c58-838d-425f-994c-57aa703b86e6,8.058611612,6.33090083,8.516123142,7.105221957,9.688887697,16.81763595,6.113185681,3.257183321,6.260202248,6.816779812
6a1b9c5a-3043-4fa8-8c99-b4837beefc11,5.252793105,4.484902969,8.471415464,5.125139077,7.672154398,3.832565073,8.236466415,4.984814034,7.95601035,5.594776198
8f8bce1b-afe3-4b94-916c-9b9df051cb8a,6.020747409,5.785551566,9.031756473,11.98172728,7.04857713,3.641803327,8.840459973,12.45280545,7.095209135,15.26681221
b3a82732-f45c-48b8-9668-b8bf05090c9f,5.450930857,7.090014943,5.340749639,4.15637747,9.742187924,7.164797119,9.382623781,13.56696716,8.699500454,5.631706579
eecbcdae-6629-47ba-92ca-960fd4827e74,21.60361574,20.68940851,16.39862878,6.492617679,16.63393134,21.31204966,25.1113763,20.56991428,8.788281263,21.21816636
8868880b-ba4e-4cc3-a4e8-54defaa9ec3c,23.50246461,22.40849244,20.11747728,27.32622777,5.971360905,21.40483675,22.84303107,5.440782789,23.29767568,27.99420935
cae1d702-278b-46cf-82e0-b53730425609,23.13204381,22.49076886,21.95346374,26.78423738,22.92706473,4.591263444,15.72296143,3.338157646,20.61438696,5.750212311
2e5580cd-902c-46fe-a5ff-440a2b0ab889,12.22625816,15.0199716,6.016369478,12.48458442,12.28354792,20.33401082,10.74004375,11.11558109,14.35625557,9.191779091
843c5a2c-e55d-4c03-b98d-92b157fd82f8,11.3244232,11.49066089,13.48320017,5.629635583,4.914780997,5.114527238,5.586603217,6.067242603,19.11319684,4.369596407
3ac4636d-3b9d-44da-bb0e-074c7119e9cc,5.609634918,26.59439423,5.098125057,4.717543523,20.94979492,22.07885769,26.06467291,20.92719939,5.821887548,15.41762369
dd6fc955-26d5-40d6-b50e-dd9ea4d3ee04,25.85833577,5.273283846,4.859970068,25.43536607,4.046113129,7.342354692,20.53210815,25.30330805,5.511102016,20.20232819
044d1f4c-6e47-4fdd-a307-a4fa07628d53,4.83737806,23.94063423,3.818269269,6.06084891,21.68225039,23.75202189,5.222906258,20.64664025,22.59397897,4.096618038
6dcf3f45-8a22-4b41-b3af-96e7cf6c1ad7,22.71997283,4.083528011,22.11546024,8.33286409,20.92048789,3.495640093,3.857879593,20.01482488,15.62411559,5.449813951
ba1984e0-f86b-4fe5-9fa7-cfdafe35b1b3,3.811400418,4.323143866,22.05398746,6.241278886,5.582055625,4.083357538,9.560451364,22.27974073,5.161246397,8.299211018
3059967b-fae9-4ce6-a5b4-a3951a84f1a1,8.326230655,7.32838525,8.282309604,8.138429642,3.846199219,6.79219314,4.091708401,5.303387585,4.465272873,16.99384497
a35bd220-4e10-42f8-8ea6-a29b368f9dfe,9.568527956,9.30175818,10.21528964,7.17802097,10.524542,4.489985349,5.155101684,8.966544089,4.954275429,11.23680046
aac2f9cf-83bc-48eb-b2ea-d703a04da6fa,8.297457076,8.170297308,8.989278228,7.148480551,8.123962385,8.371489773,4.405777677,15.7244558,7.200838204,6.086559682
35cab3f7-f22c-4d3c-9259-6fb33cb6881b,4.561174575,8.866803092,5.639480627,6.979425949,4.377844748,6.809165464,4.470818518,9.567827821,12.34075319,5.083691182
e9cc47f2-aa02-45a7-a6ef-dfd6bafc5a05,24.28524933,5.05738508,25.34800945,24.9225353,24.13896871,28.04914119,4.983301279,23.92995598,29.57316322,28.61563438
40d24851-6386-4da1-a885-1d4f501954db,4.229948762,7.90405334,6.424016876,6.452635854,4.029011516,5.337950502,7.179894346,4.805277966,11.62667447,8.300539109
5335c67a-ac94-414b-a0af-fc5f12db0fdc,22.76662808,21.0813946,2.457185111,8.069964273,15.69547641,22.04563536,5.871834891,22.17389742,4.808713258,4.185309565
64fb48bd-f296-4e4a-bba2-e2ebd1421496,24.41208215,28.15340979,25.46265661,20.02609767,5.596110249,28.74634445,9.310738555,8.600744442,25.06041666,28.94745637
7c49b16c-9251-4a35-a625-d1ccd0757c73,4.357486896,8.594753193,6.122585036,14.0448887,8.728557474,4.357822009,6.491768327,4.671159884,4.653365757,7.667888407
77ab8b17-ec35-4921-a6c0-e6a1f2401cbc,24.34929414,23.30551919,21.39963096,5.158470392,21.07773516,24.19422172,5.032505845,15.03548127,23.04001386,4.739164063
51cba650-feb9-43cb-ae1b-16f5cfac6d53,8.265921781,8.379949596,9.063750308,8.202851458,6.862844888,4.271846521,8.565044881,12.87030257,6.811096759,16.15290108
4e84f2d6-ca7c-46d1-84a7-1e3749915c7b,8.15107125,3.482591035,7.289153421,8.648755715,8.262749321,6.517266971,3.813821713,16.46693139,4.37060125,17.28182575
60ea388f-5c0e-4343-9cf7-36a52e4df135,23.5821823,24.62302915,24.62545805,24.31400031,23.41588563,22.60196824,23.48655,5.297512952,8.383154002,23.36074018
ddb97ccf-4fa5-49fd-b433-ef65077c4e31,3.905988176,16.95673898,4.149063293,21.28783988,4.853184443,9.307581185,21.54539105,22.57905088,5.468104913,9.719084462
f81273ba-5aa8-413e-96ee-d721c4796e0a,11.68681523,9.613314296,15.81098791,7.276218283,8.496886504,5.860353981,13.94998753,13.00049682,19.24968454,20.08367029
eec722ec-e839-47b7-823e-a71f188d1d80,9.390735284,8.155599961,6.84017588,13.56259577,15.53472431,7.923702566,18.29686199,9.592686673,10.82751553,10.97361119
49b0f41d-b96e-41a0-ad43-1855d579aa05,4.579940135,7.034398669,4.670053762,7.472659089,7.319149814,7.358972575,7.29939423,6.269188021,6.138805164,18.84555405
e39488fe-b742-4b40-8ae1-716a095bde18,12.63186312,16.01325312,14.54056492,5.277501235,4.651074843,6.405570102,5.211085989,8.27657095,15.18827998,8.750488151
2bf33e9a-ca45-4ca4-b580-7d77c4c9cb37,8.918492888,7.626014643,8.417877534,7.240310121,10.53843848,5.699328942,5.749284392,5.864883999,7.745407326,11.26740952
906a7080-58a8-4864-bb70-fcc91e98ac65,14.87735497,6.127731422,11.35497119,15.42348433,13.54400829,12.26140615,5.845570598,6.687727351,9.847919666,9.517515905
71e0a74c-1131-49a0-9fec-faac47ad5316,10.84285598,5.094029623,12.84524718,7.799288791,13.287762,10.17890699,14.36138467,5.560476219,8.537168048,7.764195914
5ef1e3d5-a194-4ba7-999c-9c6b8d3091ab,6.718544737,21.94105677,18.63025215,6.768066895,10.78582827,5.178074062,5.610937477,5.289203197,27.32698154,8.924698212
4cebf674-8b8c-4be3-b7cc-0b85521eff71,4.55410491,6.969057176,19.6577431,5.339042878,20.99743212,19.27143846,6.603578805,19.96551072,24.80504398,11.92814628
bb88be3e-a991-4876-b7f2-dbad1655ff11,7.140439264,13.58232125,27.22577918,23.27203912,9.985893476,18.13500342,8.190448065,27.84837385,6.211243721,21.88387861
08626acd-06dc-430f-a7b1-9822e93cad11,5.670220537,5.287329549,21.08817353,22.49923445,7.703036371,7.11006923,17.79346409,3.881978927,8.829276562,9.873918235
4759a40c-3170-463e-a429-dc0d4a556f2e,22.14876564,4.588068219,5.963466755,5.542701928,27.53732569,28.17434668,3.517535556,23.61146553,7.090415134,9.722224134
2fddb69c-2958-4b3a-9616-93af7971d197,4.099598795,22.05439283,23.16826074,22.06557092,20.15230572,6.240112227,20.52676897,4.470080886,7.051464462,22.33220848
e74cfd1d-3d27-4a86-930a-e4969332c4e5,9.241583982,8.344951758,6.241978367,6.308142427,5.897601706,9.733402042,11.75009528,7.167389132,5.165326769,13.87097927
8ae72076-cee4-4767-85a3-435bb6cc0c6f,9.687057772,4.913479509,13.15156758,12.7098277,7.787165393,8.2206174,10.30494507,4.964668071,5.315930401,7.803768988
ab68d7a7-2039-45ae-ae7c-c9ab194ea77b,8.329392911,7.997682785,8.965353624,8.119739845,7.24854953,8.284662749,4.428639411,7.375478718,7.214370791,15.50862225
5cdf6ffd-b855-476a-8e30-a60668a80059,22.65645228,3.88809816,21.97119092,8.386574765,22.05836484,18.14276737,20.85421352,16.99876025,4.025737379,5.178228278
0dd75f23-2b83-4fe3-8486-5d55a32accc9,4.033872646,5.994055473,6.842381876,4.328880641,8.154988783,6.675411472,7.474709596,9.059199323,4.112973728,13.06345557
e9eec8b3-0318-4547-b10a-ec2549a0735c,24.14596606,25.1950944,24.83308217,23.98116126,22.03887197,25.13527446,6.00836066,6.935138572,23.11469683,5.731760369
a25ccec9-3b6b-4e28-8290-eece677e999f,8.388727382,8.196670214,7.337389606,8.253869859,4.031548739,6.857934836,8.299052272,7.428197431,4.208691508,4.324430672
e0028d06-0375-4090-bd8c-540c03804c1a,20.98997518,19.95598191,17.52287851,20.34441509,7.431155692,19.32146588,14.41218248,22.81376468,6.699267193,7.715477817
4420762c-923e-4e58-9b2d-a661371e59c1,24.19568671,4.800854083,23.8365595,25.24612319,24.83007509,24.79072249,24.03003357,29.47714298,27.9576072,23.91704938
99f33c93-6fe3-4f4e-92af-689e32ddf185,4.618025033,3.381194579,21.51802738,17.66784146,23.19871317,22.66949015,4.139401951,5.318804475,23.79620382,4.833125165
f0fee988-b85a-4398-800a-29e439cd00e4,7.462495634,16.80599954,19.37155334,18.4965004,17.33644114,16.53271011,6.488035056,12.18340645,7.34953962,6.376623163
92e16f5f-82d7-4a4f-854d-820f81efa5a0,10.48046777,5.346938493,7.800528992,16.64623002,17.79268164,8.472313257,14.79765811,8.369381143,8.031365213,5.860471434
39ca1b4a-a123-48e1-afde-6aa6671deae3,6.812499396,4.579270958,6.928223982,12.88236597,15.61377691,7.174292866,16.59600491,5.898602824,12.1402879,8.315067937
da0aa1b6-8b2f-4e40-901a-a9b3d935ada3,5.8587308,11.82574345,6.752442104,8.35985298,5.29229789,3.524731907,21.75837461,19.05569321,5.233528477,18.06930175
17933eba-2c93-44e5-be86-79ec9dc88ff0,5.785226683,6.523045141,9.175341366,7.152775313,5.543086027,7.792880946,9.555773793,10.210794,6.999161252,9.732466471
8bc3bb2d-e2ad-49d6-bdd8-eace6a043cb9,5.010083179,5.31935885,6.99112086,4.553186095,11.04433895,7.606628277,8.047379279,7.581930512,5.445296806,6.417098941
d51a3e3d-1a28-499c-af88-f86f5f9a0694,4.528431694,6.406140154,7.047096322,3.753666087,6.315792325,5.481651933,8.235816892,4.220768142,7.800272253,9.734068307
32dca2ed-ee6f-4a97-96ac-404a0b26d58c,5.968368025,6.353343254,4.999679693,20.86699367,24.58439637,21.61697041,19.01385621,5.714838364,7.387180615,5.914417666
1fa9c7de-63a6-4bba-96bf-119ee9e76de2,5.354303207,7.131918768,5.335530455,3.871401326,6.211344472,4.444867967,11.40705978,5.587948528,7.907841192,5.651621087
41667c6a-7ea5-47a6-baf8-ea447ddf3fa9,5.993408017,10.40719851,9.613030491,14.61856181,11.15740594,7.00956478,8.155696706,7.298844704,9.812323103,13.92700518
10a88c96-d324-46bb-864a-bc77927c7fb3,4.888248317,7.118579277,5.499200703,15.36629139,5.193153442,16.27163446,4.582621919,3.53426736,7.810300517,5.266311344
c625ae47-48e9-4085-9991-88beb11152a1,3.392533745,5.344465088,6.034653068,4.898111137,3.857756318,4.495557533,8.092109187,6.223900237,4.39153879,5.015823344
6e2b18da-a96c-461a-8dc8-09cbadda4e93,5.231599797,7.003615976,4.091099219,7.064412289,4.626237643,5.348554111,4.653982373,6.126690676,6.241315381,8.175686066
3fbfca4b-3290-464e-8cb3-5d3ec64f3125,19.11768002,7.614318929,3.594438655,6.711464754,4.957227171,3.688942553,7.586047416,18.61447944,19.23959647,18.51887894
476405b6-8cf9-4fc1-9aef-32f8602e323d,4.810913266,6.082492658,6.797464787,3.84892708,5.116605878,3.99771898,18.29723219,7.572171783,18.02107049,5.048317345
127b982d-3b6f-46db-9879-7e8b6abbef9e,4.71652468,6.62110239,18.36470878,4.514906361,9.567925816,5.560718168,5.959436257,4.504384408,6.092564096,18.93340098
71e628d8-8ac8-4ec6-978c-81ed412d7910,9.11608345,8.975977731,9.09414578,9.291921729,28.85643961,24.12576168,24.72715163,9.892905162,5.441943207,4.664500608
72fb80d1-5901-4c1a-a63a-456de2abd274,9.206836657,8.239790339,8.987120565,23.18500086,9.068338264,8.400142492,23.97528353,9.137392655,8.719482307,18.41958233
4f586ee4-e7fa-4eff-94b0-001c90880c57,5.463187051,3.632768393,10.27237537,5.901820278,9.027839903,8.687503767,4.818712639,9.942628706,28.39447436,9.437762793
b654cd0c-f25a-4414-9731-d6555ec6c5db,6.956213852,5.880367986,5.976974255,7.836382444,19.32834975,6.7812379,11.53124309,6.630622327,5.645240393,4.040083751
d8d2339d-d42f-46cd-ab54-370b9330cf7d,8.828401401,8.490397412,9.028371288,23.95949322,5.485808483,28.64132812,5.387937367,24.50740531,6.981204696,5.163581106
5bc48e5e-64e1-468f-a59f-bd8ff42b5dd8,11.16708211,7.473433838,7.260707239,8.19936799,8.667941672,13.26582773,6.344909556,5.191862159,7.479680293,9.012460464
99a38fb7-a591-4c0c-bf6d-6c6dc613e2a3,8.138873888,8.308518782,8.71816576,8.29950154,9.197030854,8.490424489,7.325388209,8.305977755,11.33766819,7.272481406
79a5ca60-1ed9-48f9-a9e7-0d12bc1f03aa,9.629791557,9.23899783,5.603501652,10.21036575,7.294439599,7.01050754,11.32152373,7.922532956,5.992965638,7.380957614
eb0e68ae-32e2-4d8e-bdc6-0b215e54196e,6.288863994,21.96070005,4.572644163,22.25873902,4.017972336,9.658876857,4.906242139,19.97324901,5.489274723,21.47213509
64abd5b7-e6c1-43e5-ab04-cfc0be53fe6a,6.028278595,7.202120479,21.75934584,16.89296136,15.91261823,8.994013337,18.0219202,18.01847626,15.94904791,8.03730718
f21d408e-6cca-42ff-ad14-1813eb082d08,7.391417316,6.969908416,14.03049947,16.31686777,7.035081439,7.557459259,17.18222758,6.284861728,11.56614999,6.429125625
738c81ab-8df5-4d29-a37d-13b25652887e,7.559216256,9.151396743,5.840553433,7.61466381,6.248144937,5.603910704,21.11919402,18.01629832,4.940789734,19.11803433
8df02162-bde6-4708-b541-db3545cf058c,8.035845228,7.008843085,6.795565339,7.98079326,8.729384686,4.460104388,6.77663735,18.08251131,6.052973857,20.67822017
2f170058-4a17-419d-805e-45c927225c61,7.876652153,17.14284575,6.877435852,4.799999121,8.078701253,6.204552574,19.23053164,5.91037777,14.393267,15.86498467
13275296-86b0-4fa9-9dc4-f583539ecbee,16.41807845,10.81546347,7.147352552,17.8703401,9.603494118,14.02524362,8.986147611,11.41205029,9.946429503,6.58548581
9bd7cbe5-9833-45c6-8b19-62b35cb4186e,5.051720088,18.82588603,6.086453481,6.113430183,20.63558516,20.0728139,6.761720732,13.41353687,15.72762493,6.393859846
81b87cb5-76d8-4c0d-bf3f-0da1bd15bd82,6.214441327,17.78953064,5.035105094,19.44492793,14.80256983,4.149806452,9.384426473,18.86308395,14.53571149,6.064622099
845fb86b-564c-45d9-8794-4f378cfa2f26,5.501264222,8.103841079,7.875186371,14.83391066,9.726199016,4.74316657,6.745207213,12.93878362,8.844095158,6.938254623
cf59014d-d51f-4007-adb7-58d1a375fcf5,7.280561134,27.3547426,28.00992814,23.36403754,21.99655503,10.01980899,13.73411577,8.332003387,18.38658921,4.60064332
2a62d1f4-da2f-46ea-88ab-97522ff1a89d,4.904162574,16.46623146,12.31381282,6.214102524,5.551034574,11.55286326,9.244329981,18.35336274,4.529843125,6.222773827
5c83ad32-9035-4026-a4db-40ab9c17bf57,22.07912462,4.63664152,5.996137025,27.52309067,5.998935316,3.121141564,28.137748,24.26494312,4.711052068,9.581291875
b89c6eeb-fe44-4036-9b52-de59e84be7b3,11.481999,5.285464331,12.11640892,17.00420032,6.109765499,14.01458432,12.93123876,6.294607242,8.429226369,5.182839193
62cd50ea-fbfd-4fc5-8ab4-3d40da1c0a4c,6.629856348,16.80062085,6.891515301,12.41688333,20.43476951,6.904360151,9.949452098,9.165176646,6.724457236,11.39550922
dbbd0558-fd48-417c-aa60-eb0b07b3b123,7.59281992,7.598905233,7.218118849,7.715647294,5.177765104,8.453061589,6.508116711,6.559030658,20.98795647,22.20009204
e877a594-a88e-482e-a494-26397bc395a6,6.849189415,5.890688812,7.455920578,7.088604764,9.211787276,6.254024539,10.65030861,6.823230871,5.56807998,4.74418538
338ac10e-a6c3-4b3d-b84f-e9f878943c25,9.470003945,7.714660595,9.682280787,7.696810475,11.70924794,7.952575487,7.799134095,10.24586369,11.07559732,10.22439142
cb63e45b-a980-4717-a172-4eb4ea573154,10.63709234,11.22179439,4.215621551,13.79334144,6.666482339,7.208947494,12.67132735,6.106778597,6.281883959,5.851264701
df0cd508-6751-4689-8991-ccb53a444d68,15.06506613,14.30311362,6.106253274,6.324324012,12.12494619,5.455955725,3.578549011,9.713389008,13.98516003,6.929134634
ce44cbab-1b43-4b37-9105-c657fcf930b5,27.06386899,4.388641654,23.28682063,27.75124331,3.48053258,23.16431693,4.034694426,5.279622564,5.134104712,6.330311273
ec49992a-b6d0-425a-9169-e4eacdd75d44,22.76754107,4.008249206,5.383679065,5.52382948,4.794592994,3.762177494,22.43888565,4.789192121,3.992636911,22.33312681
4d33f52c-4cf1-45cb-ac88-4c7f0566887d,4.326177841,5.99192886,23.12419613,5.811521221,21.24801205,23.09514391,4.290622571,6.038568387,7.197173615,6.1106866
65ee5fae-5771-4a52-bf1e-d876dc8c2068,8.674867598,16.21231481,9.186833734,6.283819204,16.65785128,12.94590665,10.48407288,7.624230577,7.064378783,9.734792971
b2022867-4f8f-4c16-b75a-16aec8420ea6,9.598006392,8.148985321,7.433919989,10.11127727,9.120403738,13.43842816,8.549307179,7.248678149,6.59225598,9.635411164
1aa6c0a2-c0f1-4d13-9c9c-bc6eedb423e2,5.927345078,8.902266696,4.800511936,6.652249866,6.8553693,19.73449809,10.48489002,5.855667287,5.091408385,6.902297208
0f412601-76d5-4127-af2d-711c110abdd0,4.515116677,4.398463422,6.666417215,8.53931051,7.506570678,6.447370524,17.98006714,14.79675423,17.40301453,6.758496562
4dcf4cce-f05f-4973-a9da-b18334743b09,6.030682256,4.64552669,9.192400512,6.451340599,16.22284477,5.709654107,7.834429306,8.623989493,5.807634834,4.507144621
bf49ffbf-21df-4249-8c11-3c5f74b567dd,6.710208515,17.44137107,17.10967387,22.92965616,5.565541589,6.826247667,8.820440446,18.43148564,22.30136277,15.81520307
de7dc6dc-896b-4050-b1d8-927c15ce40fd,7.307999699,13.3789406,10.38682298,5.507499591,9.554197882,5.623128551,3.705538429,4.820425192,8.365515168,12.05505384
3302688f-82bb-47b0-a4f8-cc22bb321db7,8.522299096,7.074049063,7.622351433,5.250152899,10.86503508,8.568476448,8.297750317,4.239783716,11.2811155,8.670412977
999d33a7-1f60-4af5-a14f-f88f9ba2183b,7.430151227,21.57070518,21.31677786,21.13825604,6.779193035,8.739248494,16.14849267,9.388215817,21.0405937,18.15981373
4f370a36-0f3c-4247-834f-ec9dd48d4b6f,6.125296839,17.3728085,9.906842388,12.72065089,9.999993817,19.07886597,10.210446,18.85691293,14.6638348,4.792095332
