,,,,,,,,,,,,1,2,3,4,5,,,,,,
e99d6d74-2c5b-4fd0-9e12-2ea3dd09a0a7,5.044518738,9.219610053,4.632732938,10.64909618,7.514630562,12.49978916,13.82017708,10.75171666,4.677637838,12.94057574,,5.044518738,5.044518738,4.632732938,4.632732938,4.632732938,,,,,,
b24ba72a-78dd-4c45-b083-24f919da23fa,9.635541888,4.243690886,4.436264061,5.819458809,5.935074128,14.82884869,8.947382935,6.23458208,3.297001602,9.732981908,,9.635541888,4.243690886,4.243690886,4.243690886,4.243690886,,,,,,
0d494961-7c48-4bf0-ba74-77233c219978,9.243926641,7.238427152,4.034139904,10.66747302,5.835919265,7.43860695,7.997344927,8.444914477,9.064748559,9.905551119,,9.243926641,7.238427152,4.034139904,4.034139904,4.034139904,,,,,,
02031c9f-2748-44f4-813c-9893a21dd4ef,4.375687704,13.3888371,10.09763318,3.932412058,11.82376858,9.377208036,9.64827447,4.997855481,7.700589771,13.0788205,,4.375687704,4.375687704,4.375687704,3.932412058,3.932412058,,,,,,
c1c9df92-28a1-4a12-8ce2-18b03d8a5310,12.89080829,19.45850637,6.60049147,6.32403362,18.41449539,12.99846706,9.169815283,11.05578491,18.72680921,19.10136528,,12.89080829,12.89080829,6.60049147,6.32403362,6.32403362,,,,,,
ae67fe05-2d68-4de2-97a0-13a72bed6f49,6.773708278,8.934259965,15.12986042,9.83296609,16.67096444,16.39249225,3.077323418,17.14449234,21.0735899,3.426564567,,6.773708278,6.773708278,6.773708278,6.773708278,6.773708278,,,,,,
17c931ac-e1ab-4502-ada2-8488f8748c2f,4.093480326,10.46241405,9.807878605,14.52136551,16.96103495,16.42967141,17.58131533,7.655695559,4.589621157,10.99937163,,4.093480326,4.093480326,4.093480326,4.093480326,4.093480326,,,,,,
5ef08771-d7ae-431e-b6a5-130f7abe9a43,6.757067161,7.553071273,10.14543397,7.643555559,20.18340843,4.005448804,5.642550259,6.189211688,18.21455914,4.987173727,,6.757067161,6.757067161,6.757067161,6.757067161,6.757067161,,,,,,
72d42f67-882e-494f-bbd0-f4198af4d2ac,9.439299612,5.946954312,6.924438224,4.718099261,16.91345283,6.787601681,3.314772601,1.870096341,9.151042501,6.872665374,,9.439299612,5.946954312,5.946954312,4.718099261,4.718099261,,,,,,
e8998113-e9a6-4f14-8239-5cbb3e62c1da,15.45777767,15.10069505,10.82734089,21.60545633,15.7573163,10.29142757,17.51862831,5.825535188,20.81343689,13.21877157,,15.45777767,15.10069505,10.82734089,10.82734089,10.82734089,,,,,,
aa2fa788-d587-4be7-8575-ef6a64e8924c,2.340336811,7.305262845,10.11543668,4.481028676,8.86511678,19.64763367,5.442899177,21.60084219,7.730204985,8.163869986,,2.340336811,2.340336811,2.340336811,2.340336811,2.340336811,,,,,,
1f33b29e-d4e8-4889-8113-2043241bfe62,8.611467489,5.926760111,13.70763506,6.915457194,6.543332082,6.984991801,7.907262792,4.303351631,11.20513543,5.403158823,,8.611467489,5.926760111,5.926760111,5.926760111,5.926760111,,,,,,
dba9ae2f-ddd1-46bf-8fd7-1f7362d22647,15.12391441,9.958952458,6.387903129,6.940962054,11.6274677,11.44133626,8.918194446,15.3012855,8.940961356,11.90029149,,15.12391441,9.958952458,6.387903129,6.387903129,6.387903129,,,,,,
7fe8b013-901f-44a9-9db7-97c650973fd8,6.642917092,4.682318732,12.93346229,14.1021493,4.840303015,5.863222793,4.043332229,5.944990606,7.045784983,6.401064733,,6.642917092,4.682318732,4.682318732,4.682318732,4.682318732,,,,,,
96728a37-7a50-4057-8e7f-d967d166115a,6.754954337,9.534271387,8.120935265,15.15065166,2.747446236,6.005199561,12.26572131,9.897334369,11.98843959,5.151633177,,6.754954337,6.754954337,6.754954337,6.754954337,2.747446236,,,,,,
49e0f33b-9096-4d99-b5ed-5ab969f6985e,6.664536206,6.975432868,6.749868798,9.449430919,10.14964488,11.92945871,7.725119477,8.148567674,9.279649488,7.147383144,,6.664536206,6.664536206,6.664536206,6.664536206,6.664536206,,,,,,
bbfbdd1c-0456-4445-bfcb-b9ed2f5e470e,14.75689751,5.255608433,12.2454902,11.19211774,10.82682811,7.133844426,7.049196439,5.792889152,12.5278364,4.958214442,,14.75689751,5.255608433,5.255608433,5.255608433,5.255608433,,,,,,
07f9f0ce-3ca0-4ed6-9912-6490c19cf62e,5.293533977,2.342417764,2.74404897,13.07252977,11.68131016,9.561837922,7.167874896,2.652654336,9.267363037,5.568447178,,5.293533977,2.342417764,2.342417764,2.342417764,2.342417764,,,,,,
d3ad055e-f9f9-49ce-8c8c-aa6885776e47,11.18338536,7.753658912,7.730789532,9.096036445,7.370651837,4.741770665,7.187123996,11.46400626,5.255395209,3.441510034,,11.18338536,7.753658912,7.730789532,7.730789532,7.370651837,,,,,,
1b088643-80df-44b6-a892-7ad3797e6368,5.723163349,5.316783455,5.66655546,9.872031365,9.299803909,11.55792161,5.563900106,6.920545392,2.575463192,8.120199634,,5.723163349,5.316783455,5.316783455,5.316783455,5.316783455,,,,,,
d395a1eb-fdc8-4ae0-a35d-a447a83cd2f4,11.35444052,5.895591343,11.00676445,10.15456142,5.000663623,7.245829319,7.595898886,3.7185233,5.107694268,9.694738536,,11.35444052,5.895591343,5.895591343,5.895591343,5.000663623,,,,,,
5b281b06-c27e-49c3-bc13-d05b7d71f166,9.993465372,15.77338549,13.63452119,13.59789149,9.426848013,6.104789938,14.81084769,12.44815215,14.05534737,16.22449529,,9.993465372,9.993465372,9.993465372,9.993465372,9.426848013,,,,,,
4caa24b7-1542-4421-95b9-afb77914b255,10.08062797,5.092410651,13.75251599,9.040815404,6.384104847,13.29757287,9.548850129,18.16032363,12.4549955,11.13737203,,10.08062797,5.092410651,5.092410651,5.092410651,5.092410651,,,,,,
f79e9dea-3b57-4b71-ba5b-ee5c0b59dcde,4.004764405,1.776585621,10.79450204,4.726305035,5.11060968,9.811398055,4.733503023,17.14565847,14.18469586,8.885969162,,4.004764405,1.776585621,1.776585621,1.776585621,1.776585621,,,,,,
2accaaca-7ff6-4cf9-996a-33b30408ba03,8.703839942,5.732915867,4.807782247,5.006748114,7.127947977,10.55594617,12.40433098,7.181263948,10.34020511,5.684012039,,8.703839942,5.732915867,4.807782247,4.807782247,4.807782247,,,,,,
241030ca-10be-4892-89bf-a843f3a005a2,4.66619678,6.551597788,5.988786889,8.107461008,4.868935675,8.277630026,6.36468736,4.860283965,4.487783052,5.952951565,,4.66619678,4.66619678,4.66619678,4.66619678,4.66619678,,,,,,
0a2bfad8-dd88-4f03-aef2-dd9c31397211,8.894138414,8.392182376,9.736095405,10.16518648,12.16376096,5.576580582,4.575088764,5.392268312,7.738575694,9.237156319,,8.894138414,8.392182376,8.392182376,8.392182376,8.392182376,,,,,,
cc557093-450b-48ff-ba1d-5d2d0e319815,6.49861425,7.336600984,4.931262006,8.380214678,2.864246519,3.66618436,10.64440623,6.169668951,9.525618901,5.955066107,,6.49861425,6.49861425,4.931262006,4.931262006,2.864246519,,,,,,
368063e3-9af3-47b6-b1a5-04ffe3be647f,6.900256377,9.965782099,8.288051304,10.1903304,8.725082549,5.286585144,2.851723954,4.824359727,4.619840641,9.948425688,,6.900256377,6.900256377,6.900256377,6.900256377,6.900256377,,,,,,
69983d97-b071-4f4b-b6e3-ba3caf4889b3,3.523789408,11.92582971,5.625287708,11.92712699,9.547776675,6.064217716,9.40012374,13.18727194,5.870980565,14.35793824,,3.523789408,3.523789408,3.523789408,3.523789408,3.523789408,,,,,,
03ae5389-f2d0-4894-a434-3002edbe1a6c,5.197968962,11.03595444,5.788095461,12.66527387,3.846286088,3.682723333,11.79066431,12.16777081,8.844024315,5.964951597,,5.197968962,5.197968962,5.197968962,5.197968962,3.846286088,,,,,,
a53749ce-4e9b-4cd8-86e0-b3398a0bebd2,5.621736053,7.316316852,4.642305544,8.471726907,13.19618588,7.773453092,8.007611703,5.697813736,8.636256961,9.920312431,,5.621736053,5.621736053,4.642305544,4.642305544,4.642305544,,,,,,
3bc7beef-4159-4c83-ac8e-4f29fb08cd4f,8.35157755,9.748356026,4.892781853,8.08842611,8.062379565,8.692471928,8.487720663,5.692470445,14.09368444,9.1043639,,8.35157755,8.35157755,4.892781853,4.892781853,4.892781853,,,,,,
451232b2-f63b-4220-8034-09a72ed8a921,8.513493836,2.68749945,11.37574112,15.02644701,9.0554341,5.765564212,10.08280364,7.011911985,8.943786192,11.00762253,,8.513493836,2.68749945,2.68749945,2.68749945,2.68749945,,,,,,
d333baaf-f504-4557-8a8d-43ae64bc0f73,7.714961529,4.563402979,5.637138117,3.993935674,25.08493945,5.923508578,16.54492507,7.455168647,10.12783591,17.36662885,,7.714961529,4.563402979,4.563402979,3.993935674,3.993935674,,,,,,
5af4cbf2-8566-4066-94f8-70fa1d04e55d,15.56391594,8.092731531,14.87142183,8.3720339,9.555859511,6.512344269,10.16527168,4.997463175,5.977786646,8.187763161,,15.56391594,8.092731531,8.092731531,8.092731531,8.092731531,,,,,,
74c15c33-d66e-402d-a6ea-3a421aff2075,13.67004713,4.303244819,13.9841188,12.73150321,13.28643815,13.68806435,9.621037307,13.11773186,10.86443271,8.478316981,,13.67004713,4.303244819,4.303244819,4.303244819,4.303244819,,,,,,
52b0f5dd-cbe1-4421-b956-00aef9bfa00d,11.53614753,4.535251561,3.369354766,7.699414651,12.07705006,5.005243223,4.797733039,5.168104288,8.874284936,11.35882667,,11.53614753,4.535251561,3.369354766,3.369354766,3.369354766,,,,,,
ea362443-1e55-442c-b839-3d01f70096d9,4.652728956,5.601556612,5.855029532,8.628604986,6.047863944,8.441638897,3.734015233,11.50333928,3.349455423,9.440566395,,4.652728956,4.652728956,4.652728956,4.652728956,4.652728956,,,,,,
fb2f195e-8d92-407e-a12b-7ba842970082,7.294737722,4.364066999,5.941602848,9.308844169,3.939640216,5.860372437,7.200084622,9.127065288,5.475312364,5.899801409,,7.294737722,4.364066999,4.364066999,4.364066999,3.939640216,,,,,,
8550b45a-a8eb-4052-b5f6-b5189cfc8006,8.78026572,14.66030726,5.682660967,15.15168228,10.69434428,6.553599504,10.45773359,15.52626693,4.609197632,15.67057779,,8.78026572,8.78026572,5.682660967,5.682660967,5.682660967,,,,,,
9b13e748-9799-46a1-84da-a788d2e98972,4.471809954,8.50596649,6.368164455,5.483076849,8.444998995,7.789570254,5.746662448,7.210402305,6.407252396,10.41127374,,4.471809954,4.471809954,4.471809954,4.471809954,4.471809954,,,,,,
61cb2d9b-3c6b-4e90-952e-f57ac0cfe387,8.610540138,7.670876409,12.35151881,8.647033991,10.00388812,16.9791373,11.14271141,11.86072134,9.985361291,10.59620177,,8.610540138,7.670876409,7.670876409,7.670876409,7.670876409,,,,,,
34650097-9824-42dd-8fb5-4b701e5895a3,9.305014012,8.776124781,8.012044066,7.099207393,10.03596928,16.28021314,2.664103313,3.954875455,10.62327901,9.362364787,,9.305014012,8.776124781,8.012044066,7.099207393,7.099207393,,,,,,
efb0b539-12aa-4a68-b81d-fe15c790b093,4.118137774,12.0332749,12.55061252,10.25451771,9.718148052,11.88913608,9.332593698,9.626122463,10.20894256,14.1851514,,4.118137774,4.118137774,4.118137774,4.118137774,4.118137774,,,,,,
0fb611ea-9a54-44fc-b992-11962a5de8d0,9.562361571,11.79564331,5.461315868,5.630167601,10.44080678,4.788136369,7.043643049,8.085138527,4.38841533,8.072853113,,9.562361571,9.562361571,5.461315868,5.461315868,5.461315868,,,,,,
e81934a3-9140-4eab-b1c5-a84554c7e72a,3.535146895,9.442646889,3.062554237,7.284208345,6.582003031,3.423454878,3.750018597,7.546721319,11.49565791,9.469743066,,3.535146895,3.535146895,3.062554237,3.062554237,3.062554237,,,,,,
5af53aaf-f229-4e25-9b22-937544b03cac,7.783679303,19.55955103,18.76331358,12.02096315,8.709794626,7.700783218,14.81785897,12.56256953,6.706496052,4.040073119,,7.783679303,7.783679303,7.783679303,7.783679303,7.783679303,,,,,,
3c61db0d-cfb0-4f51-83e2-4fe05804adba,8.057900637,5.739070565,5.189316076,9.698414845,8.359594682,6.539772282,13.00513362,12.85112338,15.7691824,2.490578204,,8.057900637,5.739070565,5.189316076,5.189316076,5.189316076,,,,,,
11242850-8572-4e02-ba62-b239fb571ddd,8.579512095,9.279914084,8.10458241,11.64696709,10.73886655,4.312556395,5.86385591,5.214634514,7.241054992,8.4807971,,8.579512095,8.579512095,8.10458241,8.10458241,8.10458241,,,,,,
3d529c4e-08f8-4ea5-abbe-dc882b204b2c,5.798980576,4.193917413,7.157126844,5.173723678,8.344486018,8.069290506,4.924700208,4.439937721,5.680545101,8.630696963,,5.798980576,4.193917413,4.193917413,4.193917413,4.193917413,,,,,,
9b5d829b-c61e-428c-b15a-80d46fc339db,18.53492333,4.704933356,5.127060481,7.40854516,8.305105157,22.90014347,22.19043681,20.69891822,4.57649004,14.16960007,,18.53492333,4.704933356,4.704933356,4.704933356,4.704933356,,,,,,
d1e64ea1-044f-44c5-aff2-e9af1632871f,5.89352513,5.84004706,8.865925667,8.770863946,11.26271376,8.934810376,10.36752713,5.685422518,6.860639922,6.626542112,,5.89352513,5.84004706,5.84004706,5.84004706,5.84004706,,,,,,
25f7ca57-4fd3-4faa-a66f-46cb2c727237,8.981930828,4.162982696,7.254930287,5.713725579,8.480136513,5.55942965,4.131268219,5.809033603,7.093447933,4.416590308,,8.981930828,4.162982696,4.162982696,4.162982696,4.162982696,,,,,,
90d6ba5d-f90d-4437-97ce-bddb4f922afc,5.180772174,5.156364905,2.175579746,4.660888164,3.192951491,3.496540011,3.341751192,4.996467527,8.157933989,7.782359421,,5.180772174,5.156364905,2.175579746,2.175579746,2.175579746,,,,,,
936e2df7-ea59-4c4d-aa05-4bae36281ffc,5.05130429,6.353783645,7.959172016,3.849831184,4.289817961,4.51141803,5.1655972,9.867099093,14.1933964,6.159278733,,5.05130429,5.05130429,5.05130429,3.849831184,3.849831184,,,,,,
ba412328-569d-4913-a5d8-a269e16213af,6.672260007,11.85560479,6.330418363,9.872587684,7.81688072,5.497922154,3.216525245,7.231094486,13.99808007,5.674954734,,6.672260007,6.672260007,6.330418363,6.330418363,6.330418363,,,,,,
3f195045-c9c3-4dcc-b97b-6947d9a98cec,8.005826068,9.962148049,9.851706841,17.6620829,10.90449144,6.719747012,8.687793955,11.07944007,7.690338987,11.3148959,,8.005826068,8.005826068,8.005826068,8.005826068,8.005826068,,,,,,
cca35b56-e961-4453-af3e-5b9f4f8fbcb4,8.610219074,6.229576092,8.385633733,8.201805789,7.091872421,4.679375863,7.370145245,8.817264738,12.06467584,8.270039065,,8.610219074,6.229576092,6.229576092,6.229576092,6.229576092,,,,,,
e086b3ea-3390-46fd-91e2-413759b2e76f,14.02048348,14.98276161,5.516594275,4.435558071,7.631879379,5.670717807,15.50173068,14.29656929,13.21206443,7.796512761,,14.02048348,14.02048348,5.516594275,4.435558071,4.435558071,,,,,,
e001284e-6038-4d33-9aee-3f4841c63e01,5.640925456,6.179740354,3.096622279,5.444053348,15.08199761,3.922348954,11.14743576,5.691736583,4.060009844,6.651299612,,5.640925456,5.640925456,3.096622279,3.096622279,3.096622279,,,,,,
bf96b7e0-3f26-40e2-b4b8-e81b09e8a12a,12.31645545,8.105355842,8.77789077,11.08813724,10.67496108,11.77658543,9.572355076,13.81347751,8.093170068,0.941707993,,12.31645545,8.105355842,8.105355842,8.105355842,8.105355842,,,,,,
c0775325-c437-469d-a05c-5f55416a027d,5.288869135,13.09706455,12.36481816,11.67524793,8.397192688,13.55418152,11.1983877,12.17560285,8.756508643,11.09344221,,5.288869135,5.288869135,5.288869135,5.288869135,5.288869135,,,,,,
193b810a-866a-49ba-94b2-2ac2a07e4637,12.27383972,5.557643903,11.43847577,9.99251967,11.67547755,3.517761921,8.478955855,10.98052115,7.296123822,13.23067013,,12.27383972,5.557643903,5.557643903,5.557643903,5.557643903,,,,,,
68af811f-e9a6-450f-b13c-550cfaec3907,10.16336097,5.246505203,13.53375518,7.557514311,7.116109013,12.99406313,3.044203813,7.46832754,8.091371756,9.148185907,,10.16336097,5.246505203,5.246505203,5.246505203,5.246505203,,,,,,
854a47cd-fd56-43f2-b0f9-6a2e27f1a658,9.687901901,9.88979752,7.840666797,8.626941506,10.02871258,7.323765526,16.88561647,9.973789616,5.644195702,2.833346633,,9.687901901,9.687901901,7.840666797,7.840666797,7.840666797,,,,,,
1e6f71b4-85f3-4f3c-baf3-a0759e3243ab,8.428550256,12.55755247,5.867030919,5.481075832,10.57409455,6.493519272,5.783279955,7.548856467,4.622790161,8.605310183,,8.428550256,8.428550256,5.867030919,5.481075832,5.481075832,,,,,,
4c9b831d-a690-45f7-8c32-975eaad72866,13.7899771,3.655569751,11.01703552,4.626961996,10.25857222,5.42968601,5.42825542,14.43391014,2.811407676,10.21545746,,13.7899771,3.655569751,3.655569751,3.655569751,3.655569751,,,,,,
b2bb5858-7c6d-401b-9dfb-2345a4133145,7.393008032,3.700057559,3.278723643,5.755350947,11.33467982,6.776473964,6.512147819,10.00540411,5.687420786,12.37271728,,7.393008032,3.700057559,3.278723643,3.278723643,3.278723643,,,,,,
eb499e58-8d51-4bc8-8f9e-905b2359f5b6,13.8195143,15.11783519,5.598518546,5.739207685,7.622480558,6.296274382,5.52100362,15.59832565,8.265491946,14.81851531,,13.8195143,13.8195143,5.598518546,5.598518546,5.598518546,,,,,,
d3c35608-0d28-4447-a808-d82e6bc55785,3.04811971,4.792357035,10.65145013,8.021575988,5.352106533,4.511932993,2.674317254,8.09642003,7.012183314,11.93281301,,3.04811971,3.04811971,3.04811971,3.04811971,3.04811971,,,,,,
6475dd4f-0b33-42f9-92b5-75e0a917d751,5.228648483,9.16948868,4.656412451,6.338748612,6.099873645,2.899255769,9.136012345,8.088773528,13.19517116,3.764688989,,5.228648483,5.228648483,4.656412451,4.656412451,4.656412451,,,,,,
e4880d7b-d318-407d-bdfd-4d58cfb39285,1.91857214,9.75972163,12.74679846,9.811654744,7.432630073,11.22064135,13.83717859,8.433826076,4.164508247,5.512708414,,1.91857214,1.91857214,1.91857214,1.91857214,1.91857214,,,,,,
7111092c-7814-46d6-b764-360d880c89de,5.19340066,7.44203645,5.350025112,9.123767106,5.59614883,2.646987246,5.270890099,8.113051929,9.341137274,4.549463539,,5.19340066,5.19340066,5.19340066,5.19340066,5.19340066,,,,,,
796ba5a3-4884-4004-b8c3-d7a83aaa5cfa,7.214535429,11.2262239,6.958731151,7.643016126,7.928085632,15.30194294,7.075492943,13.93079414,9.218086284,9.106279456,,7.214535429,7.214535429,6.958731151,6.958731151,6.958731151,,,,,,
bb49c7bf-3576-497e-a33a-6d7d1fdfe1df,14.47660574,8.367643215,12.00512582,16.11619986,7.450560881,5.73534059,7.47712332,6.971357352,8.525479808,12.48721031,,14.47660574,8.367643215,8.367643215,8.367643215,7.450560881,,,,,,
16f82d4f-2f5d-4082-ac59-1ed89dc9ff67,6.627072301,11.29952031,14.89767924,7.542086537,7.754133047,7.887197498,13.16632665,21.6868716,14.49881813,7.509931617,,6.627072301,6.627072301,6.627072301,6.627072301,6.627072301,,,,,,
f6b40ab5-7f1c-45f8-8644-5c854bcee07a,20.46186844,21.41166303,11.15889267,18.92745811,20.35941455,20.6255903,19.15983039,24.47366256,17.32635148,18.82629319,,20.46186844,20.46186844,11.15889267,11.15889267,11.15889267,,,,,,
c20b447d-99dc-46d2-84c6-a7fe0786c729,19.56013239,9.853736918,19.36305933,20.14919872,16.39889728,23.04544023,4.921870818,19.10797725,11.92359587,17.83382857,,19.56013239,9.853736918,9.853736918,9.853736918,9.853736918,,,,,,
70e59eac-e9c9-4fd4-944e-3d84b2aab5c5,12.31138376,6.236202766,6.477315153,16.00453425,17.71811852,9.545249021,9.454321457,2.046776997,2.088503847,14.61151724,,12.31138376,6.236202766,6.236202766,6.236202766,6.236202766,,,,,,
c60b1757-a84a-4f63-a84c-8689f43dd0dd,10.2438599,7.342382937,11.51429092,2.523657633,4.625962581,6.621048888,14.09268176,5.4931796,6.599564246,14.2076641,,10.2438599,7.342382937,7.342382937,2.523657633,2.523657633,,,,,,
86c8d037-d843-4bcc-890c-a1e8ca1e8070,9.948803825,13.57142396,19.49316448,6.697977941,3.630145489,12.08760389,11.5867926,5.715056254,9.556735971,14.19947021,,9.948803825,9.948803825,9.948803825,6.697977941,3.630145489,,,,,,
3aec661f-2435-48b9-a940-5c91efb8335e,9.735316804,8.872435156,6.782434297,6.852679739,13.70710152,17.40296165,14.52028514,17.69545504,6.751872062,8.953035845,,9.735316804,8.872435156,6.782434297,6.782434297,6.782434297,,,,,,
13d6d571-7472-43a0-9ab7-228e6862fa4d,9.251951741,8.337755187,3.488095943,7.472942452,6.052535341,8.463850936,4.007808616,11.82087811,9.547582996,14.93653476,,9.251951741,8.337755187,3.488095943,3.488095943,3.488095943,,,,,,
8abdd490-03bf-44f3-aa47-8703dba27ebd,2.680019381,4.357126523,4.595094839,4.537118905,2.947333549,4.387844604,14.62001873,5.014730421,5.530418948,1.949242375,,2.680019381,2.680019381,2.680019381,2.680019381,2.680019381,,,,,,
333e34c4-48f2-49bf-b44b-c85301118877,0.361120463,5.168238244,6.53315903,4.48648282,0.853976814,6.065882515,3.699414327,7.379600299,4.062182108,1.249995633,,0.361120463,0.361120463,0.361120463,0.361120463,0.361120463,,,,,,
73c9c3e9-b724-43cf-adc7-c8d7e45fc2ee,7.716544447,5.578234492,7.299513695,2.936571189,8.074245106,9.061377659,7.656756135,2.391720717,9.238806703,5.965369338,,7.716544447,5.578234492,5.578234492,2.936571189,2.936571189,,,,,,
de16c3b6-7476-4254-a6bf-cdf70a211546,8.582767072,10.37710359,6.038423637,8.476677223,10.01166632,6.218698921,8.637447813,7.646661429,5.035105179,5.320546487,,8.582767072,8.582767072,6.038423637,6.038423637,6.038423637,,,,,,
232d3283-e0d3-4e9f-8c3d-dbe0b4ac457e,2.758796617,7.548284944,8.0641466,6.99740945,10.70641237,4.408897947,7.323139552,7.238377583,13.07395645,9.494422508,,2.758796617,2.758796617,2.758796617,2.758796617,2.758796617,,,,,,
5004c98c-4e1e-4f40-8a96-faa0480275ff,13.64247233,5.270419164,3.971080067,7.524463915,6.388149256,12.98635998,3.073836231,11.63112445,6.221560752,7.157022671,,13.64247233,5.270419164,3.971080067,3.971080067,3.971080067,,,,,,
78764a49-77d6-4254-af36-326298c1be2b,4.790905018,7.745917765,3.211820989,8.419092898,5.749295549,10.17799848,13.13721738,7.802385192,2.403516067,9.45251777,,4.790905018,4.790905018,3.211820989,3.211820989,3.211820989,,,,,,
ac4d71b9-b978-45c2-904b-45ba1ea0ea7d,8.982257422,8.922872591,7.636377069,8.863444807,4.313087335,7.227524997,4.092064035,6.933843815,3.307153234,5.445687436,,8.982257422,8.922872591,7.636377069,7.636377069,4.313087335,,,,,,
4454a851-1915-410d-872a-46667e933aa6,5.982784714,10.6634345,4.883129472,3.511906612,6.526998969,6.67489667,11.11074166,9.511569787,12.01606931,12.58932909,,5.982784714,5.982784714,4.883129472,3.511906612,3.511906612,,,,,,
ad28af2e-db25-4794-a44b-205abcf6a6ab,3.740197435,5.602063036,3.328043268,6.813848306,7.967338344,5.693727168,9.902721936,10.01258124,5.979828876,5.817042224,,3.740197435,3.740197435,3.328043268,3.328043268,3.328043268,,,,,,
557306c7-ecb7-46db-8493-334c55eb970b,8.915047614,7.826081675,5.484215411,8.124440778,3.144321512,7.17167707,1.352623397,5.919246997,6.440601234,7.37024318,,8.915047614,7.826081675,5.484215411,5.484215411,3.144321512,,,,,,
028a831b-1c9b-49f3-8cfe-3a823d733ea3,12.29198384,8.835198052,7.952613455,11.08896843,8.124106747,11.12745546,11.71987993,9.943289211,13.96184809,8.592312375,,12.29198384,8.835198052,7.952613455,7.952613455,7.952613455,,,,,,
f3544dc2-852d-425e-88b1-63ba3efe1690,9.929371914,4.521458768,14.17224499,6.820747187,13.52633033,7.016274452,9.346432262,8.30710451,3.625030717,6.892000758,,9.929371914,4.521458768,4.521458768,4.521458768,4.521458768,,,,,,
dc8196f3-bbd1-42fb-aff3-f3389939ac7c,7.766872579,9.661624187,11.07276122,9.977367716,10.83269024,7.689269185,11.21765862,11.20988144,9.157089616,10.47114639,,7.766872579,7.766872579,7.766872579,7.766872579,7.766872579,,,,,,
a1827bcd-f38e-4e3b-a19d-c1478182971b,8.368413799,6.354800641,7.077248844,7.620107078,8.57295807,8.137692748,4.269077738,8.962809351,10.31364853,12.07343373,,8.368413799,6.354800641,6.354800641,6.354800641,6.354800641,,,,,,
e3ba29a3-e736-472a-8f38-045d78ae6144,8.094425007,10.82575432,7.197240942,8.710829006,7.346872045,11.32870784,9.719412668,8.726862043,13.64151726,9.226656519,,8.094425007,8.094425007,7.197240942,7.197240942,7.197240942,,,,,,
8bad0dd4-683e-45f2-86eb-e77020c0eab9,9.892244533,8.460326357,16.28411175,11.52500187,11.00994531,6.835265859,11.10508615,5.224906444,10.5460333,10.67354566,,9.892244533,8.460326357,8.460326357,8.460326357,8.460326357,,,,,,
d30f2b23-7ad4-447a-9bf2-be37bf4896b8,17.36901808,17.66685045,22.55899807,13.32859122,16.6613049,8.912833246,25.73288983,17.05404852,19.66559096,15.46381345,,17.36901808,17.36901808,17.36901808,13.32859122,13.32859122,,,,,,
a7043344-89e9-4177-b9c7-3be40db56632,8.239430494,16.21404719,13.92524256,14.01311716,13.36884005,18.72937476,4.608109837,8.546171307,12.38660323,9.474060123,,8.239430494,8.239430494,8.239430494,8.239430494,8.239430494,,,,,,
484173a9-9f60-4ac1-924c-d0cbc2f8a43f,9.833342011,6.957356085,10.44789823,11.06751723,4.611338248,15.21671088,18.21014621,11.60292289,8.94700702,6.71994037,,9.833342011,6.957356085,6.957356085,6.957356085,4.611338248,,,,,,
88e4ef87-11d3-401d-9dd6-9de35de7d709,12.93409341,9.169362928,9.539641201,9.594484158,14.15309063,15.40922128,14.06897951,5.407173677,12.43285992,15.36666513,,12.93409341,9.169362928,9.169362928,9.169362928,9.169362928,,,,,,
6aee7bea-e64b-44c9-84dc-951011d28727,3.12247044,6.869229256,7.505175589,8.290421871,9.81496995,3.537479205,6.93590409,7.701348673,12.25705838,7.063097373,,3.12247044,3.12247044,3.12247044,3.12247044,3.12247044,,,,,,
df7b575e-dfe8-4c85-9368-eef4ad3a79b2,4.748848158,11.62223563,5.766736407,3.636489025,7.462173074,6.92877314,8.477176392,16.79751552,7.393805403,8.226967788,,4.748848158,4.748848158,4.748848158,3.636489025,3.636489025,,,,,,
4eb25f58-eb1b-41b6-ac9f-3bcf19eaa4b6,5.709105568,5.429036539,5.248983984,10.32899457,4.37686443,7.623111937,5.373633013,2.478134687,9.886053235,3.218552434,,5.709105568,5.429036539,5.248983984,5.248983984,4.37686443,,,,,,
db6247c5-604c-4a43-b1f2-26da7c8e49aa,9.159086598,1.566771037,8.021530878,9.833222198,5.729225102,2.743605236,3.647270133,5.612589249,14.32443716,7.427535406,,9.159086598,1.566771037,1.566771037,1.566771037,1.566771037,,,,,,
bcd848b2-12a1-49e6-b4ce-7cc2595e399c,8.516493202,10.27658187,10.30278159,15.44297187,11.01399897,13.50345242,10.72514744,3.325564356,9.912347449,8.194055845,,8.516493202,8.516493202,8.516493202,8.516493202,8.516493202,,,,,,
b0bed644-ad31-470b-ad82-4281550f2e82,9.803878592,9.736626948,13.8534696,5.41770675,11.15804526,9.582202621,9.07905741,9.309633761,16.9750474,5.981741201,,9.803878592,9.736626948,9.736626948,5.41770675,5.41770675,,,,,,
7cd1fa77-615f-4a2e-bf10-a71a6c300369,11.72265338,9.671129569,7.974679105,9.889834048,12.72959533,6.915698584,15.79907934,9.881059204,8.906943892,7.486350241,,11.72265338,9.671129569,7.974679105,7.974679105,7.974679105,,,,,,
71dee99f-11a9-4a88-a286-5d503386ca87,8.72535852,9.080912717,10.60688833,10.67167614,3.848181276,4.986460359,8.655969075,8.576109804,10.02364046,7.659417004,,8.72535852,8.72535852,8.72535852,8.72535852,3.848181276,,,,,,
f273b136-d0e7-4ace-96c3-36b65aa96de4,7.12143585,8.87660596,4.917517479,9.332929538,11.947449,11.2639768,1.661545302,18.27564331,3.924437487,4.781961264,,7.12143585,7.12143585,4.917517479,4.917517479,4.917517479,,,,,,
add83479-e81b-471d-9c18-ef884d9a4083,7.688076492,7.975443225,10.29780669,11.31926733,1.36424025,5.390019354,8.314725668,9.476277074,6.431914551,5.762018074,,7.688076492,7.688076492,7.688076492,7.688076492,1.36424025,,,,,,
b2ca1a2c-0f37-493c-a3c1-87c1b27098a8,9.910387247,2.603188496,9.872679605,9.789334435,5.716454699,10.57557907,11.43254039,15.1482302,6.713258884,6.249337829,,9.910387247,2.603188496,2.603188496,2.603188496,2.603188496,,,,,,
75b9b282-6802-4e2b-b135-a770e1495f50,7.763777211,5.18050907,6.582962646,5.607166503,1.767277051,12.2291022,8.745265845,5.335839051,2.440535704,5.513586723,,7.763777211,5.18050907,5.18050907,5.18050907,1.767277051,,,,,,
917bd549-5790-4a6a-906f-3a99448a994b,4.220304823,7.658263441,8.574976039,5.333140697,5.652613985,7.142923262,9.542241577,6.093491981,6.024379783,10.25937945,,4.220304823,4.220304823,4.220304823,4.220304823,4.220304823,,,,,,
c3d370b2-2d7e-4474-8223-31676e6247a4,2.858618868,5.958791253,7.414532076,6.619581314,9.226204396,8.434859126,6.69744984,4.066448065,5.484627793,8.068567673,,2.858618868,2.858618868,2.858618868,2.858618868,2.858618868,,,,,,
723a7080-963b-4f2f-9f62-d7f5635810f9,6.650601215,6.789916204,6.498416369,5.148310516,8.067557216,2.093414232,9.525843407,4.085142725,4.9370237,4.719585742,,6.650601215,6.650601215,6.498416369,5.148310516,5.148310516,,,,,,
deead971-97b4-4586-a338-5d82b4b8e804,10.20739587,11.74978302,7.167785596,10.09150582,9.496126678,10.71428849,8.743820557,4.222747354,9.400522608,6.372105148,,10.20739587,10.20739587,7.167785596,7.167785596,7.167785596,,,,,,
652ff89e-50fa-4db5-a254-c2feaa1b212f,8.720014624,7.906683768,6.096844757,2.947836002,7.162229576,1.701915246,2.284212198,5.360282701,7.252654353,5.796173685,,8.720014624,7.906683768,6.096844757,2.947836002,2.947836002,,,,,,
5aa1f298-ee2a-4fc1-b071-aee4736b6f77,8.302247692,5.335248703,6.24580355,4.353162618,5.240588751,6.072529635,5.719194627,8.825919447,5.11270383,7.037275183,,8.302247692,5.335248703,5.335248703,4.353162618,4.353162618,,,,,,
f0c08f5f-536c-4c65-a46a-77db79834d8d,11.10700481,6.222909492,10.07005151,5.90469102,7.866015614,7.2670366,13.24671136,11.41907562,6.251235803,10.24898208,,11.10700481,6.222909492,6.222909492,5.90469102,5.90469102,,,,,,
49413ece-7232-424a-a844-50b9a2283fef,10.81369901,16.92098428,3.539767436,12.21036812,5.371877272,16.32197677,3.739777223,15.58071668,5.739260405,8.368716899,,10.81369901,10.81369901,3.539767436,3.539767436,3.539767436,,,,,,
e3fa3eaa-8180-4c5c-b9ce-54b34e502ec6,10.42295715,4.363275571,9.924061456,9.517031665,15.97840499,6.691280019,5.895292139,6.223888413,1.797947312,7.336947093,,10.42295715,4.363275571,4.363275571,4.363275571,4.363275571,,,,,,
16bda89a-adc8-494f-a963-be33a267dfe9,7.032573559,4.31029835,9.69966166,6.838657499,5.549927597,7.83546152,4.062278269,5.894285587,4.554893135,3.448448568,,7.032573559,4.31029835,4.31029835,4.31029835,4.31029835,,,,,,
3dba5b01-f138-44a5-aa45-2f97f5186f7e,5.041461456,2.23306564,8.623223474,10.11783474,5.476083596,5.130097967,8.947279048,6.922073843,9.353042764,7.165607685,,5.041461456,2.23306564,2.23306564,2.23306564,2.23306564,,,,,,
443e4203-716e-41aa-9bd3-91ab8299eb10,2.40167903,1.526688615,14.77681192,8.857339305,10.29902127,5.347630623,7.323408752,15.16966718,4.315020433,8.506918674,,2.40167903,1.526688615,1.526688615,1.526688615,1.526688615,,,,,,
42779f3b-b98a-4a5f-bb88-7b676aadb912,16.22638525,15.60187444,8.195231488,9.39555593,11.67196449,7.040737266,10.13845203,5.991232393,5.039271122,3.975135798,,16.22638525,15.60187444,8.195231488,8.195231488,8.195231488,,,,,,
7295a7ff-5fa7-4d6a-aaa8-f3fcce903438,14.48584094,25.99091602,7.562992468,7.856402185,19.94435805,15.21559963,11.22378579,13.46934154,10.16525031,15.18701718,,14.48584094,14.48584094,7.562992468,7.562992468,7.562992468,,,,,,
7959b166-c7f5-4e1c-adb5-48485c280237,19.40068247,14.87630121,19.04967201,7.683387253,22.73799204,18.44625687,20.49155518,15.59057195,32.56848295,22.62405063,,19.40068247,14.87630121,14.87630121,7.683387253,7.683387253,,,,,,
fea3ef0f-0531-46b2-bf7c-3d123bb81ff1,16.29964205,11.57811941,5.062136105,11.32776892,11.30050272,10.22213489,9.973938874,17.12930937,13.16530492,20.96011791,,16.29964205,11.57811941,5.062136105,5.062136105,5.062136105,,,,,,
59c3f70d-af77-48ae-86ab-0bb2805ce0ca,5.984441591,5.877102548,9.321179399,8.584003822,10.62465169,11.55136578,4.151042848,12.94014116,6.901109462,5.284717116,,5.984441591,5.877102548,5.877102548,5.877102548,5.877102548,,,,,,
b45f8015-f4cd-48df-a0e6-82bca7595178,11.08996514,10.76823677,6.160416327,6.640625057,6.843819267,11.87065361,7.952838661,1.902745063,8.708952783,4.927339365,,11.08996514,10.76823677,6.160416327,6.160416327,6.160416327,,,,,,
530d1504-a6c4-4c6f-b329-b648785b46d8,6.001352452,9.780914921,16.47810782,16.70345385,22.47869016,12.03841682,11.2141381,21.57831942,12.24842568,10.76342364,,6.001352452,6.001352452,6.001352452,6.001352452,6.001352452,,,,,,
21debe70-8877-436a-b87f-32b74de714c1,10.91330493,7.037912596,10.79320814,19.37170723,8.67018673,11.85732417,12.64221461,7.955170481,5.1180277,4.875618343,,10.91330493,7.037912596,7.037912596,7.037912596,7.037912596,,,,,,
7577ba0f-25ac-459c-8264-57533f331698,19.16259996,3.268816811,9.006051795,7.362897252,6.259513523,2.886278765,15.44116875,5.285397123,8.330827727,18.46478271,,19.16259996,3.268816811,3.268816811,3.268816811,3.268816811,,,,,,
a653eeac-f390-4f5c-9529-5e1df08b0160,7.860429564,13.412994,6.089987168,21.94005484,4.203191803,15.93913489,9.68661824,14.0502705,11.7571779,13.18972717,,7.860429564,7.860429564,6.089987168,6.089987168,4.203191803,,,,,,
5f1a82fe-3725-497b-9bed-ebc862c4c1f2,14.84130696,4.426978531,12.70756041,5.055393391,13.6334604,11.49404493,5.036004163,3.062702951,4.959057306,15.15067687,,14.84130696,4.426978531,4.426978531,4.426978531,4.426978531,,,,,,
b09165a0-ee25-46b2-bb66-cbb78b12d916,11.34763932,4.774261308,6.739984816,2.251773179,9.183410136,8.515864699,11.74874462,8.645782655,6.024215279,7.012436388,,11.34763932,4.774261308,4.774261308,2.251773179,2.251773179,,,,,,
1f529105-854b-4c74-aed2-cb97b990e5e3,13.47231138,8.03197098,18.72450545,10.92835707,11.16982164,13.05901941,9.220746832,21.73707488,15.9070381,13.93511416,,13.47231138,8.03197098,8.03197098,8.03197098,8.03197098,,,,,,
570bac18-6d31-448f-9f99-90a79ed15feb,3.343810676,5.086339555,9.33536361,6.762054316,6.799298221,4.940918259,3.5208015,10.30840244,4.484640226,8.449554079,,3.343810676,3.343810676,3.343810676,3.343810676,3.343810676,,,,,,
41667ef1-c084-4253-8c34-82adda0e24f8,2.203738797,9.972559991,16.46982853,7.449462097,19.53259054,21.51055356,8.322698203,17.83786438,20.67173336,8.593297039,,2.203738797,2.203738797,2.203738797,2.203738797,2.203738797,,,,,,
c0505959-0912-4936-a981-9e5e42b6c1fa,6.987632503,10.13292848,7.657219255,7.729881239,20.16911802,5.870701121,18.17341654,4.023040718,7.309594241,22.29057453,,6.987632503,6.987632503,6.987632503,6.987632503,6.987632503,,,,,,
53dbb781-da19-4717-a90a-1b12a2c2c127,4.393404121,10.61307005,14.74049866,17.14126197,17.75716366,9.956812455,4.620332052,7.710699616,16.59854873,6.859990263,,4.393404121,4.393404121,4.393404121,4.393404121,4.393404121,,,,,,
8d373cd3-359b-4617-ae49-86275ae14da4,6.650982225,8.882210938,16.5425973,9.788115412,3.358336401,15.04027754,3.557206028,16.36377774,7.549312806,17.10196625,,6.650982225,6.650982225,6.650982225,6.650982225,3.358336401,,,,,,
f1f0c07e-0ad8-468d-b1f7-b2eee10fe770,9.449610701,6.055582263,4.747406388,7.198292626,16.89821077,6.510567948,6.844757661,2.176826657,4.703204856,3.383453348,,9.449610701,6.055582263,4.747406388,4.747406388,4.747406388,,,,,,
77e59bf9-e27f-42f7-b805-7cef48b2bd58,12.88417658,6.474206155,19.4239598,9.010340292,18.97252432,13.0795214,9.207519262,18.68540479,18.30687967,10.91260368,,12.88417658,6.474206155,6.474206155,6.474206155,6.474206155,,,,,,
ba010b6d-d947-4d17-bafc-521bf103d2d8,15.55365908,10.88056208,15.30641318,21.73349255,15.8556868,10.24913001,5.956412647,17.82305964,20.95502879,13.32033248,,15.55365908,10.88056208,10.88056208,10.88056208,10.88056208,,,,,,
04fab51d-47b0-4b8e-a9a9-3ae55a09de91,14.09341045,6.547603725,4.674806081,7.527168533,7.85037915,10.58565063,4.756163541,7.115283537,4.512691765,9.162126356,,14.09341045,6.547603725,4.674806081,4.674806081,4.674806081,,,,,,
39d42914-3448-42b5-b40e-d3bbdc10f4f8,3.400134572,12.44514856,11.97231,6.096931542,10.95350351,10.19132285,10.14640087,3.794568836,9.138324054,10.32338071,,3.400134572,3.400134572,3.400134572,3.400134572,3.400134572,,,,,,
5bb7998b-aa44-427d-a7be-11dd136ecdea,4.628340637,10.27235434,5.882183437,4.15141537,17.34872635,6.279051425,8.263787148,5.38314662,15.31271687,6.416205978,,4.628340637,4.628340637,4.628340637,4.15141537,4.15141537,,,,,,
bc3b0bcb-db77-40ac-be4f-4fd6c546a1f9,6.775287187,7.041602665,14.33169877,6.76161985,3.03227608,8.116329248,9.744553879,11.02397231,7.248131654,8.965363387,,6.775287187,6.775287187,6.775287187,6.76161985,3.03227608,,,,,,
9763ce3b-f092-4e69-a644-20c8bd6acc2e,3.344301695,6.343938081,8.942840882,11.72691337,10.40247303,9.426439833,6.044437645,3.197416732,3.506245951,9.584039045,,3.344301695,3.344301695,3.344301695,3.344301695,3.344301695,,,,,,
22d286e1-db28-497b-aea2-0f464734bb7c,4.177622534,7.989605442,15.53819347,6.918501999,8.790034862,3.214583663,6.160049223,2.753931247,3.717300015,1.760916042,,4.177622534,4.177622534,4.177622534,4.177622534,4.177622534,,,,,,
8a201b39-a6f0-4836-9445-d4058907b32a,8.858672825,8.964122013,8.372199867,11.98676113,11.06407077,4.043490622,6.014794529,7.024871686,5.090900019,8.807662648,,8.858672825,8.858672825,8.372199867,8.372199867,8.372199867,,,,,,
49ca9416-3afe-48ed-86b7-b59abc714fc0,6.385986531,8.496254396,5.814078036,8.124567248,10.38216621,7.163862934,13.64805422,13.2888079,16.19757984,2.957640353,,6.385986531,6.385986531,5.814078036,5.814078036,5.814078036,,,,,,
32e4d8ca-a875-490f-9e1a-ffbc76119e2c,18.1240757,4.20734791,7.372329193,4.620624017,8.247939945,3.785574914,22.6464095,4.725213257,21.90500319,10.533873,,18.1240757,4.20734791,4.20734791,4.20734791,4.20734791,,,,,,
bda442a2-0fca-4934-8663-b00ea791820b,5.956007696,5.447504428,9.155592694,5.333990045,10.60787079,8.424867561,8.954515551,6.697763246,11.12058768,5.093458551,,5.956007696,5.447504428,5.447504428,5.333990045,5.333990045,,,,,,
f6a0cafd-3d57-4555-98b8-17ac78e7e219,7.689788734,19.60584236,18.83563025,8.602141361,12.1424333,15.00285175,7.910581328,6.629998741,12.75443195,8.211543463,,7.689788734,7.689788734,7.689788734,7.689788734,7.689788734,,,,,,
1198c173-dc64-4976-b4fa-1e6701187343,2.905540074,6.923457582,8.176396136,10.0258631,7.233458726,7.158540417,3.393583806,7.855806273,6.930336779,5.637643493,,2.905540074,2.905540074,2.905540074,2.905540074,2.905540074,,,,,,
d4d3c010-f6e1-4ccc-8fcd-98008b2f84df,11.95521219,9.996310334,8.28142775,13.03227327,10.086318,9.245867657,6.73613794,7.433280568,10.18049692,7.739573711,,11.95521219,9.996310334,8.28142775,8.28142775,8.28142775,,,,,,
3ea38f58-942e-4350-a973-8cab9d30b340,18.09446409,6.101944559,12.83978522,12.0643472,12.78153335,5.659613451,6.648062247,23.57439845,19.57120257,12.16444154,,18.09446409,6.101944559,6.101944559,6.101944559,6.101944559,,,,,,
f47e9c7d-45a3-4898-ba45-40f2c15fe883,5.902176752,9.060173947,15.92365871,13.76009358,13.40074239,6.321862803,6.026136941,8.982984422,4.526633709,8.444411075,,5.902176752,5.902176752,5.902176752,5.902176752,5.902176752,,,,,,
493a1d81-591e-4e2e-afa5-3ac6a3af7dee,8.914790661,9.168530458,10.5048503,10.925987,3.330151461,4.569885993,8.623958441,8.654036683,7.81297934,6.426157598,,8.914790661,8.914790661,8.914790661,8.914790661,3.330151461,,,,,,
62d963d1-04af-4ac4-bf8d-5e9659161212,10.74648382,18.63571723,9.022196806,12.65583866,17.19256586,11.87941105,23.54989114,22.92779945,14.58321013,23.69265037,,10.74648382,10.74648382,9.022196806,9.022196806,9.022196806,,,,,,
3aea558a-caa2-4f89-9431-a59a22778aac,14.58934373,10.57847146,10.36627648,9.853051478,6.434320114,6.93063918,15.90467009,6.798116179,8.317097199,10.26561762,,14.58934373,10.57847146,10.36627648,9.853051478,6.434320114,,,,,,
b876f2e9-76ce-4fde-8845-f71daf541a9c,8.825231338,11.16143844,8.317838141,9.477584937,14.0795464,21.4078792,12.71538614,16.63433121,16.68472731,15.59028913,,8.825231338,8.825231338,8.317838141,8.317838141,8.317838141,,,,,,
7f2c8d5c-4778-4523-a4c6-d2f5ab5573e9,9.399028971,1.986871361,9.348619538,5.27402333,9.265697984,10.035103,10.89308231,6.215854298,5.748405745,14.59212781,,9.399028971,1.986871361,1.986871361,1.986871361,1.986871361,,,,,,
fd80f2ea-22a6-4074-a1c3-6fd3dd31e473,7.549611132,9.812247907,14.81385537,14.96710087,10.47823897,13.43278428,8.236506308,6.515549877,21.21341515,17.68313963,,7.549611132,7.549611132,7.549611132,7.549611132,7.549611132,,,,,,
bdfc046b-7dcf-4cbc-8b30-a6e4ac4d2850,20.39715847,8.259271505,14.58257944,14.96972665,12.31745149,14.64909112,15.18347789,15.25703592,8.389684667,21.7845764,,20.39715847,8.259271505,8.259271505,8.259271505,8.259271505,,,,,,
24b509c6-2b1b-402a-8d12-879b929ac938,2.93197532,2.981955807,5.114735793,2.555783663,6.458846408,11.13581758,7.948252221,4.941909246,6.261128739,6.697612882,,2.93197532,2.93197532,2.93197532,2.555783663,2.555783663,,,,,,
2bd5b9e2-e1d4-4f2f-88a7-2987b91e448a,4.255229739,8.336855974,7.470078399,11.30453915,6.580565387,8.667086792,9.344404552,5.478895609,5.101485814,11.01321833,,4.255229739,4.255229739,4.255229739,4.255229739,4.255229739,,,,,,
47536f73-2c4a-4a02-bd4a-a45dbb1e28ea,6.919305591,10.30536629,6.050994798,6.716034728,8.0790898,3.659634818,9.489162275,9.265204891,8.192959974,6.589551255,,6.919305591,6.919305591,6.050994798,6.050994798,6.050994798,,,,,,
5a049fe9-7889-4c77-afcf-74e949691d0d,4.711626546,6.167717932,9.521390566,4.784645959,11.81597922,4.508773582,4.65955597,7.070824647,13.81195004,5.657642585,,4.711626546,4.711626546,4.711626546,4.711626546,4.711626546,,,,,,
128c81ce-1ce6-4194-bee7-a63b7b3d6f68,12.16923566,16.59523693,5.105555968,14.96683297,10.30986272,8.225040619,14.05730101,14.68016589,14.4433639,15.65491594,,12.16923566,12.16923566,5.105555968,5.105555968,5.105555968,,,,,,
bcc5b7d9-087d-4261-8808-449f08768c9c,13.17885286,12.20126988,12.05260612,8.63279225,10.44373956,13.02136254,7.026227796,8.737870667,10.52389862,4.527904043,,13.17885286,12.20126988,12.05260612,8.63279225,8.63279225,,,,,,
d93e77f0-d6c2-428f-9455-76e7206ffdad,5.315876307,7.609851993,1.181017221,3.39196775,6.984828654,6.68649504,4.488678097,5.427474523,4.552412044,9.64229038,,5.315876307,5.315876307,1.181017221,1.181017221,1.181017221,,,,,,
e6f72f5a-2c4f-4df0-a071-f69d89b99403,5.051392826,9.493272994,3.814468814,5.770912145,3.396869881,9.663908216,7.310381731,11.56232792,17.66482007,5.448282046,,5.051392826,5.051392826,3.814468814,3.814468814,3.396869881,,,,,,
99f6db2d-c41f-4df8-9b43-10bb30791e52,1.120422591,11.3436354,2.50796558,6.314660996,10.26424327,15.1863674,8.360941533,4.6909024,11.19754553,11.00901601,,1.120422591,1.120422591,1.120422591,1.120422591,1.120422591,,,,,,
29ad82a5-5979-4b6c-a126-bbb18f78b44e,4.676491651,13.63125075,8.65382084,11.0001524,13.94885929,9.360845239,9.270345439,10.00108816,6.958686556,5.913047072,,4.676491651,4.676491651,4.676491651,4.676491651,4.676491651,,,,,,
1b2f6792-a175-439b-ae3d-2321c1c605f6,10.10971134,11.57526249,5.143690349,5.833511442,6.684113813,15.48056426,8.465370942,7.344804893,6.526201052,15.49133704,,10.10971134,10.10971134,5.143690349,5.143690349,5.143690349,,,,,,
e805390f-cdf2-42d9-b6c5-413bee8d4814,4.434182463,14.72335731,10.05391559,8.122508479,9.164882465,5.15485451,17.31883736,5.251733538,11.48137101,12.35146706,,4.434182463,4.434182463,4.434182463,4.434182463,4.434182463,,,,,,
b6f36020-ed08-402f-9682-3ef592c2fc62,13.57882823,4.573835384,12.65332077,9.068480264,15.84201107,8.434781786,15.61302393,10.87879304,4.544048571,11.79091873,,13.57882823,4.573835384,4.573835384,4.573835384,4.573835384,,,,,,
c3d0a0cc-bb6c-462e-ab84-6e3263ad2109,18.16719328,17.52764152,6.256201598,17.8936091,17.22832713,14.62018328,12.63842242,19.17897973,7.692062491,8.868641449,,18.16719328,17.52764152,6.256201598,6.256201598,6.256201598,,,,,,
a43e582f-8a43-4857-97cf-a104fa0447bc,5.472613219,4.655488624,7.929184966,2.935626875,6.099976398,3.132895756,10.28359643,4.539122851,3.843048813,4.797058953,,5.472613219,4.655488624,4.655488624,2.935626875,2.935626875,,,,,,
8236e034-25c2-4417-ad91-fe1f7528cc7f,9.684438309,5.139963022,2.529931963,3.448305839,9.421650754,3.742710628,4.183226465,11.27564341,14.06039028,5.966157546,,9.684438309,5.139963022,2.529931963,2.529931963,2.529931963,,,,,,
e0247b86-5a4f-4477-8a2a-8b9c38e16734,4.349975066,8.61359138,3.882688218,4.852973794,6.601952332,6.485606309,4.521743876,4.266745298,11.00630772,4.085928776,,4.349975066,4.349975066,3.882688218,3.882688218,3.882688218,,,,,,
0d6b894a-eedb-4a7e-9dd8-cdc6d93d369c,3.728197695,5.336654697,5.552634167,6.349115504,4.523039122,10.48290067,7.15558931,9.410852516,9.371491446,9.3871177,,3.728197695,3.728197695,3.728197695,3.728197695,3.728197695,,,,,,
df93cdba-605b-4f2f-97c2-6addb2606c17,7.365542496,9.012901706,6.25492367,1.688373456,9.474215983,5.586958731,8.934878807,2.514036405,10.00175395,5.956161602,,7.365542496,7.365542496,6.25492367,1.688373456,1.688373456,,,,,,
47b02bfe-b93d-44b4-b92c-8a491679a29e,18.33498327,24.26225046,17.99410635,7.550474363,18.29759519,9.31290452,23.5201626,13.41677413,15.57412983,22.78929201,,18.33498327,18.33498327,17.99410635,7.550474363,7.550474363,,,,,,
23dc3e06-8b43-43b3-9929-c2cb5619e173,1.796190961,7.803615572,9.950045687,5.237696717,8.03623518,10.29688818,8.207400834,2.423411659,7.79388467,15.97012095,,1.796190961,1.796190961,1.796190961,1.796190961,1.796190961,,,,,,
a2f706e0-19d5-4e34-a531-829d593e0e9c,5.091055387,5.299511298,5.79173328,7.332253492,3.419648607,5.846280343,10.30242177,8.909628187,5.535476234,7.767726833,,5.091055387,5.091055387,5.091055387,5.091055387,3.419648607,,,,,,
7d51d12a-ccd1-4d0b-aba8-93a30f4c1eb9,6.261509631,6.621982138,7.740847583,6.526022737,15.58520759,6.830531788,7.900145535,9.673931568,3.005826007,6.888489363,,6.261509631,6.261509631,6.261509631,6.261509631,6.261509631,,,,,,
f1195226-ea97-46cb-b5d5-b93c4ec32c54,13.41101881,5.974107652,5.167839306,10.62271585,7.639889462,9.549825589,5.28620656,5.010079469,8.125193357,4.367477609,,13.41101881,5.974107652,5.167839306,5.167839306,5.167839306,,,,,,
d8c36be2-d3c3-4ec5-aabb-ff77edcf8801,7.334999223,7.578873904,4.544625823,3.352908221,16.04595466,11.62150366,10.55841044,9.922532505,3.450838278,7.437838498,,7.334999223,7.334999223,4.544625823,3.352908221,3.352908221,,,,,,
3f6f825f-a6ef-4fa1-8a78-51ab9d7d794c,7.013737894,7.653458198,13.87222984,6.931860696,1.784536462,6.680399279,10.86905251,7.927787819,13.1632109,8.743371797,,7.013737894,7.013737894,7.013737894,6.931860696,1.784536462,,,,,,
2591ff05-7c2b-4c58-9143-bf893d742e03,8.988187626,8.05847436,10.58870563,9.367055518,19.5775631,10.49169377,5.403111278,6.306646443,11.369516,10.26673662,,8.988187626,8.05847436,8.05847436,8.05847436,8.05847436,,,,,,
78c4f4c7-1f6a-439c-b898-4eeeba4ae53a,11.13701717,19.8271784,9.870229687,5.309371586,16.62362298,8.773489624,8.066610223,11.43050239,19.93073754,6.553142679,,11.13701717,11.13701717,9.870229687,5.309371586,5.309371586,,,,,,
e464ab3f-1720-45c7-9481-8b1314ef363d,11.93000744,11.87730532,7.16068248,9.381964968,20.08498024,5.32509501,9.673363945,18.69916131,5.999250579,12.76460745,,11.93000744,11.87730532,7.16068248,7.16068248,7.16068248,,,,,,
fbf4e365-523f-42c1-8fa7-6c863f875f0c,6.681078443,7.274360678,7.31615208,9.446811236,2.158207758,17.16417717,14.98648498,5.464809739,15.87735778,1.916786617,,6.681078443,6.681078443,6.681078443,6.681078443,2.158207758,,,,,,
ec83faec-3413-4c5b-9d92-ecb15dd3e388,10.09129674,10.23568982,11.53621173,4.025803904,9.019476867,5.196353471,11.91925108,21.6779559,16.36849991,18.54562263,,10.09129674,10.09129674,10.09129674,4.025803904,4.025803904,,,,,,
ba8bca55-69db-40fd-b4a6-5690f53c6b5d,23.7233065,12.54499333,9.538556774,13.27001029,22.86343488,8.986238504,17.14615344,8.851686008,17.54039759,15.64159761,,23.7233065,12.54499333,9.538556774,9.538556774,9.538556774,,,,,,
a86f8c5d-0a3b-47f0-b568-e1c5a0dbfefe,7.0795507,18.84574195,5.264387849,5.761344551,4.795413738,8.876604208,15.70969634,4.042339816,3.621644728,14.43693152,,7.0795507,7.0795507,5.264387849,5.264387849,4.795413738,,,,,,
681dfa5a-d335-4013-b401-ec59541d4586,21.68796274,3.833735769,7.973367158,4.593820674,10.42541038,3.32603859,5.493630842,17.69188702,8.202097727,12.99999325,,21.68796274,3.833735769,3.833735769,3.833735769,3.833735769,,,,,,
b0314e54-86df-4c44-9324-a20350635b34,4.916324738,5.778451567,3.675836244,6.498433073,3.880500604,5.317390601,6.754794478,4.127889424,5.595855708,2.945264763,,4.916324738,4.916324738,3.675836244,3.675836244,3.675836244,,,,,,
1fb6610c-09c5-4d38-9aaa-5fa0cfcd536e,8.799279484,7.02414297,7.430602654,9.187734668,8.207675025,6.780279499,11.44536975,9.945985919,12.75592578,4.421304228,,8.799279484,7.02414297,7.02414297,7.02414297,7.02414297,,,,,,
462acf5b-eca8-4afc-b4bd-a8819902bef2,9.671503431,8.361082921,9.202783233,12.19595414,8.03598069,10.78286425,7.29210803,7.127704298,3.321281073,4.43397909,,9.671503431,8.361082921,8.361082921,8.361082921,8.03598069,,,,,,
819830e4-e320-4522-8c6f-921eae24a8b7,11.01688074,7.404412045,6.481692448,1.239734527,7.683742929,3.811597116,7.262696173,4.818838539,7.261582487,5.694433928,,11.01688074,7.404412045,6.481692448,1.239734527,1.239734527,,,,,,
9ade328a-30b4-47b5-b0ec-ecc2a320bdff,4.214857039,3.834803898,4.160957342,3.742884453,6.089451989,2.712661788,6.855192383,11.00406261,2.821016187,5.480657404,,4.214857039,3.834803898,3.834803898,3.742884453,3.742884453,,,,,,
264abdf8-6f02-401d-bbea-ad0979cfd9e1,5.61703834,5.618389667,6.033859411,4.62752262,9.203608471,12.17230569,3.536998378,7.052002008,8.651793654,7.069091313,,5.61703834,5.61703834,5.61703834,4.62752262,4.62752262,,,,,,
9a1a64a2-514d-4429-9e70-5dfe5475f8a8,5.545671244,4.426592275,7.15762608,6.956575894,2.388088189,9.979059346,3.834864185,15.48200041,4.718356023,5.575082344,,5.545671244,4.426592275,4.426592275,4.426592275,2.388088189,,,,,,
49007578-58a7-4b27-a202-f39e116acd77,11.49173422,17.00581228,4.693478503,5.897417972,9.779647485,5.161943782,10.83843591,17.67172506,11.243931,10.53453977,,11.49173422,11.49173422,4.693478503,4.693478503,4.693478503,,,,,,
dec2a07c-62bd-436d-8af2-b8949a45e7dc,2.015155446,8.555966328,7.170986672,6.373755808,7.528918093,2.677759896,13.9030905,10.75992945,10.22074255,11.10716679,,2.015155446,2.015155446,2.015155446,2.015155446,2.015155446,,,,,,
d3eeeed7-3673-4ffe-9edf-171e57f411f4,10.10299706,10.26370614,6.362698446,7.721608416,12.26452056,18.45632482,4.380556503,17.66981047,9.665512517,5.45900607,,10.10299706,10.10299706,6.362698446,6.362698446,6.362698446,,,,,,
e8c30ca2-f034-497f-ae04-46089230de5b,23.47291037,12.27219588,22.60009742,8.410591161,13.0492046,8.155075402,16.90912609,17.30645631,22.37939761,7.046740953,,23.47291037,12.27219588,12.27219588,8.410591161,8.410591161,,,,,,
64785851-c1d1-4932-9367-29b502e0394c,10.53486007,15.58615898,16.27336656,8.974981654,17.23002274,13.90752091,9.607132167,15.92650974,18.85343599,6.218439265,,10.53486007,10.53486007,10.53486007,8.974981654,8.974981654,,,,,,
538a0e9d-5a15-4b20-a5bf-bab45afa1aaa,21.93476873,8.212960066,3.632012323,3.739635314,10.60319914,4.478673691,17.96462857,5.638343141,6.561037824,9.272960205,,21.93476873,8.212960066,3.632012323,3.632012323,3.632012323,,,,,,
61eb9778-5ebe-4e20-bd23-6029475dcb78,15.06554059,10.69633056,14.70929083,15.06088206,8.114508845,7.653221083,26.10029886,10.04554185,17.88453515,7.125767186,,15.06554059,10.69633056,10.69633056,10.69633056,8.114508845,,,,,,
13c905c9-acf8-4ffa-b90c-cf10261942bb,17.53785839,11.69954125,16.16401802,10.55087698,9.697574538,21.76801148,21.15399784,10.61640059,19.19190495,8.513001748,,17.53785839,11.69954125,11.69954125,10.55087698,9.697574538,,,,,,
f65bb902-d4ea-4b32-9fd4-15a44c2580a5,6.624914189,13.59968337,11.16384204,13.92729321,19.40215901,13.59327335,8.576728789,7.266420415,13.56738388,13.31860112,,6.624914189,6.624914189,6.624914189,6.624914189,6.624914189,,,,,,
b36d7d83-dde3-4713-9e0c-7c06f6f21349,20.69844378,9.052611104,3.87521516,10.22915993,9.890642128,9.408665801,20.0229463,4.848654655,6.818854253,11.05951146,,20.69844378,9.052611104,3.87521516,3.87521516,3.87521516,,,,,,
c9e97627-32e3-46ed-b215-949dbb40272c,21.45966889,16.10269521,15.87985789,16.14782857,8.483121474,13.5899151,15.9644892,26.94407355,15.92532589,8.927587358,,21.45966889,16.10269521,15.87985789,15.87985789,8.483121474,,,,,,
27ba9e60-2944-4d90-9ccf-2b419fbb4ad3,3.109336366,8.773381203,4.012584578,5.972545499,6.909531603,9.173320013,14.10853319,8.641966337,15.44445186,14.56517765,,3.109336366,3.109336366,3.109336366,3.109336366,3.109336366,,,,,,
ed629f8e-67fd-4e7e-8fcd-6a973b183ab7,11.21747264,14.77471123,8.271750099,2.96386074,14.29701589,14.26820713,14.79350525,10.2985283,5.638891747,10.95579574,,11.21747264,11.21747264,8.271750099,2.96386074,2.96386074,,,,,,
066b8c81-c876-4db5-a6af-d8285ed6f73a,5.544116665,7.087736291,9.627043457,8.496146768,3.990546406,2.933090296,6.925591102,6.442633644,9.452684143,11.5553678,,5.544116665,5.544116665,5.544116665,5.544116665,3.990546406,,,,,,
6f9e41d1-d056-44c1-ac78-2f5a91f0c38c,3.423597557,5.103055675,3.684467711,7.79796432,6.726218339,10.55064158,8.57462676,10.89380458,6.952375229,5.094551652,,3.423597557,3.423597557,3.423597557,3.423597557,3.423597557,,,,,,
73886264-a341-466e-8021-cb48687e59e6,8.78526263,8.734830571,8.162456497,8.537382689,6.397479535,5.006118811,3.529662248,7.344309961,3.136745704,8.263388676,,8.78526263,8.734830571,8.162456497,8.162456497,6.397479535,,,,,,
32ae2fb5-79aa-432f-84f3-b46ece12306f,9.104883968,5.678092584,9.507632907,5.925101061,4.577714755,5.272311081,7.624355794,12.80522476,9.993772908,14.00976062,,9.104883968,5.678092584,5.678092584,5.678092584,4.577714755,,,,,,
c415416b-7a94-4811-b2f6-e5ad58b144f1,8.489575767,8.226389998,4.28538245,11.9399922,13.33758413,8.47571575,8.003444456,8.011698133,4.191453902,13.27864988,,8.489575767,8.226389998,4.28538245,4.28538245,4.28538245,,,,,,
7d31b075-efc4-4adc-b43c-e89ec0a888a7,6.31757158,10.91979446,5.750499757,11.72112274,7.068739241,12.34893993,4.120522634,7.479901613,9.269324696,9.561695445,,6.31757158,6.31757158,5.750499757,5.750499757,5.750499757,,,,,,
4c47de52-4687-4496-84e7-df8df6f7e380,8.132697437,9.802091318,6.9372162,7.54725206,3.669949678,17.42378045,7.058024935,10.69572699,4.156340735,13.43410167,,8.132697437,8.132697437,6.9372162,6.9372162,3.669949678,,,,,,
51f07da9-ad16-4a6d-a5c2-8c8b234e3e00,8.700057347,14.05690149,16.12954299,14.20959518,6.505439983,14.71422774,6.518290358,4.65511762,12.25046921,15.6071425,,8.700057347,8.700057347,8.700057347,8.700057347,6.505439983,,,,,,
3e3ce41a-c4b3-40eb-b505-6bc560dcc0d9,20.60068488,19.94049072,10.04235745,18.08367143,19.76202036,23.50795481,18.2808083,10.35232193,18.0874158,11.29012991,,20.60068488,19.94049072,10.04235745,10.04235745,10.04235745,,,,,,
6a4a58a9-0e30-4565-8197-1a287e9142ce,10.99510142,7.348953151,9.22436637,8.444747012,7.554344523,10.5678862,8.005816538,11.73691768,14.47779,3.682265568,,10.99510142,7.348953151,7.348953151,7.348953151,7.348953151,,,,,,
1fdf2176-de3b-4dc8-8911-d006e49b68f7,9.474697592,9.268264044,6.037315425,4.197275331,13.04553124,11.39434888,9.449340565,11.15942062,10.66932283,17.59439363,,9.474697592,9.268264044,6.037315425,4.197275331,4.197275331,,,,,,
377c3602-5838-4932-8601-88a9ed2f3c0f,9.515610006,7.644177721,7.092408184,8.392286047,8.563820493,2.624721824,3.22186972,8.532573317,12.99319987,10.45467071,,9.515610006,7.644177721,7.092408184,7.092408184,7.092408184,,,,,,
ba3a41cf-140a-4f70-ae0d-ee2b460bdf84,12.88032406,17.30963845,0.65713673,11.34164015,16.10371589,13.34527285,16.4843916,7.905955601,9.832808412,14.36884538,,12.88032406,12.88032406,0.65713673,0.65713673,0.65713673,,,,,,
1c51cc51-919f-4cc2-9c2e-a9554683a3ff,7.388109287,13.39927958,11.92730493,14.08664432,14.12429588,12.17274838,13.04430704,6.449097993,8.600283853,10.24321175,,7.388109287,7.388109287,7.388109287,7.388109287,7.388109287,,,,,,
829f4ad9-a6da-4a36-9491-ad6a432999a8,9.637631671,8.68082033,6.796838688,8.037981433,3.219017058,7.841159072,1.976604144,7.010679714,6.252181611,6.776008383,,9.637631671,8.68082033,6.796838688,6.796838688,3.219017058,,,,,,
c6afd37f-4c16-41a8-9374-7085f2d5d572,10.16678836,7.03754458,10.31375646,8.407158821,10.1372256,5.303409697,2.889175961,10.16834423,4.942309577,8.916418232,,10.16678836,7.03754458,7.03754458,7.03754458,7.03754458,,,,,,
a9fef3ec-9648-4326-af3d-ce251db64698,5.018889284,9.007619774,10.74538059,5.736160163,7.228757383,4.80041227,1.376331039,6.071702103,7.25988384,3.818052057,,5.018889284,5.018889284,5.018889284,5.018889284,5.018889284,,,,,,
754d7550-f8bb-4686-9945-ee85d4ac1098,4.333715356,1.806383353,6.447584862,11.00720848,9.957057675,5.007317212,4.838089197,9.069294675,17.30161433,6.625321538,,4.333715356,1.806383353,1.806383353,1.806383353,1.806383353,,,,,,
dcd3f316-f3ad-494a-828a-66599bd9daeb,4.834684155,6.662730078,8.313414568,6.030151965,8.501785296,4.84722875,4.651569229,11.90238677,6.108063119,3.473283589,,4.834684155,4.834684155,4.834684155,4.834684155,4.834684155,,,,,,
6c431a0b-3f94-4012-8b61-7d4ca83e88b2,10.29370066,4.342059004,11.70810295,10.41201796,9.524392126,21.8182643,5.949420528,16.26008613,7.650633909,23.73830896,,10.29370066,4.342059004,4.342059004,4.342059004,4.342059004,,,,,,
de337e2e-af24-4962-8557-1ed6f72c8a98,11.3969507,7.417462215,11.519356,5.058406498,8.81659847,5.947278337,9.164681499,5.359757913,2.292462141,12.3411232,,11.3969507,7.417462215,7.417462215,5.058406498,5.058406498,,,,,,
01acbf92-a1da-484c-b3ab-c7c8b8f0a513,6.34752086,4.620981652,5.311497372,3.311224334,15.47109652,3.162031109,13.80087174,4.104366926,7.883223313,8.002900426,,6.34752086,4.620981652,4.620981652,3.311224334,3.311224334,,,,,,
77a5f5c3-5eae-4eb7-98b0-cc552444f210,7.428287444,8.289695575,8.371714831,8.104561229,3.510286441,7.46409107,1.724165545,17.98718778,5.685313995,6.863883526,,7.428287444,7.428287444,7.428287444,7.428287444,3.510286441,,,,,,
94002034-718f-4b3b-af44-c2caef4f45eb,14.90338316,10.31412294,14.53796965,7.551312518,14.44952321,9.494526955,25.81230522,6.15621664,7.757930721,19.19323659,,14.90338316,10.31412294,10.31412294,7.551312518,7.551312518,,,,,,
fe3abcb8-c2ac-48f3-8617-56c8b9cf8b06,20.27629221,4.29024034,2.810983858,6.823028639,8.924151893,3.727666018,4.099807897,16.28188364,19.53238696,5.30598174,,20.27629221,4.29024034,2.810983858,2.810983858,2.810983858,,,,,,
70babe10-1687-488c-a938-3053aac2f75f,22.15883844,21.337833,11.29257166,8.347538023,4.502633199,7.687416701,11.59109296,7.443785986,14.44934684,11.60072424,,22.15883844,21.337833,11.29257166,8.347538023,4.502633199,,,,,,
e6c1b285-f089-4537-82c5-18a468685b54,8.805930254,4.280984108,8.244373586,4.448671113,8.095451641,12.27358403,13.52266425,5.863604682,5.192904159,8.72804326,,8.805930254,4.280984108,4.280984108,4.280984108,4.280984108,,,,,,
0000316d-9c7e-41a7-981b-b3b9d239a893,9.198573615,5.713114626,9.6062669,6.032130765,5.183502332,4.67638367,7.907097364,10.07230404,12.83694443,12.85948836,,9.198573615,5.713114626,5.713114626,5.713114626,5.183502332,,,,,,
2a902868-f3e5-4d0f-b9da-4daf5566159f,8.275136962,7.953387641,8.335634685,3.292566912,5.192440538,6.132955963,8.019306267,6.704161321,4.946220625,6.993804342,,8.275136962,7.953387641,7.953387641,3.292566912,3.292566912,,,,,,
6c51641e-b489-4097-894f-e094fef4e512,6.22544174,10.77947702,5.986200659,11.74483339,7.786280967,7.067887739,4.248318928,12.76611053,9.370668324,12.25567984,,6.22544174,6.22544174,5.986200659,5.986200659,5.986200659,,,,,,
f6f7d8c9-dfab-4785-a38e-658a1cbe11d7,3.312981725,4.582491504,3.688042326,8.074107073,8.66712882,7.080052737,4.757785419,10.66870569,11.14101501,5.519369527,,3.312981725,3.312981725,3.312981725,3.312981725,3.312981725,,,,,,
e1113a41-a516-474e-8c8e-29e7a35a37ec,5.780137456,8.683951628,6.670168511,9.19688444,4.294896477,6.58885317,2.891909962,12.62490508,11.13298847,13.22058036,,5.780137456,5.780137456,5.780137456,5.780137456,4.294896477,,,,,,
72badcbb-7947-4948-853b-a775f56385c6,2.959176976,7.640149814,5.852517175,8.901944982,6.019038361,9.685363499,5.179217637,6.175985037,5.608127679,8.479431923,,2.959176976,2.959176976,2.959176976,2.959176976,2.959176976,,,,,,
cd84d65c-8d58-4cd7-861c-5a0bdb8d6565,7.253663162,6.554186336,7.418400888,6.724692985,11.45227057,7.922594572,10.79450341,4.764732202,4.257982809,9.907825924,,7.253663162,6.554186336,6.554186336,6.554186336,6.554186336,,,,,,
3690ef14-06e5-4c25-87b7-0b0f95300fa2,8.69396377,10.28024646,8.107709817,8.825500172,7.008458197,4.934109023,4.489947742,5.548118664,6.185723495,9.704595795,,8.69396377,8.69396377,8.107709817,8.107709817,7.008458197,,,,,,
33d8cda6-8edf-46d2-9308-629188c37df3,6.510552156,5.343027856,5.726543426,5.064390687,7.998564977,4.524684313,13.99907901,12.67878358,13.18292923,6.308492016,,6.510552156,5.343027856,5.343027856,5.064390687,5.064390687,,,,,,
826aa268-90ed-48ca-8261-251431a8af2a,3.200923826,7.663552052,8.025971951,4.810228556,7.087081426,3.688882516,3.128465228,7.504987826,4.943653134,2.393143741,,3.200923826,3.200923826,3.200923826,3.200923826,3.200923826,,,,,,
95100c58-838d-425f-994c-57aa703b86e6,4.173823037,4.141595625,6.022231587,3.6418051,3.835903603,9.373237696,3.707738324,1.439875739,8.844130399,3.228202387,,4.173823037,4.141595625,4.141595625,3.6418051,3.6418051,,,,,,
6a1b9c5a-3043-4fa8-8c99-b4837beefc11,6.587255211,8.514127967,5.998007927,2.766966657,8.245274506,6.062673618,8.765980207,3.056793377,12.2168913,7.365340114,,6.587255211,6.587255211,5.998007927,2.766966657,2.766966657,,,,,,
8f8bce1b-afe3-4b94-916c-9b9df051cb8a,4.255085279,5.177444524,2.151249138,7.324254,4.507251297,3.998434433,4.292875595,5.449474296,2.769594939,11.42032044,,4.255085279,4.255085279,2.151249138,2.151249138,2.151249138,,,,,,
b3a82732-f45c-48b8-9668-b8bf05090c9f,4.445827357,3.574759119,3.997161867,3.640807831,11.70914484,4.858652988,8.739125637,9.489316831,7.703903462,3.907951286,,4.445827357,3.574759119,3.574759119,3.574759119,3.574759119,,,,,,
eecbcdae-6629-47ba-92ca-960fd4827e74,9.848347494,10.27275772,12.93256569,7.553319383,10.70032174,14.81524701,19.06826624,8.43913316,7.957039889,8.496585677,,9.848347494,9.848347494,9.848347494,7.553319383,7.553319383,,,,,,
8868880b-ba4e-4cc3-a4e8-54defaa9ec3c,5.549997822,7.475889537,11.85407901,17.18487607,7.522857902,10.48841562,7.862373093,3.449086401,6.116213817,16.44049832,,5.549997822,5.549997822,5.549997822,5.549997822,5.549997822,,,,,,
cae1d702-278b-46cf-82e0-b53730425609,10.00801576,11.15106445,10.11359626,21.06265774,10.03979254,4.946853177,15.22635571,3.296449132,10.36530593,5.418643596,,10.00801576,10.00801576,10.00801576,10.00801576,10.00801576,,,,,,
2e5580cd-902c-46fe-a5ff-440a2b0ab889,11.22201854,10.53374137,4.210524234,3.551150863,10.10475451,5.572941202,6.519404067,9.525309963,8.888088968,8.79188221,,11.22201854,10.53374137,4.210524234,3.551150863,3.551150863,,,,,,
843c5a2c-e55d-4c03-b98d-92b157fd82f8,5.53413171,12.98880466,12.20712882,3.695138618,8.361192356,3.286568737,9.222925691,9.041968242,9.95868715,9.395705642,,5.53413171,5.53413171,5.53413171,3.695138618,3.695138618,,,,,,
3ac4636d-3b9d-44da-bb0e-074c7119e9cc,9.261855715,18.76478251,3.214555156,5.298617311,10.15255934,11.91103957,18.64580349,17.43102893,9.713902935,12.89313444,,9.261855715,9.261855715,3.214555156,3.214555156,3.214555156,,,,,,
dd6fc955-26d5-40d6-b50e-dd9ea4d3ee04,20.59747273,11.00371042,0.609384154,20.24061852,2.175121813,11.6254297,20.07356427,19.01878669,5.88275508,19.05270894,,20.59747273,11.00371042,0.609384154,0.609384154,0.609384154,,,,,,
044d1f4c-6e47-4fdd-a307-a4fa07628d53,5.502154449,17.69951082,6.765574934,9.131093358,13.67540718,16.8559124,6.489327016,17.41958847,18.56981792,7.777927248,,5.502154449,5.502154449,5.502154449,5.502154449,5.502154449,,,,,,
6dcf3f45-8a22-4b41-b3af-96e7cf6c1ad7,12.3348502,5.713322925,10.71900745,9.598076528,10.95225126,5.416436762,3.633075957,9.787358162,13.95236,7.176314663,,12.3348502,5.713322925,5.713322925,5.713322925,5.713322925,,,,,,
ba1984e0-f86b-4fe5-9fa7-cfdafe35b1b3,2.578143552,3.797928088,14.17511932,4.458849241,4.922268193,4.736075548,10.68574289,11.36179655,4.753800381,5.527024858,,2.578143552,2.578143552,2.578143552,2.578143552,2.578143552,,,,,,
3059967b-fae9-4ce6-a5b4-a3951a84f1a1,5.70718388,8.976268328,8.035892092,8.23550961,4.64894941,4.935006034,1.505888446,4.069924165,3.105189062,5.174473602,,5.70718388,5.70718388,5.70718388,5.70718388,4.64894941,,,,,,
a35bd220-4e10-42f8-8ea6-a29b368f9dfe,8.932282357,5.264856835,7.889939112,6.636224671,7.853891236,5.595385169,2.625559866,11.55114902,5.717256505,8.275897687,,8.932282357,5.264856835,5.264856835,5.264856835,5.264856835,,,,,,
aac2f9cf-83bc-48eb-b2ea-d703a04da6fa,3.241127552,4.953455668,5.857978714,5.725125306,10.7943248,8.680521217,4.203377143,9.745842551,8.310403445,8.71602101,,3.241127552,3.241127552,3.241127552,3.241127552,3.241127552,,,,,,
35cab3f7-f22c-4d3c-9259-6fb33cb6881b,5.573616318,10.67835487,5.328170493,5.63334798,4.057868488,9.083271713,3.562476697,10.82590301,9.58588573,5.51021919,,5.573616318,5.573616318,5.328170493,5.328170493,4.057868488,,,,,,
e9cc47f2-aa02-45a7-a6ef-dfd6bafc5a05,17.90129958,7.432773097,17.57337076,20.123648,19.303273,24.00761877,6.64105908,13.00011454,22.59257202,23.21211661,,17.90129958,7.432773097,7.432773097,7.432773097,7.432773097,,,,,,
40d24851-6386-4da1-a885-1d4f501954db,4.304478282,7.401445816,5.919056974,9.260415871,5.803412931,4.202924206,2.821549776,8.888997864,7.671828799,5.780112799,,4.304478282,4.304478282,4.304478282,4.304478282,4.304478282,,,,,,
5335c67a-ac94-414b-a0af-fc5f12db0fdc,13.73419561,12.65518382,4.757259017,9.247989735,15.86402271,15.77709717,8.471687022,11.81054609,4.479980443,7.214831675,,13.73419561,12.65518382,4.757259017,4.757259017,4.757259017,,,,,,
64fb48bd-f296-4e4a-bba2-e2ebd1421496,18.10568858,23.98879208,17.75026919,18.03964657,7.269742978,23.23719014,13.1105165,9.173232324,19.97072091,22.49907056,,18.10568858,18.10568858,17.75026919,17.75026919,7.269742978,,,,,,
7c49b16c-9251-4a35-a625-d1ccd0757c73,3.867804763,8.912392604,4.918895496,10.67225865,10.2310686,3.8205667,7.400573164,3.823963108,4.305656014,3.716302849,,3.867804763,3.867804763,3.867804763,3.867804763,3.867804763,,,,,,
77ab8b17-ec35-4921-a6c0-e6a1f2401cbc,18.22148078,17.39922032,14.60685711,6.48067507,17.89921793,17.13113621,7.820054099,5.977895434,19.3496524,7.996974857,,18.22148078,17.39922032,14.60685711,6.48067507,6.48067507,,,,,,
51cba650-feb9-43cb-ae1b-16f5cfac6d53,3.232172038,5.078304039,5.264787708,10.52663168,6.002412906,4.306091382,7.27984482,9.131210443,9.155898863,9.434658524,,3.232172038,3.232172038,3.232172038,3.232172038,3.232172038,,,,,,
4e84f2d6-ca7c-46d1-84a7-1e3749915c7b,7.027754001,5.855873186,8.844432116,9.401334448,9.025701601,5.503068274,1.336876679,5.787668242,2.18013027,6.21840594,,7.027754001,5.855873186,5.855873186,5.855873186,5.855873186,,,,,,
60ea388f-5c0e-4343-9cf7-36a52e4df135,17.03107695,16.72251603,17.78299881,19.4312979,18.66053722,15.07500294,12.1541558,7.188504942,11.28196526,12.25778886,,17.03107695,16.72251603,16.72251603,16.72251603,16.72251603,,,,,,
ddb97ccf-4fa5-49fd-b433-ef65077c4e31,3.715047483,9.325676109,5.375412778,6.91552377,5.190559834,7.61761541,10.92313704,12.23144569,5.787065595,9.428978891,,3.715047483,3.715047483,3.715047483,3.715047483,3.715047483,,,,,,
f81273ba-5aa8-413e-96ee-d721c4796e0a,6.234244235,12.63048389,14.04911058,7.791356568,7.56542629,5.90952375,11.34920371,11.46103061,15.67283146,10.96196449,,6.234244235,6.234244235,6.234244235,6.234244235,6.234244235,,,,,,
eec722ec-e839-47b7-823e-a71f188d1d80,5.558044589,3.093367872,4.603107675,11.90092191,7.619487101,9.754186377,10.0709861,10.33423748,10.05135753,8.437915666,,5.558044589,3.093367872,3.093367872,3.093367872,3.093367872,,,,,,
49b0f41d-b96e-41a0-ad43-1855d579aa05,6.181499907,4.824530911,7.935492853,14.11890771,4.183929231,7.860924977,11.36864722,9.840780155,6.830719184,7.256764426,,6.181499907,4.824530911,4.824530911,4.824530911,4.183929231,,,,,,
e39488fe-b742-4b40-8ae1-716a095bde18,7.849268109,8.328242476,10.78303475,7.38738309,7.651849793,5.592308363,6.081557944,8.167149341,5.848145839,10.96984535,,7.849268109,7.849268109,7.849268109,7.38738309,7.38738309,,,,,,
2bf33e9a-ca45-4ca4-b580-7d77c4c9cb37,7.11898585,9.383247593,8.468642908,5.976493219,11.43222895,5.32764977,1.654571236,7.648042463,5.570354858,10.8520251,,7.11898585,7.11898585,7.11898585,5.976493219,5.976493219,,,,,,
906a7080-58a8-4864-bb70-fcc91e98ac65,10.75986133,1.88728613,10.25205286,14.83616989,10.03358707,3.964775613,6.085925736,8.572646115,7.286103973,4.670310486,,10.75986133,1.88728613,1.88728613,1.88728613,1.88728613,,,,,,
71e0a74c-1131-49a0-9fec-faac47ad5316,7.928499041,5.530219125,12.44442244,6.814914848,6.409189021,1.660561909,7.594684267,7.568628736,6.366888711,10.2985651,,7.928499041,5.530219125,5.530219125,5.530219125,5.530219125,,,,,,
5ef1e3d5-a194-4ba7-999c-9c6b8d3091ab,8.813063014,16.73104583,14.36359806,7.008806551,7.944233632,4.248146747,3.668983464,6.372355026,20.96352446,7.843834756,,8.813063014,8.813063014,8.813063014,7.008806551,7.008806551,,,,,,
4cebf674-8b8c-4be3-b7cc-0b85521eff71,4.92134062,8.806150355,16.6113812,8.847639069,9.593544227,14.8186319,8.015487903,7.597432409,20.82425232,7.614328078,,4.92134062,4.92134062,4.92134062,4.92134062,4.92134062,,,,,,
bb88be3e-a991-4876-b7f2-dbad1655ff11,7.599707102,12.33720782,19.68564147,8.537482297,8.070138902,12.90713412,9.563295347,18.95643957,8.262305797,15.24947343,,7.599707102,7.599707102,7.599707102,7.599707102,7.599707102,,,,,,
08626acd-06dc-430f-a7b1-9822e93cad11,8.451015917,4.92388246,15.93141915,9.268659094,7.3191248,2.305111571,14.59891793,3.192538231,2.897041351,6.782785669,,8.451015917,4.92388246,4.92388246,4.92388246,4.92388246,,,,,,
4759a40c-3170-463e-a429-dc0d4a556f2e,17.53849402,3.816873003,8.278043726,7.379438414,22.18273719,21.4125789,3.981901491,20.02418833,10.16487125,2.133885862,,17.53849402,3.816873003,3.816873003,3.816873003,3.816873003,,,,,,
2fddb69c-2958-4b3a-9616-93af7971d197,4.599851255,9.198326747,16.35081076,15.9022794,13.72582869,8.717850242,15.03166849,2.194945714,6.017738311,9.533025488,,4.599851255,4.599851255,4.599851255,4.599851255,4.599851255,,,,,,
e74cfd1d-3d27-4a86-930a-e4969332c4e5,5.478667985,6.524970452,3.703375131,3.926793472,4.142444304,7.580802212,11.79795623,7.448523656,4.53323495,7.263491954,,5.478667985,5.478667985,3.703375131,3.703375131,3.703375131,,,,,,
8ae72076-cee4-4767-85a3-435bb6cc0c6f,8.369134054,8.641891788,14.78933761,3.435312651,7.777519534,8.789497328,5.060781359,9.091166783,14.65502179,9.834749769,,8.369134054,8.369134054,8.369134054,3.435312651,3.435312651,,,,,,
ab68d7a7-2039-45ae-ae7c-c9ab194ea77b,2.867302308,3.916877057,6.14250256,9.546870237,6.571622954,8.73721456,3.061497475,8.212460653,7.995720293,8.46567942,,2.867302308,2.867302308,2.867302308,2.867302308,2.867302308,,,,,,
5cdf6ffd-b855-476a-8e30-a60668a80059,11.75292348,5.357520194,13.57264261,9.330464572,10.36861461,14.569804,10.37964489,12.78429216,5.118168289,6.696543688,,11.75292348,5.357520194,5.357520194,5.357520194,5.357520194,,,,,,
0dd75f23-2b83-4fe3-8486-5d55a32accc9,2.616265982,4.780068049,6.19210357,4.7889963,5.619700423,10.16807612,6.01649779,8.141869959,0.73184193,9.969290112,,2.616265982,2.616265982,2.616265982,2.616265982,2.616265982,,,,,,
e9eec8b3-0318-4547-b10a-ec2549a0735c,18.05580623,17.72820763,20.35813837,19.54472994,18.32237382,18.65181654,7.689629151,11.33750774,15.66045904,5.692476096,,18.05580623,17.72820763,17.72820763,17.72820763,17.72820763,,,,,,
a25ccec9-3b6b-4e28-8290-eece677e999f,5.202839558,7.150377916,8.632513531,7.508850927,4.822268698,4.827497023,1.490663918,6.900267841,2.708921073,3.224781421,,5.202839558,5.202839558,5.202839558,5.202839558,4.822268698,,,,,,
e0028d06-0375-4090-bd8c-540c03804c1a,10.11973,13.2449318,14.41728352,11.22597353,10.68518307,7.422275182,10.63915216,15.57201396,9.677385089,7.702435885,,10.11973,10.11973,10.11973,10.11973,10.11973,,,,,,
4420762c-923e-4e58-9b2d-a661371e59c1,18.05160317,7.468687614,13.05151581,17.70610812,20.16659894,15.56342954,19.33457052,22.60213262,24.07950557,12.48037033,,18.05160317,7.468687614,7.468687614,7.468687614,7.468687614,,,,,,
99f33c93-6fe3-4f4e-92af-689e32ddf185,5.133927027,6.402699282,13.47620696,15.12162453,14.22718614,16.19484321,6.928304658,5.375659388,17.40619174,6.303455718,,5.133927027,5.133927027,5.133927027,5.133927027,5.133927027,,,,,,
f0fee988-b85a-4398-800a-29e439cd00e4,4.312410225,9.839463583,11.18820334,11.01865602,14.30300654,8.294004109,5.005518566,7.021502136,4.428564792,7.330986934,,4.312410225,4.312410225,4.312410225,4.312410225,4.312410225,,,,,,
92e16f5f-82d7-4a4f-854d-820f81efa5a0,8.071255386,6.842595728,6.024973575,10.34031736,10.06735093,4.728663874,9.131647357,4.496394493,5.070635272,6.303530282,,8.071255386,6.842595728,6.024973575,6.024973575,6.024973575,,,,,,
39ca1b4a-a123-48e1-afde-6aa6671deae3,4.431104848,10.28099679,6.434705545,11.11488542,14.8682397,9.386131712,11.4878037,1.870216008,10.62254016,6.216820119,,4.431104848,4.431104848,4.431104848,4.431104848,4.431104848,,,,,,
da0aa1b6-8b2f-4e40-901a-a9b3d935ada3,5.972330001,9.813270662,7.428500066,10.2539725,7.642592934,5.621698474,20.53895859,12.38192432,3.928987448,11.4990859,,5.972330001,5.972330001,5.972330001,5.972330001,5.972330001,,,,,,
17933eba-2c93-44e5-be86-79ec9dc88ff0,11.1565978,9.57775671,16.70565175,11.66920376,6.551048511,13.33350671,13.25828487,15.14013569,7.291544312,11.72475631,,11.1565978,9.57775671,9.57775671,9.57775671,6.551048511,,,,,,
8bc3bb2d-e2ad-49d6-bdd8-eace6a043cb9,10.82592276,9.930856119,16.38672311,11.66577854,16.64815934,7.735743555,12.93275362,14.86951881,13.01846441,10.58530703,,10.82592276,9.930856119,9.930856119,9.930856119,9.930856119,,,,,,
d51a3e3d-1a28-499c-af88-f86f5f9a0694,6.409690037,6.162633121,7.656208437,8.546365988,12.66191368,8.43994556,3.362923984,6.460504696,5.947085247,9.180924135,,6.409690037,6.162633121,6.162633121,6.162633121,6.162633121,,,,,,
32dca2ed-ee6f-4a97-96ac-404a0b26d58c,8.004710311,5.101221801,3.709856747,14.30731942,15.60321416,11.40327018,19.21572284,3.125826306,7.723729947,10.12838785,,8.004710311,5.101221801,3.709856747,3.709856747,3.709856747,,,,,,
1fa9c7de-63a6-4bba-96bf-119ee9e76de2,6.638111726,10.87232307,6.134773501,6.662841267,5.766955358,3.592697334,12.22431953,5.506253852,8.03719429,7.890476074,,6.638111726,6.638111726,6.134773501,6.134773501,5.766955358,,,,,,
41667c6a-7ea5-47a6-baf8-ea447ddf3fa9,9.560577306,7.033457516,9.291933271,16.05497634,4.7801991,13.38658297,13.45169169,6.311000888,5.288246954,16.35178121,,9.560577306,7.033457516,7.033457516,7.033457516,4.7801991,,,,,,
10a88c96-d324-46bb-864a-bc77927c7fb3,5.372370294,7.672203421,7.768885112,10.17064009,6.645113748,9.593886862,4.659715782,3.142036667,7.617896893,8.177270157,,5.372370294,5.372370294,5.372370294,5.372370294,5.372370294,,,,,,
c625ae47-48e9-4085-9991-88beb11152a1,5.238714169,8.864148239,5.278697418,3.210747776,5.949228304,4.177258575,11.82189222,7.455663821,8.339995109,6.715229136,,5.238714169,5.238714169,5.238714169,3.210747776,3.210747776,,,,,,
6e2b18da-a96c-461a-8dc8-09cbadda4e93,6.923501987,7.855060254,7.541184353,8.466103198,7.034558489,1.3297607,3.914320222,3.311530046,6.244948618,6.57961083,,6.923501987,6.923501987,6.923501987,6.923501987,6.923501987,,,,,,
3fbfca4b-3290-464e-8cb3-5d3ec64f3125,5.581078835,5.764401217,3.360426013,6.290612947,2.659643526,3.83469597,10.51605117,8.700267859,3.048384952,3.32953432,,5.581078835,5.581078835,3.360426013,3.360426013,2.659643526,,,,,,
476405b6-8cf9-4fc1-9aef-32f8602e323d,3.288003221,4.790105204,4.001936674,2.271223626,3.372705049,1.574531272,9.419441303,6.154487536,5.637729083,2.734406,,3.288003221,3.288003221,3.288003221,2.271223626,2.271223626,,,,,,
127b982d-3b6f-46db-9879-7e8b6abbef9e,4.444422517,5.125953962,9.284890155,4.140364756,12.21719228,4.93836649,8.163352216,6.734260077,4.493681851,7.470820073,,4.444422517,4.444422517,4.444422517,4.140364756,4.140364756,,,,,,
71e628d8-8ac8-4ec6-978c-81ed412d7910,3.164111644,8.577793409,8.996782147,2.220649536,25.89201697,14.95925022,19.76048485,3.393854072,5.154113156,6.798860876,,3.164111644,3.164111644,3.164111644,2.220649536,2.220649536,,,,,,
72fb80d1-5901-4c1a-a63a-456de2abd274,9.073193732,5.059776522,13.65733825,15.84629078,12.59417689,6.879869992,20.77924134,8.167997082,15.16941686,13.23988625,,9.073193732,5.059776522,5.059776522,5.059776522,5.059776522,,,,,,
4f586ee4-e7fa-4eff-94b0-001c90880c57,7.039223552,4.67185809,3.367201331,7.999644345,8.585317151,5.478887927,6.438016798,5.009897467,23.2651473,4.209356951,,7.039223552,4.67185809,3.367201331,3.367201331,3.367201331,,,,,,
b654cd0c-f25a-4414-9731-d6555ec6c5db,2.868231155,8.321041054,8.365527745,12.67337704,10.8631009,7.867419036,4.460457686,6.550265565,6.732452668,4.758959837,,2.868231155,2.868231155,2.868231155,2.868231155,2.868231155,,,,,,
d8d2339d-d42f-46cd-ab54-370b9330cf7d,7.916571413,4.149291902,9.555614285,15.02115026,5.533986524,25.78964627,6.235497264,19.52309532,9.226024305,6.528757915,,7.916571413,4.149291902,4.149291902,4.149291902,4.149291902,,,,,,
5bc48e5e-64e1-468f-a59f-bd8ff42b5dd8,14.92296944,4.968982181,10.77305361,9.864789396,8.127383858,2.369470709,7.011731895,10.74177275,8.988206063,10.50521127,,14.92296944,4.968982181,4.968982181,4.968982181,4.968982181,,,,,,
99a38fb7-a591-4c0c-bf6d-6c6dc613e2a3,10.69751657,7.231565677,13.62445738,4.771388537,5.999157865,8.47920787,11.17320061,13.61170818,19.74103798,13.23162194,,10.69751657,7.231565677,7.231565677,4.771388537,4.771388537,,,,,,
79a5ca60-1ed9-48f9-a9e7-0d12bc1f03aa,9.498588327,9.815983223,6.807355576,5.942405946,5.648199698,0.988752437,8.730941121,6.667051891,8.931262098,4.639775655,,9.498588327,9.498588327,6.807355576,5.942405946,5.648199698,,,,,,
eb0e68ae-32e2-4d8e-bdc6-0b215e54196e,3.676534289,14.22784171,5.156744543,12.51691899,2.971608898,11.97040086,4.339410366,3.987803881,5.775339442,13.20319033,,3.676534289,3.676534289,3.676534289,3.676534289,2.971608898,,,,,,
64abd5b7-e6c1-43e5-ab04-cfc0be53fe6a,5.286421477,10.14773008,22.34816145,11.56191734,11.43304113,10.48227122,11.4509014,16.05057307,16.30156466,7.953998335,,5.286421477,5.286421477,5.286421477,5.286421477,5.286421477,,,,,,
f21d408e-6cca-42ff-ad14-1813eb082d08,9.750255857,3.04791238,8.986135633,13.57397694,9.314107932,4.480457459,13.20049574,5.34592406,9.753573639,6.20392876,,9.750255857,3.04791238,3.04791238,3.04791238,3.04791238,,,,,,
738c81ab-8df5-4d29-a37d-13b25652887e,9.795181436,6.918032174,9.799436041,8.022865494,9.123347313,2.802592067,19.97084364,11.84969506,5.472198342,11.19285813,,9.795181436,6.918032174,6.918032174,6.918032174,6.918032174,,,,,,
8df02162-bde6-4708-b541-db3545cf058c,11.53332294,5.86931763,11.19094013,7.94827507,9.052131177,5.902300363,6.800494273,12.19618612,3.568058523,18.05897362,,11.53332294,5.86931763,5.86931763,5.86931763,5.86931763,,,,,,
2f170058-4a17-419d-805e-45c927225c61,9.862660847,6.032001889,7.074569274,3.886810129,9.300704258,4.129678909,9.722118154,5.703588004,14.72175408,3.060186628,,9.862660847,6.032001889,6.032001889,3.886810129,3.886810129,,,,,,
13275296-86b0-4fa9-9dc4-f583539ecbee,8.061253324,11.293895,5.441169578,9.726011737,5.964148747,3.403973796,4.557476818,10.71241586,5.252270704,1.132404957,,8.061253324,8.061253324,5.441169578,5.441169578,5.441169578,,,,,,
9bd7cbe5-9833-45c6-8b19-62b35cb4186e,9.039225842,5.849721447,10.19691212,8.808926171,6.577476386,5.777347049,7.434081041,8.401326645,7.870802305,5.347222832,,9.039225842,5.849721447,5.849721447,5.849721447,5.849721447,,,,,,
81b87cb5-76d8-4c0d-bf3f-0da1bd15bd82,6.505613668,10.15771698,5.437480671,11.13151682,13.74795198,8.323885641,9.995957086,11.334447,6.144419678,5.010615581,,6.505613668,6.505613668,5.437480671,5.437480671,5.437480671,,,,,,
845fb86b-564c-45d9-8794-4f378cfa2f26,2.752519254,3.207970122,4.5182016,13.89112349,6.094972135,2.221655209,3.598078307,12.46759258,5.839635566,10.38166838,,2.752519254,2.752519254,2.752519254,2.752519254,2.752519254,,,,,,
cf59014d-d51f-4007-adb7-58d1a375fcf5,8.574702321,20.19278431,19.35626229,9.578293277,15.26912842,6.986741657,12.58036617,7.670953227,13.17931298,3.370148249,,8.574702321,8.574702321,8.574702321,8.574702321,8.574702321,,,,,,
2a62d1f4-da2f-46ea-88ab-97522ff1a89d,7.323311404,9.839882238,4.762963989,7.343383063,6.895374201,5.093238963,10.05320084,11.23114477,4.546834561,11.34438459,,7.323311404,7.323311404,4.762963989,4.762963989,4.762963989,,,,,,
5c83ad32-9035-4026-a4db-40ab9c17bf57,18.40746696,4.47839086,7.477494579,22.98498797,8.332533788,4.67183738,22.22873781,14.34055656,4.031274183,2.113508493,,18.40746696,4.47839086,4.47839086,4.47839086,4.47839086,,,,,,
b89c6eeb-fe44-4036-9b52-de59e84be7b3,6.024527269,6.418409933,9.052652564,10.17706946,8.481391781,11.78328053,9.674680801,5.149811014,7.026665521,6.447475305,,6.024527269,6.024527269,6.024527269,6.024527269,6.024527269,,,,,,
62cd50ea-fbfd-4fc5-8ab4-3d40da1c0a4c,8.547310001,9.116481215,7.968481682,11.49255895,10.57535999,5.739968127,7.491992851,4.501709865,4.589417262,8.448505859,,8.547310001,8.547310001,7.968481682,7.968481682,7.968481682,,,,,,
dbbd0558-fd48-417c-aa60-eb0b07b3b123,8.803661144,8.749066089,8.591325904,10.97034883,3.10392471,9.380356355,9.0178545,8.238988645,9.70750924,11.77138924,,8.803661144,8.749066089,8.591325904,8.591325904,3.10392471,,,,,,
e877a594-a88e-482e-a494-26397bc395a6,11.3515701,5.144523479,9.442683466,11.1035649,10.4465106,8.656913234,12.61833985,13.10081385,5.30207246,5.751962957,,11.3515701,5.144523479,5.144523479,5.144523479,5.144523479,,,,,,
338ac10e-a6c3-4b3d-b84f-e9f878943c25,8.016049754,13.4400154,18.70222637,11.12123342,9.16102613,10.89456398,13.05382234,21.70214733,15.85559278,7.668468476,,8.016049754,8.016049754,8.016049754,8.016049754,8.016049754,,,,,,
cb63e45b-a980-4717-a172-4eb4ea573154,11.29801492,9.101886548,6.580473881,4.606317402,8.374581456,2.091392837,8.560910208,11.61683121,5.911265658,6.925447582,,11.29801492,9.101886548,6.580473881,4.606317402,4.606317402,,,,,,
df0cd508-6751-4689-8991-ccb53a444d68,3.468463936,9.182521649,5.102300302,6.708783098,6.764760591,4.962443887,3.462571852,10.27140851,4.563397652,8.477052905,,3.468463936,3.468463936,3.468463936,3.468463936,3.468463936,,,,,,
ce44cbab-1b43-4b37-9105-c657fcf930b5,19.19888525,4.942881213,7.750272705,18.40538796,2.107013509,8.268331869,3.258848366,6.482702297,2.384013102,5.612039335,,19.19888525,4.942881213,4.942881213,4.942881213,2.107013509,,,,,,
ec49992a-b6d0-425a-9169-e4eacdd75d44,8.834107999,5.992399847,7.692298859,5.164035018,5.757979247,4.052722918,8.302570143,5.502930018,4.933774252,14.66704063,,8.834107999,5.992399847,5.992399847,5.164035018,5.164035018,,,,,,
4d33f52c-4cf1-45cb-ac88-4c7f0566887d,2.465428847,9.559153492,8.602004698,6.394278184,15.19090014,15.51715068,4.850622396,7.642265587,3.746060032,7.035422534,,2.465428847,2.465428847,2.465428847,2.465428847,2.465428847,,,,,,
65ee5fae-5771-4a52-bf1e-d876dc8c2068,6.603962799,12.12736448,5.668469578,5.136992863,11.17998661,6.87795222,7.235224307,2.881788576,8.462853942,7.748961933,,6.603962799,6.603962799,5.668469578,5.136992863,5.136992863,,,,,,
b2022867-4f8f-4c16-b75a-16aec8420ea6,7.96940034,8.802902994,5.431728269,13.86417279,14.58695118,8.267725963,13.11189752,3.801949195,6.857303096,14.44294584,,7.96940034,7.96940034,5.431728269,5.431728269,5.431728269,,,,,,
1aa6c0a2-c0f1-4d13-9c9c-bc6eedb423e2,5.548046311,16.05674795,2.84744131,6.654989981,8.617804606,14.38008603,8.209574429,5.411744192,2.867054197,5.231921649,,5.548046311,5.548046311,2.84744131,2.84744131,2.84744131,,,,,,
0f412601-76d5-4127-af2d-711c110abdd0,4.733310169,4.307173124,9.667417663,15.20523431,11.6936492,12.46126072,13.73927735,8.577867855,12.48934491,6.753394813,,4.733310169,4.307173124,4.307173124,4.307173124,4.307173124,,,,,,
4dcf4cce-f05f-4973-a9da-b18334743b09,4.476602356,3.324309823,11.65263636,9.276717125,13.17643385,8.887259093,10.78023538,12.96840382,6.994406549,5.422127493,,4.476602356,3.324309823,3.324309823,3.324309823,3.324309823,,,,,,
bf49ffbf-21df-4249-8c11-3c5f74b567dd,6.520499513,13.22488203,14.37010869,14.60182909,4.181436572,7.699450141,7.992616435,10.48190404,14.30630914,12.33415829,,6.520499513,6.520499513,6.520499513,6.520499513,4.181436572,,,,,,
de7dc6dc-896b-4050-b1d8-927c15ce40fd,6.465905489,11.06479774,12.49195907,4.704225045,5.387497738,3.357271603,7.493647234,8.412776247,7.574955016,11.71336577,,6.465905489,6.465905489,6.465905489,4.704225045,4.704225045,,,,,,
3302688f-82bb-47b0-a4f8-cc22bb321db7,8.787323226,4.123977028,9.970232989,2.728545607,9.32418704,10.79246534,11.37563322,3.249351657,7.394741145,5.569822839,,8.787323226,4.123977028,4.123977028,2.728545607,2.728545607,,,,,,
999d33a7-1f60-4af5-a14f-f88f9ba2183b,6.822989983,15.76920905,17.10732033,15.3022304,7.341249648,5.371213287,17.60458104,6.19558685,16.55060885,9.211122321,,6.822989983,6.822989983,6.822989983,6.822989983,6.822989983,,,,,,
4f370a36-0f3c-4247-834f-ec9dd48d4b6f,7.465452264,11.51201001,11.63125109,10.27056637,8.745093024,15.04269403,11.0302201,11.6145643,10.38240832,1.736102652,,7.465452264,7.465452264,7.465452264,7.465452264,7.465452264,,,,,,
,,,,,,,,,,,,,,,,,,,,,,
,,,,,,,,,,,,,,,,,,,,,,
,,,,,,,,,,,,,,,,,,,,,,
,,,,,,,,,,,Total,371,371,371,371,371,,,,,,
,,,,,,,,,,,,,,,,,,,,,,
,,,,,,,,,,,<=1,0.269541779,0.269541779,0.808625337,0.808625337,0.808625337,,0.27,0.27,0.81,0.81,0.81
,,,,,,,,,,,<=2,1.078167116,2.69541779,3.504043127,4.043126685,4.851752022,,1.08,2.7,3.5,4.04,4.85
,,,,,,,,,,,<=4,11.05121294,16.17250674,22.64150943,29.11051213,35.04043127,,11.05,16.17,22.64,29.11,35.04
,,,,,,,,,,,<=6,31.53638814,49.59568733,59.56873315,64.95956873,70.35040431,,31.54,49.6,59.57,64.96,70.35
,,,,,,,,,,,<=8,49.32614555,71.69811321,83.01886792,86.52291105,89.48787062,,49.33,71.7,83.02,86.52,89.49
,,,,,,,,,,,<=10,71.42857143,87.60107817,93.80053908,96.49595687,97.57412399,,71.43,87.6,93.8,96.5,97.57
,,,,,,,,,,,<=12,82.21024259,93.5309973,97.30458221,98.65229111,99.19137466,,82.21,93.53,97.3,98.65,99.19
,,,,,,,,,,,<=15,89.7574124,96.49595687,98.38274933,98.92183288,99.46091644,,89.76,96.5,98.38,98.92,99.46
,,,,,,,,,,,<=20,96.76549865,99.46091644,100,100,100,,96.77,99.46,100,100,100
,,,,,,,,,,,<=25,100,100,100,100,100,,100,100,100,100,100
,,,,,,,,,,,,,,,,,,,,,,
,,,,,,,,,,,,,,,,,,,,,,
,,,,,,,,Error Threshold,Ours,,,,,NiLOC,PF,CRF,,,,,,
,,,,,,,,,K=1,K=2,K=3,K=4,K=5,,,,,,,,,
,,,,,,,,<=1,0.27,0.27,0.81,0.81,0.81,69.9,19.7,26.3,,,,,,
,,,,,,,,<=2,1.08,2.7,3.5,4.04,4.85,78.1,30.9,36.2,,,,,,
,,,,,,,,<=4,11.05,16.17,22.64,29.11,35.04,83.4,46,43.7,,,,,,
,,,,,,,,<=6,31.54,49.6,59.57,64.96,70.35,87.2,58.6,52.1,,,,,,
,,,,,,,,<=8,49.33,71.7,83.02,86.52,89.49,,,,,,,,,
,,,,,,,,<=10,71.43,87.6,93.8,96.5,97.57,,,,,,,,,
,,,,,,,,<=12,82.21,93.53,97.3,98.65,99.19,,,,,,,,,
,,,,,,,,<=15,89.76,96.5,98.38,98.92,99.46,,,,,,,,,
,,,,,,,,<=20,96.77,99.46,100,100,100,,,,,,,,,
,,,,,,,,<=25,100,100,100,100,100,,,,,,,,,
,,,,,,,,Metric,Min of Normal and Flipped of Mean Dist. Between Start and End,,,,,Dist between of Pred. and Real Loc,,,,,,,,
