7f761acb-e080-4df3-b855-4d9a7598af0c,2.018063377308938,6.60729200629281,3.709036072175914,14.138167133431466,8.286723027069186
31a9eb0e-61be-4054-9a45-8fd8bb1863b1,4.76742945269312,2.6184956080245447,3.087318568244155,4.69869067535261,7.364127096818374
0f453794-86a4-49d4-b687-c057ac61be43,9.966504179254768,2.119845335368818,5.560462776466113,3.7799141333582695,4.4913718270640715
70aef3d2-6985-4742-a4a2-21cdca45dac7,9.149703524390883,6.995880254957278,6.07226985061138,4.247479241678366,16.839978731490245
6560ff22-3f97-4cc1-9046-5a7754176771,8.625279646064335,5.699288985998712,10.488141916585082,9.435629330658273,14.599255362981994
479198a0-d71c-4c3f-aa03-ddd270062854,6.220123414914752,8.504152004165675,12.40144054917577,2.860079507615427,3.987762548161017
97873bbb-5028-46d6-808f-ae77d1b0a7ef,13.402872959039414,7.596207967599208,16.642767197975736,2.675643445361067,2.940300378266483
113f14b2-94f8-4701-be93-7e9cb689c5b2,3.5712935626937297,17.824831204490252,10.831751603567003,16.432623384754226,16.377365115694214
6d7c700d-23f1-4440-875c-b9c16ec645d6,27.74108279432611,7.599933238767015,27.794812092556064,2.564674393267198,30.12982598615999
d2f2f527-1362-41b2-9c5d-0580c61cc32b,5.7170907824411366,23.60179896922687,7.020138658757579,25.42327723025277,3.8772645282375384
4280a048-da7f-4d8b-8eac-6443a0895c8a,2.2829164027331807,7.853276792930632,11.12021776780064,2.1581507959157613,10.05630222706515
4cbb7315-c3cc-494a-bb07-e24422ded4ef,2.6900200142524526,14.685135168726198,2.3057460911650547,7.391089442840479,14.032371069460792
35c3ffb5-90dd-4dee-a78b-917150bbcf9c,4.691236816460265,1.251132375205371,3.7048159260943843,3.3895294537612677,6.533141540384428
feda14e4-caad-4a47-8e6d-62ebb72d77d7,12.437931950572938,6.352045092832598,8.709069006062357,14.829050856776162,8.542745704659136
73b6a9ec-73a1-49c7-b63f-cfd42878d37b,2.1621653959860163,2.3987851741049773,15.54157417095423,4.429586741472461,8.776917326697284
283152c9-19ec-445c-9c18-3db7cba7134d,1.9921998620527428,6.680362766039549,3.6622001657577554,5.098872680448997,2.3585260892394917
eed8539c-cf76-45ef-99b0-87408fb1790d,7.713990129629675,15.959750792808592,5.155691281237237,1.105195005098546,21.858814644297873
11c99c70-8dca-49d9-8ebf-9eec704f2435,11.730223683392566,11.710507605859394,12.189544694657343,11.117758210952907,15.487735094967466
daf777d2-266d-4707-b09a-67cdbd9eafc7,17.865323368373694,19.207371405729937,5.759638461911237,11.501424554981615,19.555360265441415
1980bc6a-cb29-4843-b22b-53bd58e7856a,17.866246550762593,20.00363047482366,5.101262012008679,25.80968353555931,25.810878801985215
8a849f36-cd63-4a32-b86c-3d326814ab7b,13.599362363420028,20.168072946689477,15.761482864941458,18.43599623226649,13.187361126378715
3cccff41-80d1-427e-a0ed-ab9e55dce42a,11.070172494132052,9.218057679791583,2.198143430536243,6.134228214696455,14.227379496256745
45cffbc7-b1ce-446e-8e32-229a39cfbde5,3.990622889225624,26.98310552335946,18.550010944562207,15.280509374841149,7.5878756109502845
138b1cc3-2937-427e-97a1-d2b1691500e5,4.511675908781541,5.269072562154607,20.423095269542763,1.68814567093199,3.718790226912274
cbec3421-9472-4820-8607-ba94751c88a7,19.699518690491658,8.262312776596527,28.087064446111,18.347578161769107,19.13910719670079
0483cf00-9b1c-48c7-94c7-2b4289ce6617,5.259062203726073,2.5162119296322296,5.962715040809847,3.611414484340584,6.333114324519277
5ba5199f-a30d-4f69-b328-df06d2da7dba,5.422826737202354,15.409685910442509,17.08395752903611,15.595274792434157,16.29342788265579
fd71c9ae-842d-466b-a015-847ba8ccfa1f,24.978777579409055,12.130142735532605,28.412696863464987,25.3156273900257,3.0592370549958074
3bd1970f-ae65-4ff8-a078-cb7db66568c7,25.566319454308225,3.8516181928116797,14.102215325880694,6.842624504083457,5.45264142323844
c1097e29-71c9-4a3c-ae34-f8f8d3296960,19.272045981669883,12.108765917130748,6.574295330891134,19.355727873261245,23.573727712004896
8fb18ac5-4288-4595-9c68-18647a1c9b81,6.13160979633258,9.504143712207185,9.99449111594511,9.992078296880994,4.303415666838314
cf9eb590-b55f-4575-947e-a7bc72f06643,10.348607430265366,5.074441872267425,11.9977425445321,4.138313326214881,10.381669104837492
b440be54-baed-4bf0-913b-791c32b04409,22.16306270033549,12.196398543596798,22.447873458533046,10.577440369904028,2.527521542882622
fd2abd79-9b06-47de-9d50-f7b67b0aeb29,13.807683280104428,8.722862843901327,17.112745484983396,6.133606184959195,16.671316044330318
b1136a99-b80a-402e-84ad-54a6a0262a0d,2.5040101985047443,18.177135861633282,12.354746738539713,15.676769719857862,5.149096252139461
5170df7a-2483-40e6-956f-2be115da3f6f,25.172436432981918,25.41319351173727,11.295042524626128,4.254532636110778,20.879909321199754
df0f0729-e306-44ca-a973-ecbb10179a3f,4.80311511531939,4.286833989320495,8.81937194610515,6.097697472364324,4.589766633014503
96fff645-f0af-4513-852d-6e947763a804,21.378942888943328,4.23915003935081,4.04918033081135,12.957329607952678,21.234243361846083
d7c8bddd-6b67-4fb5-9cea-7b3d99274e6a,18.65375176259738,7.028898070821624,23.098633968685302,19.631211746810127,5.262020725340058
8ebea9ea-4856-4c16-87e7-dec4874af2c8,4.423554854068866,11.381554604154534,8.811146015058679,19.29554313929543,1.8653225434897882
e0a285dc-b1ae-44da-98ef-a5d44b3b9a32,6.695316718928014,15.15835539271291,11.065733838770818,6.698736754776229,5.951247820648142
67a1af38-8e41-433c-b9ef-85dddde4a299,1.9112905744937683,7.028766282625355,10.17064377842209,6.09580634450511,8.018905487039305
3e45afce-4251-4fa0-ba1a-fb0dbc935610,18.965669930910018,15.663996757384442,18.33563240239873,18.261537095099722,10.241702981388139
fa9111f5-4463-4734-9fdd-013443db72fd,11.543957905410284,11.527116387764366,15.223008960520179,6.727741717821262,9.665142786854808
12487538-4247-4e76-931e-d58d462e4652,10.465305944876324,7.588707144714924,10.176304016357808,3.1057260685734787,14.669321955882054
d0d02c77-7635-4f13-87e8-0ba5d8f6401a,2.945907766987854,8.911301768138014,5.858489343531632,4.6366497559188495,10.861551675995152
40c2809b-9ead-40da-8fed-ecc3fa5b91a3,11.229581877822714,6.7722517212603215,8.960147842947855,13.755986795903453,6.981828397800944
f9f318c5-df94-4f7b-b489-76ffe294349c,17.988840073811204,7.981397061528629,14.55657051213145,8.48345007231523,18.368885819772768
72d662cf-82d0-4397-9548-754930fda0a6,21.746673153657518,16.931491244835733,3.1520608462219917,3.7573574534564496,7.316643361027211
f32e3854-3613-460b-ad59-ddfdf46f5936,25.741420117356597,27.784215628114538,3.919115992660593,10.221383838955973,5.000445647802981
9c827da6-850b-4d9e-929c-bccc2fb832ef,18.248086957727658,6.659503291337629,17.537610803694125,17.895481522926953,26.525846167254898
132385ef-62e2-423b-9072-0efd4363e217,9.284055682728303,28.91285105921545,20.48206699163811,5.477456350438188,29.424230677353975
dbe8ed7c-4f9a-41b9-8139-a81d772306a1,4.471921662312116,5.376303072992032,4.530537972462621,19.943858538976574,3.512247775376427
7f204f5d-1632-4af3-8407-b63ba4f97abf,12.90546700495175,16.139579727308078,5.257165093675553,12.471653611836636,15.201422900945385
ef2e6456-2da3-42b1-a10f-f1028a769074,4.107890667814438,23.540632547530397,19.793348017359314,3.3722915907835116,3.7652588947948726
b5a54052-9a9c-40d6-82ea-15eb7efc6f9d,21.799817694133473,21.768642745737353,9.055349032020501,6.494126274737631,6.06983411872689
f847834a-8ee9-4975-a073-69549d5919d5,24.65517761790511,21.7388514912951,21.23900187038221,6.15793781989586,14.596370780033116
4604ed88-76f6-4aea-bf04-f72c9f331f86,25.038800731965203,23.914075192932685,21.54714349806156,8.967078887239506,14.916713651796668
49edc128-870d-4f22-b352-f3b2a44dff24,10.315920398732391,11.328336852987752,11.711488860519466,23.82571634812159,4.015279309711637
180af457-55e9-4b8d-8412-aee8000b553d,6.946507872305486,5.22829112582213,16.90348887298708,5.005919978637086,23.563606491944768
eade300b-89dc-4273-99dd-d53e024cd6c9,4.257495107417165,21.2571442053954,1.2884182315650081,2.184287277669794,22.27169222815448
7679e0ea-6cb7-4040-bc5f-3673c519d701,16.53967712218985,16.169993076494045,27.684211176252788,18.08894001209734,8.771925466579901
5c2831ef-15bf-42a1-9652-0b80a8ee05e1,5.357232353359803,21.093924831757153,7.686613590266481,21.39299127342685,3.838235184825119
d9b8fd55-043f-4a45-ae2a-e4abcb9e7e41,5.817798168635373,2.4722559187840516,4.625568552861062,9.304583505410731,3.2330592087639287
ff6438a1-7e4f-4176-8082-8797b8560134,13.52527174891264,12.406236014490805,11.650393014941148,12.07012808869949,8.983541216706847
5e6cbafe-78fa-406e-baac-cf3e50e1df04,4.00919353906275,3.3659989317648993,4.961585894809232,12.458163423149763,5.29727562243281
3ddab098-9773-4778-bf63-237c1d0178ec,11.100356378331313,11.713561806080289,13.959912555853878,14.342686220641813,13.442862084859065
fd312d9f-213d-4ad0-8d83-baee1aff339f,14.877456284510622,14.141397163380404,6.798300774965936,2.444501556411879,12.494443936024428
3ddaaaad-d41a-4d5d-b0b8-a2aa76a2318c,5.485176154270832,11.957570714645005,10.178715411699997,12.488173258115953,10.570348703920398
69bdc604-1253-417a-8ea2-00262599ecd5,3.464263850047605,1.6026492800213723,2.609088155152596,3.164853802532419,5.050760259044253
74b7f6d3-cf03-4296-9fe6-360630490953,11.578228550142622,7.9376571427476055,7.45405174570382,2.83328276023015,12.414473685436086
9c32f017-9a95-4f68-8f81-b01c3cc84776,16.489159996706192,5.719211203601463,15.548374041273956,12.017784386230598,12.994954400916589
5ee9d57b-6e3a-46c4-9c8e-dc6f5c9d1a62,7.810367040760992,8.755319122853347,29.304665533227066,8.511250025375553,10.532247421787766
d37b62c9-8e0f-4f8a-8521-aa8a1ce265e5,3.1705717115151133,16.661507972286554,24.734705233948155,31.628084199227125,2.5400819905707945
44eeea8c-705b-49e9-a7b5-bea5788635dd,10.789520292149675,5.789861514896842,11.534869918520997,4.262667267207808,29.53077407769016
d8c9403a-3c87-418b-9a08-4ed51d18244f,4.433977714843913,2.6286385829962113,3.5636560342305095,7.1612081114410016,6.947900569787206
0ed26f85-7580-4767-ae69-851b0c6ded8a,26.839289806193072,16.04167963184026,13.122313210887597,15.936394336251158,25.43659286736872
b2d6f99d-2c2f-4cc0-a9df-cac6a208e7ee,5.524342356536535,21.487918398929136,4.335744259585669,9.489935652219417,26.76795583292433
5d798291-7d05-4da3-9c01-c24dbb25296e,29.54724840850352,13.59437258248202,15.709173457025127,28.001501289353314,18.68523059970503
9567f5b7-25df-4da1-858c-02961512a2bc,19.536931275300642,1.6937344565860337,22.455075526338895,20.033804078654065,19.12138682076563
a539b24e-f536-4147-abd0-16ae5b8fd4cd,6.209672927318648,15.792758561364744,21.07076804241213,4.656117351371527,1.3330932860579527
d5c3c275-6846-41ce-88c4-d56cfd475ed2,2.8776711143558367,28.280296475841638,18.78754255239202,20.958496654077756,8.279764922869784
dd32c6d4-b805-4ec1-87b8-263df6e13751,2.0331117171716855,4.98688175082337,4.386306840219875,10.75294759738522,6.381069867410908
b659bb53-c030-4faa-b31e-e0c6ddd92d25,4.75811661542196,8.582790051913875,11.471358700233722,5.605847269505276,4.084202504891559
1ece1e96-d1b0-4e19-b6bf-960ca5d52e81,25.42684578846982,2.4279877658682554,22.688217534320255,3.2861499114750146,25.782778291104293
94a938cb-6c68-4692-8afa-ae8a1e3b34d4,12.03160940323154,13.425966927900975,6.99909399104016,13.824134360691957,4.428070654162063
71384459-43d1-436b-966b-41e1d0c2793d,31.46285673034457,28.317192116030157,12.038194338785825,2.1264977932012834,17.367258235559515
3c1a8b7a-e779-4350-97d2-4918b04f78a4,13.013026245499718,8.378177743012497,3.416697168617297,13.06699396893407,22.20396310145548
e1441606-3a0c-40fe-bc1c-1fb5a25dd025,2.4226246000230924,12.316753132509985,13.686812328335446,16.331002177966973,28.55468952261156
fca8406d-16a0-47b4-a788-80dbdabdd4d3,2.4890062023369848,5.475416107051583,2.12517289457542,2.151918567724308,2.9408326550046198
311debf1-d530-4846-9f7f-d6f9bc7f3931,7.288638396796443,5.89326202497266,15.630328869706346,4.106720119307438,7.651258594570365
674b9655-19ce-4248-9d0b-f845cf3fe56a,12.975155603273217,4.467873803028296,16.078085621679193,6.435555354897173,10.56833929946313
b397459b-1805-48af-9539-60e4707daf75,5.364022245116555,3.5899454307639176,13.514717085983028,5.3716537495100525,5.210260493486032
b1402aae-e7b7-48d7-9fe6-578836ce986f,15.336911475582301,9.128971636373663,8.694957725431621,6.090448488039998,13.981682962010353
282d3587-c292-4b86-98d2-831c6343f9e8,0.9528323494100861,4.674681044279879,2.5415692162664163,5.493490013154422,3.0821700125102174
a7b755de-35f7-41ac-809b-b69290eb5eaf,10.591224975194066,11.673278915483825,9.430014456696753,2.98106290940435,16.968088968759396
5b2a82ff-9492-40db-98e1-026146a91168,1.5213178710552362,11.267056189618415,5.953674579745824,4.454726713802567,4.914799983856714
f4e2e4b8-ed65-4e6d-bf1c-2e94c28b1262,7.808487167624422,9.506550289189084,3.1390094409616127,1.4873228226197932,4.889774011042042
e83a3bc8-937c-4932-b4cf-e7014e94c196,13.947461606041317,11.347622409423892,10.346456463594741,10.415996549037988,10.885975034511915
18cb98be-51b9-4fa9-b99d-b1366efab84d,17.384439792101315,7.285422167699231,7.037365906968468,4.77418547162386,6.081129187113599
8a50fd17-96d8-48c0-82b3-c8f3b737f2ae,7.518210332013405,4.126298370683117,7.74653156040757,9.457203739133023,14.14319082630617
9f5de238-1823-405a-806d-fef05a737bca,23.341438058834967,4.820612666298897,2.0087452747986276,23.440988401320354,4.236941676857602
e9fd5b47-96d2-4e20-9053-5f1111eb4bdf,25.22863273133406,9.044662862454443,9.213249047467297,23.483513073567174,22.44411598157533
bdf89d7b-76cb-4d7d-861e-793c6ebbf5bb,5.836430021271243,22.11520520110255,14.270351991133762,26.691669170578734,15.705327984857908
5c3754e0-ebac-4732-88c9-f7db541269f7,19.474257517726492,8.231001658084628,0.7969498659300471,2.351379797184773,19.871073150804953
a91daef4-7f9e-4e42-9935-c8822e4cd95c,19.62109513819779,6.102406106090735,21.343381999756296,6.640538669962224,22.535054412749748
1afdde3c-7890-4662-ac55-4c6043b68284,15.445106306949956,27.98099017395345,10.400478818207576,9.470888560301983,27.990884215585552
1d139e6a-fe7b-49c1-9989-f9dc7689ee81,15.762784017848912,4.002426694276573,4.044082161945202,17.479198132602583,30.20238686712977
c2bfbccb-67bb-4699-b6dd-2ea993b7b3e1,3.4187927455348612,4.527692221855002,1.919878729294628,5.731602014918943,2.4828617576794922
081991a0-3402-48ce-8f4d-f80bc6fd9035,7.9917935851176205,14.108361415714521,10.587137057863403,2.3494790097222342,10.966212443123574
b4fb81a5-f8c0-4d7e-a0ce-e7e3fe395fca,9.695809433114976,10.418347483824475,4.496372071466503,12.106116833874248,11.822966645790157
275cb027-26f2-430d-93fe-002631cf0d59,16.5626341459539,7.147597940782777,7.606058714452686,2.7617722130792375,4.194195936141538
6458a70b-9a5b-4c64-9ae4-3164da11613b,20.68812618724216,27.244474548631622,22.82875025685474,5.991022545418808,22.361224124101092
a9087ee6-c5ea-484e-b4d8-6ec95621238f,10.29657281912468,17.15775255596391,3.9117966112534885,12.793123307563494,12.2078190519148
de60059f-b8cc-4cc7-bd80-3fc9f697a15a,8.869228909636895,7.620593032656426,14.553734435425579,28.02309218127062,1.70251125840141
50686db8-5dc5-44d4-88ca-4aa29ec058de,12.112877265717728,14.286953732053336,18.233538797621065,30.84366585422934,10.574531801872904
fe9ca66d-03f5-4aaa-ab14-7bcb69b082d2,24.692766508003075,5.632149144864196,22.12976460690697,14.095714732487014,2.1053076957676016
acf4a81e-7f73-4ca6-8ba8-3fab06842682,11.410824119495699,10.971187882190407,8.893807285210084,4.867326855163275,11.479005745951042
314d5fb1-d5dd-4058-9b33-32c013ec4f41,5.237560401773905,3.3731602446720217,9.491896947908916,5.652639066219226,13.49853603891602
60b07491-e29d-479b-aead-d0bcfd2894f5,13.024160449198785,16.164684661617684,4.269977432603854,6.331830197690706,15.598079547853246
a38964df-54e6-4407-b5f1-9ba59dfa104b,4.797685738733037,0.80176803802459,3.1442185422277635,9.831596995262222,2.401679908910335
5c74348a-9327-461f-b18d-cbde8f1e7304,15.371946743425749,8.80742948645368,5.05200799206803,9.983069822478797,14.00155707235717
2cee9ecf-b07f-40b5-8e87-330188b10ab9,12.889565985095846,17.536321357573293,11.955652469989474,17.54045769754141,14.211310599079273
fe633a3f-2817-492d-8816-290b58e62d92,13.911269047563888,26.718815033124695,12.66473739881642,5.849743864551622,5.142003873883079
b11910a4-0435-40fa-8d48-a2ca4c987830,0.9262627569637811,2.1191104304265123,16.577510134450357,7.252182595548474,1.9221008327501332
4ea2a6b0-505c-416b-948a-f374f94d8edd,13.310648400400533,13.478192693781754,12.446011588370677,7.302880595009977,13.247558902802627
fd4e126e-4229-45eb-afd4-65f6af3d1f82,8.419686522582776,18.143248558454097,22.901311042007897,3.9514508440433658,28.477108004954278
67fc8211-27ef-4e5d-9021-457675235cde,28.36950577849846,25.226508439350248,4.635924854623258,2.832092111829334,14.498532158508212
7c2bbfec-67b2-4cd3-ae44-19f9bdead14e,20.545007590570084,4.015389480455443,29.034166673862718,20.80337336798657,17.823000147756762
d039a209-72b6-4a12-9a91-2fad12b3540c,16.98368300706325,19.66414507252959,15.830948968426789,5.4383018145533715,18.960959744795247
b0e30a0b-2ba2-486b-a4e2-f870a9ae4e2b,2.846926037476595,13.787666271309892,6.394938645124029,8.769511803193744,11.236331745737095
37963782-0380-4b4e-84de-0ea800577ae6,4.4752583558337,27.629853182838826,5.933357357883473,13.437740770711166,25.320823151457304
2f3753a6-14c6-4119-875b-f52ab7391ed5,5.002675503878096,27.786246957609933,7.877896704732987,14.199071769801291,27.183281406645342
9892f2f0-1e5b-4823-9262-ef98d4d4ec1e,2.2783031953703197,3.5554957911633895,18.81929838243135,21.6408831339544,5.408275718645818
661d1e3b-2353-4abe-8369-39c3c610993c,11.002275659306772,18.769762243616427,9.208554717036039,4.411102790510622,7.8990910791563245
626002c3-e890-4090-94f9-513bdb0e3371,6.769667703494916,8.313680331783214,4.088408277948814,7.629512269927738,7.022697345986056
a901516e-6336-4304-8f97-e75a7a2d6df7,10.988498130429832,18.19549534219869,4.495897994429783,17.79956440124358,5.423046946056541
b1b4bbcd-2bcf-4712-a3de-72b511d3340a,14.965310946974075,6.2189198719690655,5.1644972064408465,3.1678874901500818,7.794258501960644
925a4bcf-d3d5-4ad2-8d98-b0f946e74055,6.46451144334104,3.8500808654428385,9.416165991458893,16.218024601877595,3.970353545887371
4e888b41-cd44-4271-9fd2-f50483eb2a2c,6.092463581416549,7.318450257861029,4.013334122314298,4.54885432233041,2.3931015618773994
0cb5cfe5-9d00-4104-b707-e1ff7d227ce0,10.979359730314263,11.402501140636154,8.88212243704046,4.8449676093293625,11.471211364966374
c8ff36b9-1d8c-49b6-aa73-c00c772fbee3,4.78213482122095,0.8254173728849687,3.128255325378925,15.218987311594432,5.498037954199669
8cc6cc4a-2b77-46c6-aad5-22e25e5df0cc,13.02041217610298,16.16587353206984,4.293649089550151,3.1974466865317646,6.332925272562978
b79af104-86bd-42bf-9542-94c9e300f08c,15.380727792427164,8.798151205468884,9.98968599832405,5.052854916274759,7.6320332190798865
e3d5822f-4df7-4940-8e64-46c6489b9a15,5.253728303258116,3.408113026818211,9.484924502664313,5.180774479990837,13.507212582906366
703a8461-e249-417f-85bb-1c1cf861eb06,9.55415396758155,7.0698434370699506,16.25506238109413,5.051081224776106,5.657897238525508
6fc5718b-bff6-418b-a604-e882226d9ac6,13.205287563569776,3.569682582293283,4.991655538768075,17.659096946806983,2.1738498346996664
64dc9616-d659-4cb5-bfc0-03c1a93ed5e9,25.88905874393285,9.561829878708348,1.1363022331893693,13.556493880867496,7.026798339540559
681de6fb-a4af-4272-a21f-26440ca467a8,14.24078569264563,27.46106954866273,10.869903903329597,4.1365151750891584,6.644404439261807
2ee3104c-0025-4876-9cb6-5a18bc85753e,23.67715294174117,9.132867320542797,10.633137409281456,4.284169576224256,15.836228405127496
7e098d77-b3a8-4510-874c-3bd1328de96f,2.2612448980285205,24.211042426524184,22.484911817376503,22.417080407777426,23.483171137923584
8841e360-ad9f-4e5a-a907-7958cabceb11,3.087047799041673,1.965440397375319,4.3107082865921065,24.610437915895275,6.915536251974405
96dfaf76-9993-49a0-beb4-b145b0a9c42a,27.466960388154625,5.659576305378144,13.931638941687552,3.2863358992501626,4.552151668392364
837d5bf6-e09e-494f-84f3-5abf2f1f990b,12.462885028444848,12.2174996528588,4.404795257949107,1.1064318592215854,11.529838957777894
b6b8bd37-7ed9-4579-858d-fda7298e14fb,4.492704727795703,3.2370512303182473,13.18178492483159,5.694203466964483,3.659444660474999
6426b029-3306-4035-aaa6-5ae3c39831e4,12.488615739761912,4.730108244759108,9.038660023455218,5.438978811334705,3.9790582203554457
433a1822-1aab-4df0-b536-ac3e11a1ba54,11.389639614080602,8.630570087349767,11.20377867717245,5.0231464880435635,9.939904110461148
f01e2847-697d-4c3d-b78b-ce5d447c3fe0,9.215929658426766,5.489039038242282,1.6863040690376498,5.3597247252399605,6.1694986444509174
7d0d12c6-af9b-477f-9f35-36728214b0ca,2.30808546120035,1.0046837115037057,4.861060209608304,5.5920797508597655,3.342173865223109
bebd86be-bb9e-47dc-9241-0ce48d64754a,4.383902228980329,6.918727534180958,15.600446761945328,12.821674445648208,2.727391806243529
e57d5e52-e37c-4140-bbb1-0ad13cbdced3,4.229049266177233,15.202737126326948,7.486326277772908,8.938910226685909,10.179941670858575
50ef659e-fddf-4a7c-bd7d-fc0b1d7fd019,10.398022744741077,5.3784317296364925,7.2816482254057115,9.172178450169273,6.541765922475289
dc7ad8fc-fd64-49e1-8c9d-2ec66bedd2c4,10.018620647899676,10.500362458741568,12.985207180509416,10.0328142057313,4.789283661392421
b50584ae-5730-49b1-a7db-5100f0174461,8.071220094622728,5.962132616800039,11.217502931216796,4.135659206103461,6.865999431671548
1d8728e4-498b-433b-a876-dd4100291012,12.439740820150103,5.7725946244087165,11.183918060761266,3.2641153062566404,3.8544800786175797
c5dc1e03-0a9c-43cc-a0a0-9c50ddcc4710,6.6803750163257085,8.116542062151145,10.036668250990207,5.7107828474674704,14.463171427876691
bd96ea1c-49df-4122-ad12-d2a740bd9dc2,3.0083662092934675,16.970020667132022,5.029016881094624,21.33843059442418,4.28781945623575
d8d61e34-1253-4e4f-92ea-6888e9eaf8d3,8.560979575489958,12.665139640151764,14.034913312158515,8.329664802390868,5.122537594930019
267a6433-d3a5-4967-a87a-dbc42419a2cc,12.429251700345022,9.479082756440976,10.602819958285854,21.436001522575935,8.509283364776163
898f6cf2-65a6-4bcb-98e2-0fcabc248d44,9.088904518821353,5.470688085202754,5.008071344248759,8.185760474375616,4.57313878423927
f6b26254-51fc-403d-ad81-452d2bf47859,9.693237588967241,7.085542170054477,16.084758072950738,1.8665420629867138,4.682589307133211
d586b5a8-a475-4fc2-a717-19ba920facef,7.2665316236923285,26.57516944281609,27.4443362105594,7.950681126956566,6.90566136149229
ed72e402-660c-43bd-87a0-0ee10893f929,6.208798145789462,16.04060234751953,23.93433644166618,13.263387082480154,4.064072964183238
42bbf298-8050-4d6d-a8f5-d497bccd4e50,24.194807001787897,14.302647262514578,23.529678525845384,21.764918906998503,2.9526858556666005
e247b77e-8684-4230-9608-d28474a65ad1,10.385275388294048,8.145360426979197,23.169355081124422,5.496287475113883,22.126480500688526
00f8b0f3-b6d9-4d7e-aaab-22e66317374f,23.591772403191467,4.909943834609549,25.768334314531437,16.367014530814078,13.52862135889023
58e97b60-4281-4b21-907c-9d9c58b7c03b,1.2073436672650575,19.65847673773964,19.673514945266376,3.1122637085471325,21.23008180842198
01e706ed-2c52-4281-93ad-07d7b3c7a31f,18.675913833140022,21.081817457627153,19.41122108719013,19.14168346874869,1.7218620421938564
a03eaa42-d9d1-4d67-badb-72516322ac36,13.304612477948421,11.815955133061298,15.267478008779552,2.342243120461778,13.048903450913912
9b372eca-dee0-4f45-8695-a1eb5a976d37,9.357812452352443,1.1883676589764283,18.606600883409193,17.312256767400182,5.055768957681256
7c76d543-bb74-477e-b6b9-246fdcf91b77,5.20079890328312,10.649749833368283,8.18499746557137,7.9434536103235125,13.389118809130572
ad4b794f-0c2b-4717-baad-1845cc218b84,4.02093623607403,2.961813576706792,9.921724307659971,8.219963068013303,9.607466795105669
a5d687d9-203a-4673-a820-154f5aee6106,7.247854105540133,13.420339681080797,10.066262658982756,2.3965205865437027,6.470034291877594
ed1ff3c1-ae9c-48f7-b18d-0aafe9c62a44,13.823623894615771,3.828204622424053,4.017954973243667,16.26732449959446,6.964962013054998
1b18047d-043a-400d-b981-2b0a3e060314,5.835942169236677,13.713744623320835,14.118961387326843,2.6244243113411354,13.397110090581975
54bf3371-e3fb-4e99-97fb-a239fca76458,9.998241948909943,7.550483219173303,14.802198215361202,6.191299295231964,12.14929016965215
56b27b1b-8b16-427f-a9b8-b2c5116dc052,23.811514783203442,20.41382511706776,15.58268158628759,6.375939702756376,21.515190645715986
e3d16d17-3de4-4bc3-a724-2d235a061f68,14.481859653887813,15.262713696956553,24.22895006372247,12.055533652473986,16.47145067489516
9c33d322-e727-4cfb-a3b0-f93bc2ebe4c4,1.032222495561609,7.193051300070778,14.011705641328108,11.88583368567658,11.297807764340536
3fdceeca-77f6-477c-822d-1fa145a97fa3,0.7584519350233571,9.007208867268726,6.514842892250483,2.961676983972838,11.086890591409022
09efc624-08d9-4c77-b8ef-24d7575016b8,3.872492950568379,1.3166512454927903,17.970206966575343,22.14591342798935,7.639813565979494
094da102-31fd-4e5d-a7ce-ed904f2e8f66,2.606093473908904,27.536541149452823,28.749430452395348,27.246186822612607,5.800333408155349
aa650a16-0e46-49bb-8696-29b910e23c67,20.225354505435206,21.170859012568158,15.831788409465222,2.6893450455652794,2.275164014384303
44d66cc1-13b3-44cf-91be-78cfe10eb4a9,1.974337511925781,18.639607526377127,24.440763714257315,19.766590356611186,1.4932054252537177
9c032049-f737-47ec-be19-9460ab10f622,3.54807912937654,2.6057637772240665,3.5459895915037167,27.79813635613405,0.9103821752094494
6c96341a-2285-471c-aff8-dd8b401662a8,9.408784867853067,15.80057602639905,6.732406454291818,5.405105357832635,5.203242672988237
1142f5d1-ec0f-4528-8c7f-8ac7c1748010,16.862124025447535,6.223439910916636,14.101473069518985,12.194670201547513,13.176088621688917
d4b17308-4e04-4173-9f4b-7d5eecfe9096,15.664440479428393,13.269170268616989,9.854549328009966,15.667968443194788,8.713059581440325
34612957-9de2-4757-9ef3-1b2745d2160a,11.160650650848678,8.036335053118941,6.049084636804071,9.979951630867724,12.27734628048194
5ce9ddf4-d4b1-4084-a1a8-2ef73934e728,0.8807517553502275,4.737866149305383,2.470556854634218,9.865237979879543,3.141685714628567
3d345af9-09b2-4653-9f08-813869a995f0,12.94480594339918,16.022249001848465,4.349431620073244,6.4718399120368435,15.462553957320406
92271a12-2273-4e7d-8348-957b99e400d6,15.44866558198192,14.078197895511206,8.900641264287163,5.138326529449518,9.932839718882853
ea6d92d4-8d4c-4f5a-9412-f1660ee6e842,10.953866673119173,11.396975727817999,8.877825957147373,4.854215057547657,11.46334326003595
91bb27d4-35a8-42af-8882-efcdb6e035d7,5.140397708358499,3.2237431240311087,5.626687641766417,9.521182432552695,13.509850229405096
114aad07-399d-400d-8e59-b71dfc449a09,2.5124107593621154,4.508378530983704,4.433818214739848,11.1719062562587,1.6215341020880978
f4863a9b-1900-4adb-bf4f-073d5c19a21f,31.538503155271606,28.438691920784237,17.464911619396563,1.9078060104891668,29.888498431925573
4284433e-1e76-4929-99f6-aa3f90c5de61,2.547111377807885,3.262731748367996,2.590871465196579,5.868185136139676,2.2981772040804707
e29d0bb6-2e36-4c1f-9fa8-8b32b288251e,12.235329178171916,7.572221878329604,7.021675726721202,13.142418093081579,7.721833106275618
0d3b1d05-a164-4d34-beb8-22772148bcbf,3.5228083632750327,13.313857104407827,8.660744303740236,4.5114819530388,13.138943869405988
378ab20a-a502-44a2-9991-87377c34891e,4.739133299007192,8.555881576167573,8.49430574898406,6.1316362277043925,6.162365236338561
48c566c9-c207-45e3-8dfe-045253526717,2.4921135596113015,28.7617632847483,27.951170564144455,12.513397317576297,9.079048802354194
3cfab5ff-0468-44d5-a4f6-015b931c0c3f,25.46449805868651,2.6364548952861537,3.3969584429001434,25.80102377201292,22.71553705873164
607d828a-e325-472a-9835-3fd9985bd4bf,28.266484185801403,3.15176222190252,18.743184123650078,20.94431028729197,27.34713412258673
a8c28922-2dd0-4874-ab79-cd354c6579e2,3.4101193130608216,11.582337212450195,12.936914602768178,11.744081649151605,5.243155026959121
17226307-3b64-419f-8f50-dbed4545d030,6.4639909812680605,4.937880090546005,9.517148278720873,15.661663030704165,13.449385706768172
31f55fdb-c1e3-45bb-b2f9-cefe4382d835,19.204556598217927,5.214659588257883,10.38074472122701,11.344195365793075,3.9935665744717
5e79f3b3-6a9d-4934-838a-c26ec277a3b4,17.702462978315147,6.816417148029991,3.7664094305458953,18.632882640511085,4.6796105679637865
1d5d1ab2-1711-476e-a482-9bf5155de218,3.680867749958132,9.667335806237434,14.131421551913213,7.2701719883997304,4.8464638591661
a15d9ce6-67bc-4264-8585-c9f6b69f10da,16.574700714592616,2.635897756867478,2.1675882480806354,14.697345198202704,10.281979404204655
74dc3ee4-b2f4-4988-b2b7-7b815acf7257,4.01466667769349,3.951703794745456,5.387102640286593,10.415936960324684,12.530876381961495
011843b4-b8d2-4b1f-a41b-43a7b49a26a5,2.7920098281820245,3.309917739142928,16.863331089687573,3.3497566995516657,8.41454750794587
e101278c-d49a-4ea2-80bc-5bffd543657a,6.886406956427498,0.7439147196020344,9.076370275670376,9.311712911921155,7.138857861713575
461940f0-1e1f-4a2b-90b5-5b850c226cc2,1.8627478912555802,3.025306815645148,9.292336271502467,5.97391685707719,6.873560735939845
65babdb1-95fa-4ddf-8318-e6fa7b1d3082,6.042478474311894,10.487159503616676,1.6069106601631358,16.13329620200188,21.03835415327081
94610ee8-0108-43c8-bdab-0d21489fc3c7,5.332978926711264,2.4770331448439364,8.621747757699556,2.957608072363699,13.488289704589285
780fc36f-538a-4274-bccc-b2dc745a74bc,12.913134406405497,4.53458425580455,13.05420540059649,1.9796866033956475,14.507780788365714
68fbf51c-e2a4-4ab3-814d-6ff98be83345,7.1823522178361845,13.616409628183632,14.631138218129909,1.5286828112378976,9.573959202511503
3dc10404-6219-4603-86c0-be52a3af8c63,12.315942377505092,13.152055514678672,2.3225331546818886,12.797705297338364,3.7479746282215607
02cf7885-7107-4d8b-adb4-40338b7fbb50,8.135728117844096,16.085830644010045,9.182179735357046,4.604153090196362,6.422176984774385
c88ac0ab-6a5b-4c0a-99be-f679d01439f7,15.911680718038696,24.902816798747047,17.1063012546265,2.8267185740223018,15.170573800708771
996d4d01-c1c5-4360-87d5-a24a6cecb1b1,22.380068385198854,2.4332682762590285,23.69379740604974,13.417533006524096,11.152538384502346
d855f9dd-1d41-4900-859e-e5bc78d163cd,10.838709696744518,24.292200526490724,5.492988925096046,22.57620505262749,19.34541876373005
57581a98-9249-4147-b489-138721d2a331,8.436161488687233,9.126202368801213,7.954558861067897,6.371340828112666,7.796052991607422
53417c93-ea8c-48cb-87e8-b1185591ec9e,20.8760774557119,8.878477691978318,5.196399348140145,4.674645538643237,22.985857489500923
b5bb0da1-9e30-424b-ba37-bc7a453070b7,4.527423309771978,4.733753587754889,4.197121071561688,11.060273991409202,10.5010507669507
1a8dcf4b-d316-4554-b722-11957dde3520,2.7294138646804473,3.392320097854357,3.552267023713247,5.521469662394782,6.415491417194222
8eb056a5-81d1-4f9a-acfe-8dd9c476d243,4.419811428997624,2.2354743495646767,7.790782074052485,2.4219811967721374,4.360797090248573
877e3fa4-d193-4693-8b7c-6b99c29c8aa7,18.399362162052476,14.597383907596658,1.887285539654614,10.754644265400612,6.822276979154275
2509b9a2-0882-4596-afd0-d514468b1c67,3.3826255126897404,2.8546672005679845,13.517084214852584,14.126209738869601,14.54682994513972
fa257d60-5dd1-406c-908e-787244db1414,13.866058173485955,4.119481471790278,11.906511093796379,7.766649515000699,4.307863265843171
4fbb992a-07d7-4e38-8a92-3e724b60e3ae,12.89382893217089,15.908952938585049,4.324780088228904,6.582977931945031,15.35509713912083
a62a38a8-ad47-4977-96e5-72d61025b6a1,8.978217930736967,15.488699049312395,5.180673157138365,14.088532035301395,9.265614068633727
e520db13-27a0-4a08-b8b4-de163ce64533,11.36119364582763,10.32220492876693,6.981567055698267,17.154825146420755,9.125627611785678
c4cd04ac-7561-4543-a33f-3ae794a24bb0,3.0142551772748183,5.037511520931856,5.67120892469808,5.0740694439348335,13.489628010585019
17a38757-2205-4047-9f8c-c69d8bf377f6,11.068975533979444,11.365368811347665,8.829646859715693,5.086642859222195,4.7745428896564075
47fa2cc1-7909-4ebc-af21-b89d399d2e71,0.8469022081726287,4.741731194150619,2.4401352607282885,3.185455361316047,15.208103314115398
0bcaf8cc-d261-4ab2-a8a5-fb70d66cc532,5.196204444206309,21.249499864050865,20.350057140513876,19.018045680819206,7.950139078360796
7be5cfc6-4853-446d-94f0-e36f57aaca4a,25.518791853148358,26.45693863603345,16.286444849843623,24.14026828060535,25.04743503397776
0487db6b-c616-4a70-b8b7-d3393cbc7172,21.205924623855342,4.970517645063408,20.93708057670257,19.536271929040353,4.592501579825843
b66124a5-a4b0-42ec-9eaa-bb035b710b98,4.995995871349316,5.940989462914789,2.6755401110347288,6.389034081676799,4.768965284714479
cdea96d4-6c97-4a6f-8f04-0743ae422c0a,17.427528933019502,21.935122951131802,4.764284494704903,18.073459883737325,3.673021384703679
aedbd578-876d-4cf8-8917-e8e6e666c79c,23.93945927853919,21.13399293815916,24.163440658357096,12.041156652039405,10.337515074729524
ffa07d5a-eea0-4ff8-afe7-3f8baa05b079,10.295933077663111,8.609258836531115,4.5682743653496525,6.3807954876379815,13.853335039052073
990ce82a-b4d7-419a-bb60-ee6183f45e52,21.5712895237456,5.119670304386857,9.96614996205934,16.136720069768376,4.75531487662062
1fc3ab62-5f23-4133-a815-2023a8ed4ccf,4.372708899128124,3.5908609224290435,2.350424335499271,17.249442485987295,1.1234045953789238
04131e7b-b757-40a2-909f-b64779073784,19.035512873596964,5.392373338444566,23.896477410399708,13.695888027187532,14.925062671752276
fdac9add-a662-45e9-807a-1e2c50bf8395,14.902956658125603,2.32006985435498,30.84364585426207,3.627867775737597,4.735499747825727
e2eb2054-fb3b-45bf-a7a5-cd991168d9b8,22.976190528025082,20.41097010248056,3.1488472791160405,19.817135986612765,6.0198866338614865
3aedb314-f259-4edc-834a-8c71767dd0df,22.232573126953973,26.444888775604426,21.563044624932292,1.0850739584624336,19.610061035964115
13b0e40d-7b2f-4f24-9afd-95b86b53b71a,3.5510300278498,4.116806535096362,3.6597148079315946,6.812985842057139,19.26469508659877
9857c7b9-70f8-4c3e-8f4d-70ae41ab0a27,21.46023681988941,8.279576602941386,5.734603075624596,20.484679285066342,3.801981500896753
0710c0d1-e4a6-4837-8f0d-ac7848f448a4,19.569539838600548,18.54430253565821,18.9581927958302,17.707358421762542,10.377900000695815
8a6dfe17-dee1-4179-baf9-639bd5ffb841,2.0889105130367187,6.145896879391763,24.918077744153802,13.4549648196495,5.144169916619745
a6bdb161-2c69-4810-8641-27c4143eb1c9,5.817460409865742,5.391426536897489,2.0183587275447015,14.040942915731772,3.4820272797929577
350e87e7-4fd4-46c3-b876-737c8c73561f,21.093341903584573,13.371436854629694,4.959519038536634,13.405055455779417,2.019044550147027
e8c53bf8-f3c4-4ec2-94c2-4257259c39ce,5.382172798967369,11.2443568482749,12.447527562098358,4.208151675214868,6.603902284760203
76fd608c-074b-4f14-b274-94fca00add09,18.677636108947233,2.809481671222996,18.779520891869723,22.834271387151585,8.693123441207529
ac7df4bd-adde-4de8-8d00-1b35492b9ce0,8.258505890456334,3.848594812969341,2.4508855232529334,24.68845477239542,5.376281236130071
f2eae262-089d-419e-9ceb-55f5fe77f368,6.312290687020358,5.072212887691293,9.511470825755328,4.808468786612219,5.846052488383845
57e68c22-3ba5-4cb7-8c51-cf3677865170,7.739349590132777,5.325849945157194,6.034737615705282,5.793616383454262,23.430929021832444
70837874-5bc2-4991-9300-b234125a67b1,12.117432360509806,13.334615364177877,12.047276982627814,14.328756086686255,1.9703552072325545
8d783739-29e2-4989-8abd-fff4aa3f1c11,7.216896791677956,5.1139748467286825,14.73263992615023,13.879599850582894,6.597263813183867
c926c651-3d3c-4e84-bdb8-c00eaf6c3c69,10.330128349485747,6.703137897120072,1.4357224293361004,15.817138680142698,0.9876023819281861
3c255c57-d8e6-493a-a212-ac5203c37cc8,16.29033138971111,10.672917294472725,13.389030108290548,5.081227158593965,5.132303535553902
06c9b7a1-56e8-41e1-9aab-a61e38aadc4f,15.870546059682313,2.101340440084964,1.1836234982320424,17.555639314488914,17.47210132719423
affeefd2-272f-4474-8b11-8da170e79a66,16.309952466377464,4.5845178623953675,18.232436582624757,17.35509396995088,18.431430501676225
f9bf198b-5676-47b4-83f1-1e89f45974a4,8.45490313192983,7.764367737754064,9.174418483610843,4.762201066795352,7.8374950138743795
c80d8390-6046-4bc6-9c91-6d9e776e8a80,2.1922317744049633,22.86465025702797,11.708201408924962,24.187989449071576,22.009954196718773
ec175d3f-7035-40fb-9b7c-e636afe6f5cf,5.723779327886461,21.248492881350693,4.749682876181064,9.351997610969443,23.444963387449587
6ff63ca9-66d9-4bb8-9ac5-f85076250c09,11.425565566482435,5.035398799729484,24.894469554494783,23.186230490778804,18.98296260041751
9eee16fa-9d61-4cdf-96b1-ac6271a42ad3,3.865744342938294,15.117220903242703,3.4050664434365805,15.523683077576342,23.13864014045818
cabe1ec9-9d3b-4dd1-ba41-a5262fd0ee53,7.6439316302913305,7.242152263868091,10.012359585880152,18.579495110124263,8.921339939791993
957008b0-3b04-42cd-ace3-35cded7ce9d7,2.9013260368845444,7.822257191465978,10.887655786114111,4.60006351729722,15.726075834752164
59b7db34-7eb3-4190-8c17-030a290c9791,19.647952936514137,13.901965076449933,1.7627379411101063,6.547794473339989,16.859830600327758
45bb24c3-4d36-42f5-bb5c-3d5a744a6ea2,0.944827098047258,5.598362028154028,3.513225388308604,6.177569036927302,17.455847444644355
587c7910-e879-4dc2-863f-65e4484a4e08,11.371631496768932,1.6825494791442477,6.656886438432453,14.778578007565446,14.089972505736016
1983317f-b2e9-4197-abfd-5594d6405093,4.60791254117814,9.0583575074557,10.798125948353869,3.480019045416444,10.978571582146097
187ba220-704a-4002-b276-66813a440734,11.475698350758092,8.996866442590363,12.934574593320303,11.309305658149729,2.7359907264480605
3f7257c2-a575-4b92-939f-a1601be3abd0,13.013837744091859,1.7779644778050994,6.8704007773501745,13.212286048729009,2.403852551581195
b27d6b00-8a9e-4d8c-b539-e498491aea6c,12.510930073858923,5.285950722859405,4.353343103861316,3.6881434137652054,8.215601646595736
558dbd77-6cee-4b78-8124-2071254397ad,6.979063058724458,4.230113997388262,3.796532810533837,9.42961022325847,12.733911243340403
1d8abcf7-d2b7-4e86-b64b-911d0b23604f,20.656844672009413,2.0717126902960166,7.534264895265233,19.129099098045202,22.07393077599074
bf1881c6-18a6-4abe-a91d-a81fca60fcd9,3.69278510735668,3.3724648497386216,19.641249989925768,9.02027239550259,0.9712012478570442
dd3221f1-e9c4-46ac-a656-b1a447f577c2,14.905153030791366,20.966347273272238,21.464015813541696,24.369948197777656,4.385778923200716
5e633585-a710-452e-9594-be00ca170bf5,10.3485833397091,17.2181314245712,25.77891618786859,25.909853972763027,11.804901237862765
716f55c7-f195-49fa-b320-3fcd2e756d23,20.207347201079152,15.072690294129863,5.625375403259315,11.941053824202388,5.092852280887315
8a191182-0395-4cb3-832e-73ff3b5e07d9,7.4878517865272265,4.8315753145687115,15.932943755813703,3.547095677566006,4.527478820303642
0086ca6c-8a95-4343-85a0-c000c3817107,9.76300460783345,28.326314562653582,22.507346895487025,8.078626390123835,7.923112490533464
f9f5740e-1f68-4a6f-b2b8-731273ae4e93,12.18757445624588,0.4956605361158396,25.57308738106254,5.354505885432813,5.579280894944662
c81be373-0a5c-4731-9cd2-8608edc76c02,2.6492478644139013,4.593406895247422,4.739923983863571,21.57316207733081,17.195609523888237
19b4d39e-3992-4a9d-8267-9c6a00002eaa,18.37404078197026,7.626652178346188,6.307562137053969,6.36838034780939,4.455836871936278
4f28c7b4-9c7b-4494-96c8-3233c6b58917,8.072483745590253,5.544134663927785,14.037232247158602,4.854972442536697,12.681988914943013
fd0dde0d-edc5-42d2-bc45-f89948023a5a,8.91542427828623,4.220941914912184,9.179988339969928,4.754038502798102,5.102909625251422
ca2f5379-423a-4c12-9d31-eb57aeb4962e,10.657544163604236,12.473708569912192,9.532757199193775,9.60323520659072,2.9047483225408666
096c1639-4cab-406e-9dbf-58bf4c7c6a27,2.034690662289958,15.970572045107701,9.192958710460221,14.503589047753916,12.337676128937753
91835cdf-37af-4418-80e0-f5af60d5f6e9,17.013806304206415,10.529572394377245,10.77745620267087,3.585107356519969,26.855804622373316
c7aadcce-ca0e-49c9-abc9-10daaafecb25,10.083530990362402,6.089069781822354,4.011791575283467,3.2433268893572835,15.907284291924697
d5632705-22d1-4126-8c23-08918cc75896,18.447913109981144,16.636029108431366,18.488232365628072,19.32352999382003,16.604542655502897
4eaa8a4c-36ef-46ad-84e8-16b916322d60,11.361455286241092,9.028500377976894,7.941277464329689,2.434087448474611,17.16400561261949
2027551b-a825-417e-9d05-7e850fbf217b,12.985663832262809,7.169982800134828,11.717337800081804,7.910216093994297,2.5588586634061343
6ad47d46-ef87-4615-ae7c-4940c0010512,12.797920360492046,8.245990994590889,7.717918209250328,1.9400653074202756,1.5460440390196784
29244598-d4cb-43b1-8b4f-d3af1734eaa1,19.824729022989118,22.557048107208878,21.418157032711356,6.310875532862834,22.474065250008834
08381351-132b-40c2-acf1-1abbb5c864f7,19.821076287467655,21.64454801215015,19.155404422967862,20.631107372672837,21.978277144969212
a637573c-3b21-47ff-9636-8bb30742f41f,4.408845913414792,21.954790064169607,21.40164351740644,13.07601218394804,3.2784381987548477
52037dd2-b7a9-45fd-8a59-495d8c7b6f35,5.404681108649432,4.1676104686325814,3.7506100263980766,7.665542439009912,6.40450215859036
4bad1c2e-e734-4bc4-a1bd-d7abfae1ca17,2.6876007083323006,11.380782698967586,6.461887323138725,13.124435955940928,7.052189983354385
82552234-044b-494e-bb6c-a47cc04257c6,2.428664468285292,2.6564707093787665,3.991646068394566,5.316225294045978,4.391752434728756
07d8fe18-1013-482e-8bfa-c9087a75553a,5.390416186146403,11.350997089848768,12.587606131644911,11.658412286769554,9.839500284884645
7d104b3a-07bf-4209-b4b3-f900ee850b9f,7.8267544030249425,5.650235697382332,12.875061191513756,10.338405600413399,7.3921561657871795
52d54baf-d1ca-47ee-978c-4347ca0728e2,18.557531964172036,2.5499989873520943,20.13866494196665,4.191787370242549,2.693985922175762
c71d60ad-4f57-4b7a-89a6-0e5d28cc289b,15.9810003244928,5.910133962404937,16.53466004979057,7.897840976945885,9.023263387185107
2a6810b7-28ef-416f-ace5-179644c853ed,12.291164297931424,16.15511737598267,7.10645518895088,5.9831332418190675,2.4816744662857317
c98c434f-eaff-4cb5-9b82-422751d5593a,3.63831895636058,13.903924100218331,13.672372839962335,6.222159257996321,14.73469770975165
8851e71f-13ad-437d-9575-d599b1e6fb97,7.445352400423161,5.8597840010280855,4.935982442908236,1.4515370712416746,7.9947213375893424
083e066c-64b1-4c00-81d9-9402517381f6,19.566409355468316,10.007907960518123,12.628524659909445,2.928325114248974,20.974515222151016
c20b36b4-e62c-4b63-975e-e4668389dbdf,3.962273236546376,4.843394722104406,5.673487393889132,7.576108679704852,16.62361141699116
60f67f46-6ab1-425b-b3f4-4db7e1c69d85,1.9605918236726017,6.5396613650795405,5.682891043221254,8.544468859806278,7.187022475744693
714c5a42-a12c-4d40-be23-04b5707ac983,21.269536038468598,23.18942321610011,2.860162574052877,3.2648120182147875,9.81291314021275
01bc14e8-31df-4a1d-8e63-17a13e5085c7,10.968452650893724,5.879940035633386,5.114979070091309,4.065842042838616,7.789924515500583
fe976ba8-de84-40ff-a530-640e2084fe72,18.38064699716888,25.99000494336104,24.534477725447445,11.279284254695444,25.342017972661743
807bf99e-37cb-4d83-b639-cc153e2799d4,5.381846793399667,6.6694345268972945,9.044075566005265,5.254021081948746,8.287782352793005
234b5596-09d7-44cd-88b5-78e415c6b596,5.442199512647967,5.897775963473415,3.7433492513746423,7.669912859598243,4.6226331731099695
10c02bd7-b4b0-4cc5-8bd3-300fd63c7a51,7.927851666792629,3.712745844428157,21.700224435274357,8.011353834801508,10.069023207525749
e926cc57-d605-42de-a3dd-7228df86e59d,14.00695897851011,6.4283160803308625,6.108790292410345,16.453595123747924,3.889056949046991
22437af8-6458-40d8-9a9e-3cf7038ad269,3.7329180268680426,8.89432450071557,2.897338165064101,11.571232610936033,12.848802424585264
adc2058d-8224-48a4-80af-f7ab33bfb90c,5.320975378247299,3.5304799862476934,0.787142679839097,5.465836049650936,3.859637737058337
28ac7687-22e4-40cf-83b1-dcd88cbcf75d,26.47690530666904,28.392958003780457,25.911679257682785,16.146538172914006,11.258960585559171
a46ca69d-034f-49c6-a722-1df59b0ea02c,14.850782752679489,14.607512399221829,5.531130852673266,27.866943623181577,2.6629513669752822
69a6b4c3-f9a8-456f-9ab6-e7a355ce9536,1.8147778965438612,30.368791550841735,25.26174958838293,5.359200380760826,3.6738685312977992
fcee536f-d2a3-4bde-8a0a-66eb6ca2e880,7.693940147711312,24.047173367237075,22.246436924223723,13.076292023288346,12.48853171737182
20cd4db7-f6a0-498a-a452-17b9ef7bf469,17.40664135245112,6.139668905069197,3.541699645167168,17.321898623856654,31.032385087120275
0c1b8684-6fa9-410f-adf6-050476c0a413,7.253785598805154,15.62341131384581,3.3227345017176915,22.65887830425358,4.8152808688056785
0334319e-c5a7-43fc-a66c-77992ba86481,2.276180807851042,5.739810190732831,19.609159587264255,22.008859523648802,20.422387858907364
bfaec8bf-b84b-4292-b070-4dfed39520c0,6.463223148942033,19.043315050901718,20.53967116754061,2.427067338906846,20.28985259941668
3b9b3a2f-bb69-40d9-af48-3b10fe28c8f1,2.650953406393043,31.109283915618864,12.443840037798248,20.101950848667986,5.857051535840137
3a9ef011-170a-4e8f-bbab-5374276d7dbd,5.713357792317177,2.4674280177954966,4.727798203302544,8.650885736841236,12.198419143242285
b54d86f9-2979-4b85-a6d4-63068852d067,14.962895836462788,14.220064732273567,12.594879172811583,6.131784663680156,2.332309546596639
b8b32b7a-119f-468b-a439-ea419225508f,11.076192619290467,11.74274511041834,13.988452653320907,13.480091035920305,14.377528843342152
b82668d9-dfe0-41b4-a447-b13cc65beecb,13.494846041203475,11.60408690089265,12.062454791393767,12.33287816047805,9.044645471423474
3436b86c-3f31-49c9-aad0-bfe88d5f4a42,3.3848446082200674,4.902078289107313,3.992266319523983,12.535958613802368,4.122972345370904
695f39fc-c9b3-43f3-a54b-7463b4014516,7.380165518184764,2.9999393591661274,8.71738673492533,4.285565558942865,5.191553280313236
73d65b80-cf9c-4f6f-9eaf-92b7be5b3e98,1.9812158175423114,13.253318143461705,7.861757927124743,13.414058972381246,14.641807574210539
3c124592-c7db-41eb-8d21-0fa8afc59018,3.350558140264141,4.307871920047712,4.195621291611563,2.5404069128723776,7.12370155094967
f54eaea4-0767-46fa-aa0e-4ad246bf9811,4.949226741567002,11.004158227621677,6.368319050366087,12.949860990846043,11.054953957443956
89b196cb-885a-48d7-99a9-5d7f9715a082,4.253705532364924,3.9089134083175763,6.978013032892065,5.730339696500035,6.675357091550877
a988f5d4-dbbf-4166-8a95-28d0a0fab161,17.515897331322538,1.4843164099501718,8.699369907107554,8.812217053217289,1.924042564071355
25c1cf6a-46fb-4483-b8e4-49b7f289469d,1.980440978356954,16.227599706342552,1.87065837567342,2.333679648967431,3.4952444091944725
13ee8e21-8436-4a96-8b56-f2c752f8b23e,1.2830182773929009,3.944988727531195,19.901284147589188,10.46058292564314,22.50628193446058
0881432a-310d-4911-a4dc-018044ac0682,1.1871694128971604,2.2550116888233136,2.020069265241943,2.459022007359267,0.9054815280397532
68cf1dfc-47e9-4c73-ace4-6d14906bbb55,12.44053887620695,13.322435870738808,13.001386336714422,4.01754043125823,3.365642059022063
a481f20b-3b20-4acc-aa2d-30dfd26dec24,10.143273093928244,4.956333329895614,12.845905809925899,10.532771193881539,9.951659310134481
2c7a6fd6-ca4b-4984-b7b2-ad59651f012c,7.971813215874398,21.294392870052363,6.657298308453001,4.83500988156881,15.300831288709048
667637cd-552b-43f0-9c67-ed7bc1ba0e98,6.065385892927922,8.05620184218683,11.314702067391526,5.628810490651568,7.374826568612727
19a00a6b-b4f5-4708-bccf-73ba2f812571,4.4057314960238205,5.907572743112694,4.78894649294628,17.8266047730093,5.4655874287081465
af44ad7a-9f70-4453-b5a8-f10f8149e300,3.31965813131202,19.032144160522186,9.597435666810194,0.5603004212547749,13.524641664126923
9ab9433d-1009-41d8-8253-849889afb30d,3.1632776133111373,5.982168818024703,3.1763948943705946,15.434224430662134,2.8432479300135496
b862843e-d32f-41fa-8b65-2f47f723697e,14.91232619427264,10.751072051282884,14.055413304145159,14.259916751801722,13.050111101559743
0ee710e8-ca56-40f5-83ec-16ff6fcd66ff,0.884252226483264,4.367493200694437,19.544375537167962,15.431149583332155,9.08403508262094
1bbd271e-7c9b-46a2-9f28-d21919b09f4b,5.613830957601648,9.1992892639907,19.571224774998043,23.67271366739707,13.777382284983327
8434da65-9221-49c3-a3d7-6d7452c89bc5,8.460734081152342,18.011328946763612,2.96788710995945,3.92034211521507,10.725245718711726
1b7365d7-b164-4e77-b8b3-46745fb70262,5.344555600219772,5.230265063834372,15.204863501850472,5.029908932160771,7.106422259961106
5a0835d4-df7a-43eb-8c14-c203e51157c1,24.639938584391352,13.737498265238035,11.789278451257637,2.5398154019808574,10.686868723931159
da644f25-ceef-4c8b-9a20-8c3af72f0b5f,24.595306728956707,29.00661889327621,23.644358512562565,24.578773945592616,9.832959673279795
191ff21b-bec4-4389-abcb-c48b6492e97e,20.771945344478493,1.727839747279375,7.535659121258643,4.335866183302141,7.605828450907896
62f56bff-f8e2-4ea6-b01e-b8f27153c7d0,24.54050462322786,21.945926893368956,2.695283696035714,21.64607967430183,6.117658550702558
e3329f4e-b7a1-48b9-b1bd-30cbee719226,0.9476488981585878,20.285896287760856,17.02533113879264,14.349817995950549,13.532130226959513
a871c453-816a-40c1-a6b9-44e664a93888,1.7598940147394988,29.72682681767742,27.92391153830333,30.62699461139558,3.628799634585096
65ef3922-046d-49dc-ad32-fc7bffa3b39c,7.538504710813463,6.3447753343916675,2.1930272334142153,18.84527677204994,2.523105693696145
a8632395-fabf-4632-a879-fd563d17f14c,13.700610775286282,2.832456846292651,3.2509185367209716,29.65550626014842,28.201222339231446
d8eb9708-9747-4d4e-ac91-8e4a8d4f4696,26.19006359808369,10.23021228893576,3.938230938797752,9.987821948889135,9.427733449128846
a7bd1810-bf2b-401f-845e-4bec86a96161,25.66976891341995,2.9013304357522736,2.634872065455262,25.854666402998824,10.353055407810063
930f844c-1db1-4aad-b2e2-a9fb3364d4c6,9.727765721758216,24.694737531577076,4.59892865845696,23.95672093986407,24.553773653416187
d60de93e-15bd-4184-ba16-e9a272cf47c8,23.700859666100648,12.59972806813041,4.41860602136796,24.811751872238,13.029781842791817
45e1f09a-d576-4b2f-bd5f-87b92d628932,9.192518218788674,15.698956190500386,11.584850312737695,13.980527197642425,29.507692345766447
2da5359a-784d-4984-a5d1-75986d250ed0,4.011498304856776,19.72669171733324,20.0106259669757,5.428611995410677,4.326039068963288
d415f234-4e19-4459-93ce-52839552d070,2.124787787973138,11.891403153686392,18.423652020142136,11.57769309192499,12.146891402014017
86f161fa-f7cf-4fee-83d8-3068b4b57a1c,18.716792696700484,5.430856348876526,25.43390515298939,5.186556673073615,10.905687313506963
af8550fd-e4b8-4692-88df-6d8fbf91838c,14.91600857012677,27.651425974615506,14.010960912337637,4.2835204818723644,27.56976305113932
f5853216-eaef-4815-86af-60b76c495fb7,2.276722574635135,22.781688955039698,13.567281906295769,23.772852007509407,1.6078219361746258
c525ed0e-1271-41f6-b134-4c96a830db13,7.213639628353109,14.242912271018197,11.801766756531974,22.437740751786556,25.142521059685983
ca897501-6fb8-4ad0-8490-10a780fcd581,4.963979682358161,5.253333729177236,5.378086850609649,7.199295047721266,6.889524847847078
bbeca3af-62a5-4049-87ea-d323f6635fb4,4.429560686179266,3.0638385843613003,4.888062201348223,12.924748321277892,2.38437856111189
6aa56dda-424b-4411-a0b7-ea53844802a6,18.268259873996357,4.873355989592559,17.631380292883563,10.4348233505035,11.558501108462899
3be8f19d-ef7e-4c72-ab95-edec1551e55b,13.47837637456217,8.799565836021157,10.340711502330237,7.869706684121274,10.425767049356711
3095b904-92b6-40ac-acb9-bec6467118ee,10.545613094815533,7.511059577228148,2.8730024656306083,13.311467568068103,8.275597549791508
41fcd2c4-1e93-4880-9fd6-f3d62665778b,4.492088969487916,12.011554030916681,5.9395873047592005,4.646168438820418,5.318013445970735
f810c4e7-78a8-4e46-93e9-2094c7c83c71,3.017311229102302,4.927098175483899,4.852796383092339,4.809749907529467,3.2687226568962
0c900ff6-0dbe-41f7-be4d-add96fc92faf,17.70540142234305,5.361320715666623,6.107467403467021,15.268187205976815,5.9289891266387995
efd0e334-b925-44e1-9af7-034acf02129a,5.9334937930988545,14.80564021181963,5.22964438961405,6.5053986343551635,15.312807334812735
3fac377c-fd6d-4b29-aaad-29f04bf2a5c1,3.566450424158541,18.058224133987167,7.63735519719134,16.58318435729945,4.019091960692197
3b3c8b49-b3a7-4cb5-917d-d645e23948f0,12.130071687490645,2.940928825491912,3.188543977739313,5.402040017565209,7.547031748868823
c0c91022-7ede-454d-b608-a00c4bdaa51d,11.316718625137492,6.570883907289485,7.756696909519422,5.930142043568545,6.208368429127442
22c8a2a6-dc6b-42ef-98d0-47346a44bf13,0.48193337112041623,6.638544897457908,6.756040206656339,4.6380576365636035,11.508063764506806
0135df1e-aad0-414a-918d-532c411341db,8.891526618776624,13.963940804371637,2.970929171812052,5.883934268532222,2.8149869590500995
8788f9e3-fe34-427d-961a-d8d88ccd45b4,2.4367903727367115,13.62218415527531,8.934429598283218,6.629636904558381,11.644742054096252
8a89d58e-6dc2-4b64-b6e6-34486e94311c,7.333715973265895,14.27067318948637,5.687877107223485,3.820018828365963,12.840139550608296
c7a35c28-f577-4425-9d84-70335edcbcfd,3.551009969624923,3.1779319851474552,13.106768328720383,3.117720462173194,3.1371948536339382
7183f650-858a-4078-a9d8-e8e759cca61e,14.827511664525861,4.304536916430432,3.8607328628316386,15.231898434581925,4.787314317861962
48ffce46-a559-4f3c-8e75-0503d1670688,7.913303913861505,7.272307532551764,18.576592813565508,4.784231362083414,6.291964448806756
138b08f0-f2f5-49bf-83ab-ed7113d2c8af,14.93895377032532,22.706082187409343,3.7176144328663527,18.219025908960294,23.633094744220294
edfc34c3-5277-45ae-a6c1-2522c03d3386,5.721294463480546,6.42124389386253,12.786081482870198,20.92771480835254,6.581422742905499
ed7fe8d8-1d5d-4309-8170-3f786e0dfbca,18.899949298140804,8.368751841247292,19.95066359862365,21.109868166502196,1.9325747486431
c4bbd269-e895-4554-a673-4a99acafb20e,23.505525293947606,15.438924826042626,21.57397912235879,2.531690466470146,25.41111776688756
201b559b-2f7d-49ee-a5f3-33706c11ab12,28.248825011238473,30.282287379253983,29.763860396497662,31.60523650612584,9.813902827745887
5180319f-63ef-473c-95bc-cad68d1cd342,8.639429601593395,3.376475879105688,10.834215190505148,4.854110057055111,11.516883728727771
99eb3648-1bdf-4e00-b982-c71183bba499,20.474200997021885,5.086604570755458,16.6275814622612,6.3231862895143,4.610739007840982
35c8b645-6645-4dbf-936e-42b63b3819b2,10.245166545493738,11.90180952026574,6.28746768993526,4.5747911206442895,5.674738882258223
df5b22df-4394-402a-9bc0-b1357a148bc6,3.830991947300644,2.9022425301825674,23.154626704220796,25.19897719634752,24.57150350627265
eabd9332-dbad-4af9-9865-4f1779890462,2.7821102213947233,11.365773820248648,11.715487772280653,10.423482664222249,25.654114882781503
837fb220-8f20-431f-a281-232c1e5dfea8,29.614919476984923,29.608449294807855,27.069111702581367,11.139391640692812,28.965589917689485
072f5f83-d2ab-4b26-a874-456ff14af4b8,6.826921737611777,13.402003872873768,9.532938263524803,12.771016773931194,3.490006617324041
7f067986-4557-42d5-a173-543eb34f329a,3.2052756332800367,12.871397397417725,4.289009130815495,28.24448067433532,14.031920970835657
6772dc18-6c5b-4eb8-b93f-0b3f0d214897,0.6563460699345949,27.313396383776123,7.871300762541018,11.697607101370984,10.517208791117936
51588579-2e73-4598-8446-0cd705105ad4,1.808697132863522,11.576060038322645,19.96491994366734,12.876591172620643,14.861319474501645
67921da3-84d6-49b3-9612-190e03d475d0,21.056679544357706,6.484019861200935,25.392363273149705,5.421826938521389,13.507933151938339
5372b1e7-33ca-4c0a-8e9e-83e0101d2bf6,14.761885066080842,14.402646199250464,8.635653950717092,11.509010632716024,15.912865730486613
e9af7e39-d501-490b-995a-c85b2e19a77a,24.636466245328016,5.826412459723703,12.958729424437294,3.0925510161026497,4.656282207551109
51a502a9-74ff-4d8e-b44b-e1b146f8aa0d,9.343823192404084,15.417712284219995,16.13643235703602,16.91919951967291,4.629561702860337
9f6f6d6f-f0de-4ed1-b81f-da73b9b68e24,5.907146375004554,20.357823515712276,15.3704554881493,5.508768779114151,3.247601460077893
87103c8a-d43e-4117-b845-fef74173575c,8.92138648090052,6.142059618363748,10.448979217151523,8.494577907315701,10.076389270819236
9501d221-6a34-4df3-aaa8-384c3caf0e58,5.4830743069125525,6.578466621893669,2.9843813613584085,8.014038300780664,6.059397432670298
d2af2216-930a-4b1a-ba12-5f90f9d657b2,2.7791749433521793,20.8788716777788,20.694620952279678,3.225128932890505,4.5901472094997295
4cb510bf-6461-4cd7-863b-ab7b7c328da2,7.071451902841281,6.159920316158987,5.7071077158314525,3.102142091535236,2.6771581793534427
b73ae8d8-6f61-4fe8-bdb7-90bfa54aeaec,17.302664074701692,6.386596974588908,17.25551386629192,12.490114077688816,8.928768664891058
a7702cbe-7d03-4e4e-b5a2-690e56ba37cb,12.9033754719974,6.760751257738184,8.322696761474186,13.61913895704793,8.256262556347336
fa1cc7e4-8345-470c-9f80-5f8c50763c37,1.8557838724291713,3.136868153052264,6.035116596545347,4.007674621525355,5.779466510497066
a9b5b8f8-3ea5-4d3f-baf7-f20e8bf17b8b,3.320138210747907,6.774694997810748,12.73284423061866,5.437730362785088,15.758879123703235
50e94a6f-db27-4d9a-b6c9-82e7565a94dc,8.679207067095868,7.732408064101117,8.433110834618052,7.614797641341621,10.455361589806405
852dcf70-101b-4d81-9d9b-8783ef8edf6c,3.209758299444789,16.704843195613456,22.386596705048362,13.0458123375514,31.66860201782277
0df7e27f-9d39-4e0a-ad2c-93881cc42318,8.960162664313359,10.600855773342962,13.757369925646037,6.725448629084447,4.717999932165607
58fa113c-4513-4c7a-a7c5-f41d4a8505ca,15.56162371107306,14.475054129043434,9.712404090003503,11.367456083519116,4.984721519963742
0d756aef-ebd3-4b16-9d88-fd56382097a0,4.6411441509337505,19.744911974186294,22.11788120151307,23.921236219599074,19.843467178891608
cfdf070a-875b-4f29-8d20-7348b78f574b,12.550336012862669,4.298756452436775,2.977887479646831,12.53755496242323,13.356225390036805
1012071f-6b15-40bb-8904-b65ef7b43c26,5.0966458328764634,1.9904004023666517,6.6702079881329945,19.927515163411176,5.830428321618709
a792a191-0973-44f9-9179-a21f180827d9,10.40953191132575,5.207845810517165,3.0035598423099605,18.61315594289874,3.8276782768463793
7c84e993-e3b5-41b2-a316-abaf11cedf1f,12.40519127338343,18.579766308475847,18.72229358635635,17.83128751944156,5.307514572628424
e29953ab-48ef-43e8-8207-13bccb8c5365,8.07504590275245,9.929097002529563,6.979786461452834,3.6970783153877305,15.800846681274294
e24c2c18-605d-4ec1-b432-d4432c3d5eea,2.404008003658589,2.565422961920358,2.3200003370955766,3.491939251247814,2.492919310539619
2bb3240e-1938-4389-b2a2-624f59a90b94,2.4110154575624385,4.78526145607074,0.809986920902356,5.487443484278749,16.34964596773696
251a6b24-bfd0-427b-ae2f-3fe615aeada0,8.868661659655961,14.020236055548647,6.0916248402045,8.833005405223288,5.0950957712104525
9e028d13-4fd6-4530-983c-766011d64af6,7.790507209415049,14.992106839932822,9.241182600013959,4.02024379405402,10.42391832891746
4974aff2-eb44-46ed-bade-0f0a0ad6bb8d,12.596795735610373,5.398195216859206,5.164321117246428,13.490811911757756,5.127927474614063
76e4c9dc-4c40-4809-9b64-7a40e653f601,12.982160829947638,16.082287508924253,4.27919881793282,6.410296863878532,15.518498601930375
e3533a71-05fe-4bc8-a11e-6e585db4f9dc,15.677400013522295,16.552592952699527,7.144426431130839,3.851079514990368,5.7406850107717045
c19ca408-d904-441b-8318-a3a94e28e934,3.4039791337541963,3.0615962947613506,1.5531011407963493,12.63155878554647,1.2564066704857022
38a60596-8eaf-40f8-b48f-0421839395fd,19.090676859607115,1.785351924576423,19.312958853727984,15.087314812301516,3.069018879839704
21386448-973b-465d-a33b-60927fad733f,2.8371217505624737,4.123567569298267,4.656482410246796,11.59965301223668,1.229800493836008
a94c67be-2f55-4b65-bc5d-55a2212eb514,0.6164777194308633,2.211525027094738,1.8014979282638046,16.670562554091916,1.1500800928028174
433013e9-edf0-45f2-95d7-567e85e77adb,0.7266111028811881,1.5973534942949947,2.409353712552547,4.827054137630204,18.22052607088461
9c7188b1-7bf5-452e-94e6-0f13e65eaa7d,7.059488858260746,11.35713378762117,7.031571110991717,14.929670708569583,3.423898499825264
12be3284-44a9-42a5-995d-a47a89fc6668,4.1094658558311075,11.7055541939824,8.511425623276129,18.950261783350836,1.4991628767979015
bb1c9017-1b4b-45a0-894f-a7adf51a6078,11.347749023420217,6.737997650054172,13.907173959334713,8.720818017036965,14.540253051457146
2c7074fd-45a2-4f1d-902c-ad1c89f0b70f,19.172145758858964,15.834402115441566,18.521912195037316,18.443394456868802,11.082846698914704
cd0cd23e-42c2-4d88-88c0-d2b54b4006a8,11.575829560907025,11.491493800240272,14.945582910521267,9.58875730355938,9.64252030410571
859c23db-6e51-469a-adb3-b31d78b0062e,10.829997414171881,7.786574096317132,9.875612573610116,2.8466951947716437,14.346629337981106
cd076c5d-31f1-4f9f-a9d7-e9a5578f8f17,18.812451026486933,19.891610572155724,16.819012267302135,17.091645986345195,19.1374022279809
fdecf4b0-9f5c-4bf0-8c55-005476d98beb,5.808460660613719,11.142705545790657,21.723051675275777,6.400183488646752,21.684467148726725
18b3aec9-3ec5-4701-a56f-a5c6bef2b097,7.031574184655774,14.040207205149699,22.331538545992437,11.585261139930044,25.023661506936662
ab2fe1e1-67fd-4ab6-b98f-f5578c2d329b,2.6822671394864406,22.891017903340206,13.702601740935814,23.86386979535586,1.4966369306621388
ea4c782e-1fcc-473e-b237-9c55c0d304f6,2.9807533183857,3.9962252714778117,18.1277424578823,1.0335282547090927,28.191528797249568
2c88af23-4f5a-40b8-835b-6328207a01c5,2.064732251556732,1.2024365454525092,2.692381094307364,22.480212029821992,3.344571200855567
21d87421-0ca7-4e3c-ab33-b3afd918696e,7.428445250776614,20.90344118109832,29.16064729862037,5.463922662306431,9.868907021062098
d5b8bdab-0fc2-457f-a6b5-0af73c8d2a23,18.260976690513417,4.8984891183726305,30.80491091799449,25.457460633244942,10.203140998538851
df01f107-18e3-4451-9482-be90c59d8bcd,28.911269761975188,5.622823370987019,16.015337133971947,27.68349665740845,16.799114806517235
a1d9a7a7-f36d-423d-9e0c-134c9b929bee,2.3450028323306396,10.243707870430544,28.100483811826464,15.19359659535197,2.8407746089032138
d61a68c4-5173-4937-9de7-2c9868db43d1,1.9789060193640422,1.0562905757334664,27.80605596271534,1.0414340827720334,1.7564335942423974
fa179b7d-b4e5-48c7-849c-cfbb589c473b,9.88525735921597,19.931895509749843,1.9041159718560838,9.394840202157221,5.887542302775511
2088360a-2d6a-489a-9645-12223a511720,3.161704350973824,22.11488083404859,11.798177060844537,8.021290178311997,22.490552616768774
cdc022b3-25c1-49e5-9040-875ce9f14218,21.01797345807668,18.400319007632902,9.758900660204226,9.307112626903677,19.037490722820788
67e33740-e0e9-4ee7-a62a-620ddeb4fa63,9.04591275128129,20.85710260837578,22.234077697605514,21.789367149215437,20.05115222359318
37c5f367-c744-4550-8cee-eef1cb95f9df,20.882026151916314,10.312701855838398,2.751622993083098,10.777673974971282,5.629314111260545
162233f8-ee7f-4199-b518-16703b91f1d3,2.348238641915322,8.99014500684651,22.151868557591342,11.251874804466599,11.649613345033245
32d599ae-bde3-4209-9980-727cac3a8cb9,8.55380222942276,5.764188470218826,26.24426336018287,8.497089938068264,22.70196220456924
da7eb8a0-fb98-4c1e-bad4-4ba7f98acc86,5.2029390576899495,25.002707702608117,26.334788725376875,26.363899541462686,1.3036067060694787
7fcd2e81-160d-40c7-adec-c4f8021725e0,2.2949534647051744,11.095338584369381,23.340401520045297,8.955266989130891,21.47561586075204
7887f007-4f53-4ec7-8e77-acaa8853c041,8.542511964370437,2.882068490024212,24.073215964984282,22.02354946103818,8.008433592110322
d50b5675-c939-4c9c-83c4-7cbcc3c42e6a,6.091909751215098,6.363024905014278,25.071230669404017,21.402405342959632,20.88162439882431
39eeb95b-7aa0-4b05-a50d-9698555aa44f,1.4935277429845,6.6840895865278505,10.369030441102764,2.901305122916374,5.91755489311949
cb5e866c-244a-48e5-91cb-9b82c9dfbfdd,13.898059158783965,10.458466100954503,10.366589452714749,9.181897946803353,11.052809101390864
da79d136-4550-4904-89ce-c6f2f67e2f9e,17.95196316156312,3.7815870859774323,8.989091176275732,3.279013058354378,8.44187391107298
d7d38c0f-25bc-4918-8a86-c1fedd04cb64,3.959079313694688,5.4996978988251835,6.563854837718868,3.7798956861974613,9.431703280942259
640838a8-37b4-4620-99e7-15c1a3cd2993,11.9071169176402,1.8060495328819721,3.5866544914460947,9.6600834603996,10.821505078584446
81607a4d-a161-4f4b-ae4a-859d4baae1e7,1.3920972762655046,9.719923580001279,6.703337478839996,10.044236417013913,4.516286598360183
fa8e229f-b965-4f00-b3c3-d86e13eda85a,0.8171758160595278,8.570657528087938,4.371586260715627,7.726237333627868,3.5067802234597747
2c6b6f6b-31cf-4b1f-baf9-6040817ced5a,9.990379492662335,1.933282765271692,4.725749376825661,2.983842530553832,4.105195931170289
01a15c19-e4ff-4b8c-a38c-ff27e13c5c9b,5.406197983510033,0.5347375121739486,14.091975043530937,12.910926294912672,12.782822655573606
34253d53-5163-4da2-a64a-15a19dd479cd,9.47288291413612,10.631799256925625,8.466794710181418,10.639798039642624,15.214187963335728
cd7b7d76-786d-4538-8462-bf481f45abf8,13.660902323367576,11.476603396770635,4.695976977534663,11.037811302865649,5.8625358872361915
c680e029-6b5d-4c18-a3fc-4eb45fecf9dd,11.174783643986803,10.987800463547767,4.99700464879049,6.170911037381026,8.324737667020948
a0e2b5fc-9596-4722-82f8-db3249001ddc,5.2396267931706655,3.1956923100024444,19.38601194010254,11.192704260183557,6.715305747576951
5bf62a1f-2f26-4c1a-93d7-f6e16f083fec,7.648209969390802,5.345308832489076,6.311958028543133,9.793982521772364,3.5233925449053274
051dde7e-69fb-4af2-a377-c841efa84e62,2.398779708620807,5.210850373395359,3.002698567427055,5.0247216246000415,21.87534821874965
7a454278-aa14-4383-95be-37e1b2b8b0a4,0.8079354639932097,18.74074622524207,1.0482481550143725,18.327693359794765,24.954125070862744
24a947c4-024b-4f06-959a-6160c6f32a7d,4.91932480925386,7.252431082358365,2.6284328130353707,1.517818520089266,5.340164333644189
f0886597-42e9-4c6c-9b30-d33dda0ddd69,22.624557732715818,4.694339411773873,13.905611981579414,5.362145266447384,12.327150683034661
5f2ae171-e015-4637-8224-344d8810ed5c,10.939959362462503,4.7538046422893006,9.214395562626287,8.325192873504818,3.3216644037812473
d331625d-de3d-4c7e-a419-9da612d422c1,4.636701814167669,13.032732652338776,7.9332693932626785,2.714675497682564,4.536545557630026
b75e1ef7-90f6-4d2f-b98a-610c880117de,6.867607400814775,2.565282801363832,5.194567487930057,8.420463961988547,5.493470717673635
226eeb91-d9f5-4faa-b1cc-a560b0cf7fb5,6.023855038637581,5.242423937494442,7.7811948281132,8.658267695799818,6.620573338910663
1ac3e3f5-a85f-40f0-884d-17c2432a43b6,7.371451058532546,3.0979267762950577,2.592740826373308,14.78704464549894,2.8205352916672837
4fa879ca-05ad-477e-a346-157ab96937cf,13.130305869364816,8.376284638812134,2.3992831698739137,12.94811742257693,10.667231249726374
a40c54f0-2a9a-4214-b714-0dbe7ad4e64f,11.123927670657697,8.037663525728963,4.679405207992308,7.935052132490515,6.2234797371772554
38a83eab-ae3a-4468-b2f0-86fb35b2e457,2.8655604044655423,3.304259057554285,14.028254685978808,1.8838992306791957,2.1283089171407186
6029fc55-52b7-4248-bc6b-c4f509d7f70b,1.7292945103972388,16.809684259330407,1.8983050808743376,1.7648119400829136,2.092454046916884
7f9d7251-6d16-461d-a255-072483a64080,4.136890206334987,5.910379610005629,25.202226039864897,11.188341965986726,11.11571540319245
07cc99e6-700b-40a6-9b81-d3f6eb6a4f59,10.582276625913103,23.045838028983923,24.863855676524803,3.0823341730845275,21.03811574014818
2362bce0-7aff-4330-ba33-2a56990d879c,17.476732831369098,23.623471790456556,7.817258373009738,5.268223638718061,16.726700563209274
866252bd-8b5b-46d1-a6e7-c1a9a018a27a,12.372700357392684,8.806102556494459,20.759267904375058,9.406096959889172,8.555045582574358
059a419d-b784-471b-b882-4534bbcef12f,4.506510804499019,19.24868286549541,20.19333814632037,4.154358119592267,23.820444416574663
da2d2bd1-8fbd-40ba-9ede-ca8382c5fe74,11.586968934045029,21.060063340660385,21.80069920427371,11.541173103899542,13.176954356543327
7eef5c5c-48fa-4ab7-b6c3-f4c72210cd29,19.479683850469137,18.0347653776249,2.884672900853413,9.63261917038852,4.919337619984011
85b68ee7-d86d-471e-9579-fdfc8f41982a,17.77270266524049,3.7419717318967374,16.7158771578609,13.935636419792907,26.008898489961638
cc8f7488-3e5d-408d-8b32-5c6c79edfb5f,22.760039236338308,26.87343874971625,26.23749918318041,21.031854703747868,18.936065694969415
6bb562db-b03b-4d8f-a69b-4dc813f513c7,3.575249748686642,1.5805408746530085,3.18751490323345,0.51719864384831,3.715614646570946
dc60831e-03db-4e47-834f-66391443f3b1,21.252213666115395,15.682077625320861,23.474232443359377,25.109407297523546,8.820654896170515
f58dae66-721a-4417-950d-23457e3ba83f,19.38379704453011,2.1238471541777053,10.422323402031996,5.980753363971914,4.913723086276901
d40297b5-9a7b-4cce-a1ab-051e5ccbc496,7.136054760310371,3.6872083168745826,16.912559297309993,8.855023602852402,2.77821072852285
5d1f549f-5684-43a0-80ed-d3e049851877,13.243933417443724,17.827372711074194,12.501145838757502,17.870369455735748,9.997032087404694
352bc21e-5e85-4a69-b711-6338e75d3b46,16.95030584100584,12.008622513580134,10.507480064045446,13.072276863368135,10.292278252249464
8ac494d2-4ed7-48ba-bcef-773576a5300b,2.8850818001224443,2.2199192608747915,4.466746633271875,3.2829046202058745,21.01692809406497
d4984460-7800-499a-9e32-04a63d6b75b8,3.0173447803661366,12.545910934950243,12.740871631759758,10.567955603875593,11.115412246471465
a7d14acf-f8e2-433e-a457-ca1a49124b1f,4.002026130561291,2.1310856916610703,13.939587859348087,8.335198220688,12.128441668719613
cffd98c5-8269-4dd9-9df2-2984f66ede3b,10.851460026519604,12.5062357175471,8.369020438420057,3.6129748261543373,11.665585214468862
07acc88b-f404-4038-9135-7075a420822f,10.576338641925146,7.746787672856117,3.8305467398425477,17.10755533770208,9.18176216685036
d59942a5-c94a-4a31-aa67-1b2534f5a63a,21.506410866698424,18.89140496359584,1.9963785737121382,4.495729246743112,3.494432526486259
159d29eb-64f5-4562-ac81-d197737786e4,15.953112657235152,7.647103666154511,15.931261262504982,25.077703029546694,24.65317835637773
e156dd1c-64a8-49ae-b64e-38f0884d44ae,18.34624578742012,18.78143006804828,18.519082839446906,8.361394204413017,18.817071069418127
93249cfe-1e73-43f0-b9a9-eccc0f477897,24.510552211380265,12.587032802367267,14.29008574879163,3.2896943649970725,21.630683094511973
3c4249ed-6602-487f-a50a-b8b98bb41587,18.27828443181147,20.87936568323672,6.90324253982447,5.059132556090943,21.138693060357333
c92af38a-6a7f-419a-a48b-a816b33bbb80,21.40600211233983,5.541320227954346,8.755992341917956,19.668026333409422,22.31154316737679
eddce7ff-b31f-4c3a-a6ea-6c710706a089,8.385938145113197,12.959153379604423,17.3964955831703,21.708641084315442,4.677448187774303
a0fe9e08-9eae-4147-9dad-a166a668fd80,17.165682755833174,21.607152622813945,6.0549332436735535,3.514870241463403,17.63446460863076
cbe625e7-344f-4fa4-bf17-c0ac7349fac7,15.922211295185495,14.948032555995816,15.070154217136428,24.082785374313318,15.338513123163905
391e504d-b82a-4d33-aada-f61bc835bb38,2.383125481828028,5.282062279524108,15.26908951101822,5.238929240723557,2.4059283581278286
a5899e74-8163-4c41-877e-7d7676275922,5.972991286390806,9.965242447424524,12.973355231829863,16.40034936069981,15.343891385256098
fb2c903e-bfd8-42ba-819e-b4e6f36952c0,5.08094200796894,9.705589198802901,19.752681594272893,12.72279512546474,6.820551568153294
fbb66966-f239-4737-830b-356486c0af07,1.959471804281855,1.3900530008429264,27.831247170779438,17.22961186126948,1.9487893354428056
62cb9e81-3cb4-40eb-83fd-1bb94b12304d,2.1728091398273337,4.25461863473086,2.142244418705022,2.429073788834966,14.523488475241553
65409765-0dc1-4b02-804a-744e6eb35c8f,2.872639603070647,5.037021453545534,6.124171359700827,4.601563349314846,4.738500559143121
5ace89a7-65a7-46af-8f39-a448abac17d7,12.324486693440658,17.043462816710058,11.23281879932235,13.61030114491221,17.035894463637877
5823fd40-ff56-4f7e-a955-726b5a52b119,23.173654616287486,21.439911495799535,4.565904873965936,2.702360629956957,22.908609833221917
55800b6d-1542-4fbc-81e4-d2d175d75451,9.122492252688108,8.96086205321028,13.704668018199243,4.163436432397212,21.258903324793494
f8bab636-f2aa-482a-a744-f38d5a577d3c,24.332624187189822,23.669566113269674,2.1088353492906666,27.45122252181755,16.22378538614265
0d1f739f-3626-4d1c-b1c8-1fc16c017acf,12.735005172088643,25.4857575165802,11.581865746162393,20.818552503732477,25.309416623742038
b1608fd5-3536-4f5b-8026-c7bb1ec7a4dc,2.590093344864373,4.351141263352343,9.086502025031377,7.564154798193414,11.273764091591607
aedfbeac-f591-410d-8aa6-5d3d5f56ac44,3.923094582843161,3.271075246590047,10.771297442747217,24.735506077235087,23.782957570923273
fdcc834f-91ee-4c5d-8bf6-2e059b1c4e80,2.2115475048937094,2.287891636602059,20.423134779233198,18.846993396360702,3.652158136784632
1c925a85-a18b-497e-9cf4-2bfbf21da15c,5.246265432476077,1.8041200343679429,6.416599237444415,15.779628070486261,5.707181792015868
b55e7c1f-4441-47bc-92b7-99e14c15cf8e,9.699141641721543,9.702410820161425,22.183795103195436,1.684183358915326,23.198312832221983
e641e427-4406-45c4-9c59-910979f767c6,11.660842875993076,4.87020997470176,12.32314393969953,13.050870593340541,11.464455910647352
40d4e7db-07e0-4dd1-8b86-4f63642c357a,7.772232556519383,7.228695752511587,2.5551676985836553,9.790226247286558,8.079372127147051
7361580f-ce08-4d6a-b4aa-a7750f366f05,1.777570457393693,11.368777796201135,3.989893047294352,13.305011555887004,5.992954173440023
e2abf452-4782-4846-bbdb-338d81d240a5,10.740405442197213,17.490097745385487,11.189032838603238,2.76970165346945,14.373363352995725
