71ead719-2f60-4496-a89a-76cb3eee8f92,2.9076967160319436,1.7048896493825472,0.9579911727553008,20.21249790298382,19.934001906384417
f1ad650e-a272-4254-a1c2-33fd7a25d5df,25.21334378960052,2.6955595333455715,19.96511742092882,18.917847566833146,19.8103446965432
10609e43-8b0f-44b7-9448-3da07a049bba,8.281716814547789,3.37233602181615,5.727730009497822,10.8436955846275,5.601379560194976
8f142a79-91f2-4b0e-949b-9e80608222f2,10.877807291544034,2.054579359716886,2.477176441570726,3.131179304298893,15.135104405298925
1ea0223a-8a17-4e22-8ea9-d173fe5e56b1,10.260173135053742,9.880782742102078,25.250064604143947,3.687939920160666,16.165115377698488
1fb7a88a-e089-4c14-b57e-3cae5b547b00,10.775556832390954,8.911791678000121,27.180611547944395,12.368556389674778,22.637593127041107
75a346a9-de3d-4279-8578-ba4d0fa3a005,8.468176554857312,9.534606839807429,15.443797943614097,9.235791962081109,5.480786370960247
d16b5cdd-e18e-42ca-a52f-026b15898f8b,15.107142079808426,14.124808256245801,15.776634316828495,24.771790795940113,21.264605455649196
06791cb7-8ebc-42d3-a424-ff28121cddf3,40.38433517748392,20.07265841729542,31.579374338035088,37.62906407589978,42.39289667080831
ebf188ed-da28-4188-bd6e-dfeae9c27c90,1.0941192364481958,15.834906909942763,1.019098278596482,14.858489432317693,1.0665143887918245
4c077531-f01d-4af0-9665-0e24d15a2b82,4.584291568635566,10.239326867728796,1.1475146013805961,6.580034939523909,6.216025950401131
b29afc50-80e8-410f-acb1-dc3252503130,5.929259754181428,25.113969759652683,23.384959670132645,16.808873535724274,8.823498764302428
46ec5626-da1f-4392-81a3-a65bc5484cea,1.4402345874852691,2.205521952985756,1.2487343038655796,1.7368069162462683,5.706801088362244
2b38fa5e-69ba-445e-b9d6-d0c5c7d2ad33,10.275363418371498,10.682384432464186,5.230023158798853,9.391949059619675,13.226374995889621
336a3bcb-3638-4822-a272-e65e4d438ccb,34.02773006778681,6.7437880393238725,9.359081745796725,7.448064100286043,7.214799663495621
7e46a58a-5633-4423-98af-9bb63199af53,22.45946565937019,12.472694125498306,22.73911620609129,11.245940099085967,34.699233507386865
66dd5e13-2c9a-42b9-8199-adf5ed0e2d76,13.729967040571522,3.6700312980420495,2.828321732167103,24.458218247967388,17.98615835876254
9767f07c-a1e3-4cc0-a594-bfcb7b99edc5,8.743331329096991,15.775333624725162,17.479405161665518,14.117474018398653,12.15176585992475
dd05d7f2-07e7-4cdb-b1cc-6f752e2244ff,2.6120625217474487,12.696621500043179,1.5497067092105679,22.262028301600186,14.138667363413507
cdd8cf9f-2f47-4a4a-87d6-3289bbef51f1,0.32178478050103976,10.498734574081263,29.629689979121093,29.37490769051973,3.2400729422329047
7d607b4a-7b83-453a-b22a-86c71605226f,3.7144145183027186,3.2911509374041383,28.045397535512834,4.3314299685006015,22.450979509671818
1f23239c-44bb-46c9-8423-95378ba83738,1.4707663909692439,3.89850072486078,0.995493741187919,3.100338396871207,32.72355577073527
0121833d-309c-485e-99e2-b2ab06ab6806,4.823911309838165,3.284287475141615,3.679041371716287,5.636157635128579,30.219505644831095
35d530a3-719c-48a4-af9d-90351088332b,3.714203684736452,1.4511726074236149,30.19318384956052,29.319508012612623,2.8240079549694945
67875ab3-eed7-4598-aa7f-445f53ccbd45,16.094925138744713,18.675197329199083,1.999770764017637,12.464122515564556,23.44116050037789
ebd7d903-6182-40fb-b625-c7969dca636a,20.188922083004197,23.00537087729968,21.877570739137038,15.834835659730562,19.031354955400737
28ca5aec-ff2d-4794-96e1-f49917619589,15.433853930842313,20.35727860860764,17.907577654281155,11.297514960627483,9.503582434584153
46f33c54-1e89-421e-8a84-c36c9190b4c9,4.081915930654693,6.291558966654993,10.175898372455833,17.88949305077469,8.107280790375828
80d0823f-79a6-4c7e-b917-03e822b07958,9.903150451232257,11.382389993357727,18.66233382165441,20.064162898439868,12.747440522666842
6688cc33-a97b-4b34-80b5-6912e91242b7,28.462071732343176,26.44871226458233,29.10835924164487,29.20077568425791,28.832304628432507
a1e4b23e-a817-4c3b-852f-83beba32a655,35.241330305482265,31.57793032341402,31.33639660751225,32.9160778402595,33.41229427400739
d592cdbd-43e4-4720-8973-5fa8176b21d6,11.36014243656734,14.434831892122586,12.687020300532433,10.774453451838204,11.396888090904659
45dc2322-d728-469b-a950-5f40dc137e11,22.091827067447298,11.936594882313253,21.07112441325645,20.502558964105155,15.453954464061653
d87d7208-d02d-4964-90d0-424bc417d886,9.020071246283342,25.189607214972305,27.310711721932392,32.53279039390236,7.939695012179936
c577afd3-f730-450e-888a-aaebd757a2bb,16.289557348416846,38.66206081270953,18.905965645164432,15.668713207822845,39.72546438511127
5e70add9-bf68-4e1f-b1d0-70fff312b33b,22.996229074532984,15.167302548764564,16.306217801667415,10.825668084143471,20.663921623578034
9ee59787-0e9b-4a65-80d2-fa565c0072bf,11.435351725162054,2.7951260749150575,40.64717775150583,13.489123523719456,33.91445577684015
916f4219-8053-4bdc-839e-6b997dfd3362,46.95406888221804,1.5530665407499131,47.04470673526689,34.210322453615554,0.7432913065586804
4ba3ccc8-9b40-4b5a-b66d-95ffcb9d2ccd,12.954528962326634,12.102997230427512,29.07158612753215,22.700710267882112,21.843735462305972
6bc24cf4-a730-4095-b52e-9fbbbba7f53b,6.191241845075937,22.082417151522876,21.153208289715316,18.329537612320166,5.938933756441998
b86d533b-a8cd-4360-956f-de07c2227c6a,2.132549495302349,12.937631694144947,15.69788872969881,7.183922391318571,14.93854300103497
951817df-2c40-4e9b-a397-0b2f0ee5e973,1.4082837952558718,21.50257346835122,24.99077691331297,18.131664072779884,21.939135984458964
c2b801c4-acdf-456f-b466-27542cd3c21e,8.713505528857993,3.079279895180246,8.055162049190471,5.5238730252918415,10.765001331941514
421f31a5-0027-43fb-b49f-763745f58592,3.4809109998043306,0.8529415179353048,3.169720150218803,4.860875381276702,13.378672886234657
5ae85de7-fc0b-412e-be7a-68c1a4db0316,2.3893146901881823,30.19761743233785,29.07255485869027,3.147947107908556,2.9347527340816804
a5c73565-c437-40bc-b622-545dfec81309,2.4588122352762363,31.463531669387972,30.737394649787966,33.20031525935769,33.05732102633627
cbb5073e-e318-4447-a417-467713bf69f4,3.88666976110918,30.624058231616882,1.768337552269744,34.40416283107029,29.759783254724937
01fc4ada-afa7-45a3-8ff1-357f6a4672c8,22.213269301460294,23.942216842753894,6.985644002617452,24.18423368432817,17.46413183169304
4d8fbf99-cb56-4964-9bda-a8b14f6f810c,17.271968690439962,4.706342572517318,17.68904952803784,21.24145022894829,15.461515997769101
f1dd883c-bc9e-4241-96e7-c0b7294ce20c,0.34716091117483666,25.83508046964034,30.19577206919876,20.38498119822029,20.35099452479087
01db8903-e439-48ba-ab9f-309d53b85779,5.9192627849048804,29.10214792518962,28.46848829955392,27.8639875974414,28.867109398618528
9cf7958f-935d-4818-a8b7-a8c0895adf3d,18.8305889375531,27.710465806204116,24.382059141221056,29.464371263267104,24.816474864946514
fe763ea9-c04c-4058-9196-228f769fa22f,2.696081091905756,13.074457895628372,25.339887190060672,7.674722503461854,15.599738711482155
80f7d9cb-77e7-4f99-a6d6-595d320c79f5,12.539323952626502,3.4576431307303332,3.442124997988892,13.166549687123723,23.83036000418702
b2133688-f97f-4bfb-a477-4b8d484d5084,4.1935140517845415,34.10245416939281,1.099299523443598,31.286759840955064,29.31389591241269
0f0eee74-a083-4d91-96cf-7bca6df28f5a,29.327626243501754,28.799496148497838,30.092025954643113,29.331830039373425,29.176921214425597
066bbe6d-c0c4-4de8-960a-0993738844b1,11.904286612750674,10.379388455536564,12.096196750949389,19.08257001290955,15.128590759585913
d301c72a-39c3-4ebc-9b59-d038df8599d1,6.367005748963854,11.411224756602099,15.943011972687632,3.2798524449032325,27.251806721281636
66d41fea-76b1-431b-9f17-1892ac7e693c,10.459219722523908,32.482893389168005,8.51997389311387,28.54294186051598,1.7013589925090393
b00c19b8-5d49-43a0-9665-614954c32e8f,23.22205051406523,40.994155955137366,37.56479094986318,15.806288805058044,38.662603960418195
b961c5c7-690d-4453-ad83-c314ec31283b,38.67842207551615,33.850898498012675,33.44545226706813,11.861377851192865,35.346546036028585
4d1ba13b-66e5-4185-8bc7-aeced501d170,12.416061631770624,29.42631256982299,17.038335990573323,29.59486082397448,29.475032559085953
309c4edd-c101-447b-9d27-77300a954ffa,29.55579560826568,29.63399524785815,5.180042141483875,28.65696884996355,29.489821979266218
04e5e206-99c7-4658-9066-f09ed90691b9,33.101218104236956,30.24483331787517,30.433059802010945,28.541902647048822,32.94617749598301
4e6ef047-f6db-4966-8d78-739f1aeb73a1,7.975827012809626,14.776378246378776,13.323428213837012,11.626520269885463,46.69866454811351
8c976c3e-d8a0-481f-bc88-94d07a4eaba8,9.174733880710981,12.441967472967598,7.446865428164195,6.536230994379816,2.2452949631468875
f086450e-f4b2-4cd2-a863-578ccd75d993,9.416604510130986,7.836260035120974,1.9493156550588808,7.64308115524465,7.158436042955469
931f8400-93a1-4813-a3e7-b5633d81e7aa,15.776394617721213,13.363732971516981,23.066647420664786,15.341637137574025,17.314815635092856
e60f814e-a4ed-47e7-99f6-7a1ee8b99fab,18.42391538415749,13.462778301551278,9.491912406253633,28.57163080933887,14.160476987063825
932189aa-8a15-4704-9721-8fbc5168f376,16.85432098521032,29.346194063255993,29.767153077384798,17.891120644123305,29.150650254817315
7d9ac09d-6db9-42c6-8eca-0ada7cdcad3f,7.702586721490286,29.60038111284726,30.58098281783999,31.773673701027647,30.705820001199626
a9416e8a-19a3-40a6-a20a-6ce5bf8bf480,36.94672972115592,3.4690768637643723,27.52197084157478,32.14299761632952,26.40857994961294
7cb77322-7510-4e01-849b-9b92faac50eb,6.678722359218156,35.50570957276429,29.867923305200144,31.502889914909282,30.37294782052389
9a8d2f1d-e60f-4ea8-b9d0-1da6727bc33f,8.190946816882029,17.549507258389355,25.034967646788253,27.460784937594788,27.81255883141453
be157fef-94a9-4134-a6ab-d518f00643ef,10.023298125737337,36.46739669347765,18.9300369283135,38.5394092950215,20.555922759388515
d409675e-4160-4ced-87db-345bf3803b94,1.8219743272345674,30.97753115846788,1.6198644782883658,14.721605530115642,32.407949691882564
d3b0d853-6bdd-432b-8c2e-8f415eedd567,18.751897024407235,2.0426472254824857,3.5452486211038274,17.777381341004638,1.8848748562759412
58923362-3fa9-490f-8a40-b30b05d1786e,1.7007466057815641,38.906663763639784,39.5285373374018,39.69795982536648,31.847459269073234
4683a364-e95e-4887-aaa0-c06052f19c4e,1.2744670474252708,1.6464762058099114,2.908467207362255,2.0799950859285063,9.902551103194472
22e79855-37c0-455f-bb5d-848db74a3c8e,28.87623505906974,33.500876495994255,28.63646594285639,43.94539290791009,2.4266675058545935
551ec464-5836-4958-995c-fbef4e5a5d7a,1.1620515599329433,2.4514900209610273,1.5312761731544464,7.8058500449743455,2.3148993290529445
4aa861a1-5098-42a5-a828-8ce336187944,2.4251445442555664,2.4063473698159767,1.4553470688566796,2.0377343512021016,17.571255072245062
47b5cc81-9278-457d-a069-9ffcc028aca5,1.4086163692445153,22.281392687467477,18.14038870942216,27.512592322995207,1.6528725529832422
681ded15-3cf8-4377-a0ce-7259e652b870,1.558680303723885,11.31666879243016,2.1705680571378667,10.831481415242171,2.5962685741985485
b68ec7d2-1bfc-4504-aa18-aca2a1c2023c,2.6613206922770933,2.429139261096795,1.4871946378105856,11.330040550827492,7.83428075042929
95c301e3-a523-41ff-9c7b-fe90467f39b3,29.67885723931767,11.412200155457196,2.2929546058904364,11.52566313643214,30.015722046778926
1d98f3dd-f41a-4505-afa5-a1f207a5c7d1,14.041339779993917,10.597713393241028,24.249425903939844,10.279597890482641,19.063231222259475
f23d6b78-af1d-4739-a9c8-57f6fdddf28a,17.47453475547006,14.383052275101498,17.50919459373857,18.068245448123534,16.699804489397785
42b9cef1-9fa7-4dec-a1e3-c28ba354aa23,13.754603786305532,15.850334823685612,20.45272684198444,10.157507684332176,16.27957111415288
dc3c2e30-26e2-45d2-af9e-4ba1b850cefb,19.486397044129937,16.256219150715925,17.575819385913555,2.019080360154257,24.03397257353332
a2c0bc8a-0450-4af0-8e15-0c1733324cb0,18.513609296612874,22.843748551922843,24.817926132325745,14.289026971692058,18.342603031024492
3add0f27-fef2-4108-a72c-d96e68fa9d41,5.01332905363367,17.487938722910325,13.071440162939176,4.880004227574236,21.029802762441662
f426690d-3116-4de5-adfd-e6d424555a97,9.441938982975309,8.433838737486521,8.395415449469521,1.486344475757208,8.152074058735868
b3d26407-357e-40ea-89bf-04d32afb10db,21.07574327309293,19.760785542792817,1.1783420704280072,19.907037183496943,17.023138478163606
ae9bc30a-b371-4695-86d3-fc18768d8868,7.590434475164277,1.4749582255134641,26.782763215525573,39.06265661570097,40.626453926819025
b5d3e448-4516-4324-a9d4-4dfac43e4714,22.649003141207633,1.1068956182844114,35.165325314298826,34.51185798220151,33.65414057584985
e6de3086-5a37-40aa-92e3-11a2f324f820,19.127335519806223,27.59825464326574,9.971151069841294,21.08165412136505,4.275462220557231
d005c35d-ff14-43f0-821c-ead3c175aa4d,7.1584418232206275,7.716500303011609,30.325055751421274,8.738940957245603,6.09065279226586
f4736d9b-8522-425b-a3a2-280cc7f2db78,6.6238499325586275,14.846494418799988,10.371003362808347,11.248356981714384,8.793423018126544
079a8a03-3a73-49bf-b895-04af9a964edc,23.57009234480153,6.314784445362607,23.35178536021811,7.866832703128686,18.369125276528106
125ea1c9-d954-4433-acc8-e2bc3bc6b527,12.658000998623688,16.116254906007924,10.22735245557166,24.17293198483428,15.852102344024978
d944ee3a-5347-4d41-a496-36a28ec52567,1.485270485255784,30.4611756975904,2.996475913945736,20.11522705083121,18.471104718999484
942456e1-036a-4c31-9827-160a05321d6f,2.1291469076791816,22.95853547099714,24.36136456352227,3.3723361735353565,1.9220881788721755
a57c6958-5eb9-4aa4-8bc9-2f0b30478dd8,29.473331579247386,28.664038713971152,28.88838359630823,21.55610536576018,37.50056537028009
6980448d-217e-47cd-a60e-d8ff50278884,27.940267355080316,1.0533920073167904,5.357043079780178,1.2851539607668077,28.817613471180017
79c37513-0ac4-4bd1-83ec-d1ad70312562,2.19222403839649,2.23378353532135,5.111975287014077,5.544869578852881,23.946807808681974
4f2d4034-4b3d-4ee7-9b51-bbce1750cea3,2.1766131289255477,26.750334209756943,3.314981852414845,4.354676668975918,4.393835207007598
c4d477e5-c85c-4f0e-9688-98ed68c64719,1.4409159041878306,1.2829156687560959,27.649004136293307,24.389744451496302,31.931202701202267
8ca7f4f9-ebc2-406a-af55-5213ea757830,1.7018553588391068,1.2013918713537128,30.2468402111776,27.469730273389125,30.952848184433797
e56c24b3-e3b4-4810-a5b7-b28ca841d9d1,1.3396539216226095,4.647288219388189,22.36318496241334,13.009648471252868,9.590454620458514
966802c6-6f11-4cd8-a451-1fa1d03150ed,6.208190743215937,6.56552334305321,4.1538038312499115,10.929814359865908,26.715572873134278
23ba4294-ef85-4a2e-9b70-0ae11ffc7a24,4.503651594507038,15.201124490371239,3.9420598339214368,11.269623555054535,15.594594320371208
706c096e-f61f-4d5c-b80b-0b724cb03a89,6.506936600571663,21.681829997754935,25.505791903149184,9.793800546391664,31.758111342162763
90fe9437-d8f9-4272-8098-d5362eac5126,12.775699833284259,13.923240469333253,15.49831948217436,11.683818322575153,20.204562673757422
b4f7f651-d8e8-4b86-baba-c9a4872c4a0a,18.71954374984894,2.018476755892847,20.159265240778176,15.595240779587947,22.079862601739933
5cbe8988-30e8-45f7-87a6-ebe2bf50fe9b,1.517267976224561,5.7009198310247164,6.94983388072354,39.24842837142665,40.81831562838978
6db8a8cb-d554-4803-bf07-a675f7fe1ec0,1.183576423708897,16.833924805450962,16.830394356218207,18.73379893667273,18.876331162701213
73e8e879-236c-4c87-bc80-e26f0c7fa2ed,0.8450751564245682,15.622004761990237,30.445225778127003,17.76065478684768,5.394846581545641
bf9a81cb-8f4a-4667-ac99-bb4db9fb716f,23.55448525550355,9.545633257049992,30.398686362086448,26.167196938056122,35.20355469542906
cf06cd57-f794-45af-a9f6-f3afd0e09f7d,7.223755180364248,10.264124527400563,7.261714019369712,4.3881380671511465,2.9471183260912523
d2269625-06e3-466f-a9eb-d508862cef29,20.3253545194435,4.213809999762337,8.735359756009316,5.957683176957344,2.918910748274686
630389ea-1d26-493d-9362-448ab8c10e5a,6.1940602230916575,33.55634730274947,11.016152019158229,13.905009071600691,20.24363322325584
b587e381-1884-4cdb-816a-b646475a5654,8.378481495971108,18.623017915257257,39.86827719507754,20.524805859868856,21.62475017239951
2edacf39-f17e-4e55-afdb-146e77449a7c,5.702445731558601,3.3279887369722876,8.332255962484325,17.03268097346557,1.817529143278977
f4bd48dc-f4b3-4174-80fb-8d0ce8288799,4.672407399137323,7.558673018892705,35.036348169773674,5.232946960393393,9.423648130111843
9c8664d7-da3c-465d-bcd1-24a4bbef0738,4.367312299765126,9.82789246491064,8.29329917016738,18.442298754810203,11.795433789860803
410ba6d1-ef31-4894-ad5e-8e76ca10958d,4.658202641154529,7.5809751440044915,9.793643638190122,6.939180489561993,41.39584247834054
e2cd7c99-0fee-4a72-9333-0b7f0c99111f,6.071866869345316,2.5404695545573475,3.2379751932155174,2.383278786550965,2.515214343772254
0dc3badb-7161-4150-8998-2ee6eb4ba9d0,2.6557199482782785,4.707639729357584,18.023514881981384,15.308366537841742,21.551420834285906
a2c8dca9-0f35-4cca-8d28-a91be075f526,6.141904251066423,2.8803327664540275,4.333231561296625,26.204121955392292,17.65818781653138
f93d4289-25e5-4d70-81ad-4c9f62d8b2f9,15.106840973991453,3.728396129082677,2.5760640603002725,24.471711883342152,29.131802810760064
760492eb-5b6b-4b0a-977c-07073ad03ceb,10.649078857124078,37.65810320460213,6.531154136835051,15.069240531975169,8.61513339426851
ab3470c6-c274-4a5e-9303-2e13f69e7a5e,5.089598590189264,26.354902073509194,25.000862321408427,32.07374919273587,26.688970094690813
38e58a87-1189-49eb-af82-8b8ffed4dc14,32.170631529846446,3.7844862948046196,4.944222997826918,27.47430377033695,31.43423327910793
483e688c-f1b9-46f2-9b13-e181bc2634b1,3.3514096912711553,1.5521593598186403,1.0300642614366948,28.20317613076996,2.0457662640958105
c7746ba1-64c1-48eb-841b-0f75d7ded324,0.9832269005929413,0.865267856286327,1.6714793417688423,14.115185254863988,2.428084000471711
b34fa65e-93eb-475c-b3dd-84788e1107c8,1.5529245325893135,24.318110932708056,1.2637180626342455,2.252657090449901,2.7059415110542453
d20a7d3e-d2b6-466b-b4be-5aa6aa846737,0.8070811721123791,14.684712582162707,9.38960516810682,28.817733265249775,18.58979429340442
a29cdd55-c4be-46bc-a9c5-f2a49caedabb,10.431840364297212,8.160889501536657,6.946307565953456,5.797563605975442,6.011561129648532
f09e7984-5373-4b7d-bb14-a41f7e55fd2a,19.554917298430365,15.146401473908192,14.620837392741441,19.50261409477058,22.997064638175534
258bf8b9-747d-4dc6-b7aa-f42ef9a2f220,15.376513194588105,2.1981919831802728,12.475983370648986,5.908491153586461,17.383980583559495
3fdf7924-03ba-4f1c-832f-bdaf40baa1cc,22.282727227109422,6.508325830944079,23.30063613985269,17.44378653312299,21.953051245810514
8d52b2e9-c3ca-4929-908a-1962ede40144,4.552779654386038,3.256104205096723,5.05188521515245,36.65966020919514,5.065882443063794
a0c6d1da-6f5f-451c-9e72-37b0fc8ee24d,11.657190398320001,11.108691144838904,20.819828608793316,12.835673120535821,15.273365863483367
14fbe931-dd2b-4a92-ab43-32cb3726708d,15.700223682146675,30.264248357800266,16.710915933643005,2.1238526352040106,22.17030540388979
164fb101-1f1d-4fd1-8e70-68916f36c752,18.52253213547024,24.42472478573086,7.741592818500337,28.94066099162945,30.255823296867383
1a1e19ce-2af3-4c4a-a6c3-c06e8a6aa29c,14.147907871092606,14.476234982231823,15.358236917913665,9.756050856414996,16.916327661583953
287d788e-8566-4237-9d01-ce728dc8b8da,7.751421479820274,16.712946121241256,8.42315471237059,16.75591838287538,18.417650813712722
05e7fe30-ab84-47ff-a021-074e26424b17,15.617965067121052,16.812646445718386,15.746356713073911,16.45460830776034,22.04248182348961
b9181581-981f-4781-a753-571258eb04ce,20.305269477117058,18.214922776925498,19.025452858914228,21.207257505568414,32.51482170295391
87689530-96f7-490e-8794-ae762fdbde58,28.66649070946929,30.610305986933838,34.09013732032848,32.08985269663319,25.88034932455824
8bcb34e2-1997-4a93-8e05-0098445773a7,12.560473251168071,37.035088602514016,4.777773635262395,15.395744581593389,16.596152607024457
2d63deae-c0ec-4647-a31c-e5152c9b950d,6.900315183199667,30.985541191454356,6.029605144859991,35.25345633310934,26.05943685369709
126e7648-084f-4522-856c-4dcb6c76708b,23.325715869368963,20.23715173064498,23.239779459416038,23.585175458575296,3.961757668885852
c17184af-a7d2-4417-8e6d-4ed7408a017f,1.9828265509248704,4.5922213417537145,1.5921035146161864,9.178264135401013,14.371487144287695
ca1fd7ca-11f8-4797-9774-0e6aa54a4544,19.66522383132759,25.32018746386355,18.05777808855098,1.7464353271034359,12.325297337282503
3b3ed82c-0fae-44d6-b09e-c584638b5284,9.337202067465688,8.99291495304457,20.937929849514,10.317094253045179,20.053935436920305
58bcc9ce-aadf-42e7-ab11-72f58e00cb39,5.23762737701722,12.82795147720622,5.743608025246466,13.939309896048298,44.45023602253592
1f0e08a9-244c-4930-85c1-6fe0fc084430,1.9439506086614244,5.501891249487782,1.462345181830254,10.732705772803424,21.775296182000936
e7a9ca03-aa3c-4782-8fa0-34157684e966,20.929623981037814,12.441493398378723,20.79037874305894,16.74741825280078,20.639663597481835
f2529f42-bb27-4bc7-a016-fc38c6dd528a,16.6133151953944,16.359009667764656,17.465048661919045,17.777671657951235,26.853278453223485
c46cc0b4-98f8-4ab7-82aa-3296e2d84b2d,10.660048492259065,31.343332999046197,3.958533495910952,40.46305201210274,4.105205854866338
6e1ba294-1dd0-4e8b-802c-a997c7b2f52c,31.48017592355484,32.13991958172491,30.75381775842787,5.988734166701995,33.08816537428979
a9265a86-d708-459e-869d-7eb1581ca597,29.448713621830183,22.01846983969112,23.671199784675817,29.929782951553076,21.379505945500153
b749900f-29eb-4ad4-8178-e27a5214e5de,10.345180336321846,7.978432198735379,0.4724018200741711,38.16995673348748,35.39251451581893
cafcf0ef-4136-4768-9d78-ecf35dadd1ff,0.8538306779801568,23.51459298019433,0.9656461620301053,15.062330745541601,15.087150381445287
0c0f768c-1a05-478a-bf70-0994d33eba7e,21.237541118936733,16.49140763944885,5.260972637733302,15.321255667626527,13.474620143395255
1e0b75ae-8246-4650-85e5-1b668cc20004,2.962186120436813,24.924067286071196,16.489774870915443,3.1829377498645446,10.01517316255225
15a61b6e-b6bc-4582-a66f-f52f1b6303e3,3.048680035934269,1.0361384906235152,4.559952563299284,1.5230396494711258,31.007892629391797
33741b1b-3a29-4199-bf8b-6fea4d8b18ee,5.010812706955958,4.951598981898773,1.0633225090755682,6.926144824264261,1.1083013381871505
7aacd7f0-0094-46ea-8137-c23c7f51816c,0.810694966978096,2.173986143029608,2.0176715227267517,3.893664567649183,3.41988889178358
4603a75d-2282-442f-a1ca-d99a0b14dcac,3.3756976239734664,5.358240072531784,1.2019197235189023,2.948365629122147,3.4058380455965858
729f8afb-a613-48be-9f55-decad184751a,7.052237620625799,14.703383389583326,8.602168541694809,25.616108735184177,9.643955702118241
bc0f41d7-dba8-4502-b0f9-31700251d31f,2.693720283859348,15.693274431128602,8.459173514083233,42.79342113233901,37.039681366941736
692bb24a-525f-4cd3-bfca-bc4992f97c8c,0.675426595258416,1.0853665637218008,8.677764470801739,23.22574565301121,5.654290008186113
51f3361c-0d34-42d6-824c-6643984e6e17,3.222829613554305,37.33912995115563,33.71715565616936,23.853460475355043,1.6030005824114415
1d4338df-2bc5-4662-aaf2-de4cf50dc66d,7.106709336508214,2.0353370854089654,33.378873846187524,3.8921354524656877,4.319347323123036
3e7b0abc-d366-4e28-90bd-2f7472e2f7a6,20.922435263867698,20.100220925168095,40.31145885779432,18.902909970322156,9.318057659532313
592cb193-537b-44a5-bcb2-713cf19c7517,4.618477557391979,4.7726962804525614,13.17024609660184,4.760288691520984,2.9272971570467643
012ac3d2-ff90-4b7d-8e02-7c2089d0218c,39.11709356667685,39.09137213272818,38.743628640159585,38.26511566431436,17.089501773179357
4d96bc5d-0b79-4743-86a4-ecce785e6e12,39.625624113085834,46.34623284350895,45.09114245490663,32.176880413746304,32.367820989325274
da89d6eb-89e1-4f17-9e5c-b70055f33603,1.6652539119980299,27.275562215363255,1.204544082816465,4.448096164092955,28.913471284526544
7edc3b26-6e5d-4ef7-b6f2-6cd2001541fd,1.408208881151885,34.99440160704854,1.7011461831769996,29.272686613195358,35.274795772520584
2edf751f-b6e0-4bae-ad69-6d020d28616e,15.996743895840464,16.158960466338208,4.312232501687358,2.1706325002504667,21.78311596078008
7561224e-89fc-4ed8-b31a-529415129c1f,2.2676334207710402,13.694850756158395,13.536202708271404,1.9283380542170263,2.542510272164641
1dacf50c-e067-475a-b4d0-6fd4665320ec,0.8920388028474835,1.4929673773145886,13.703194596511139,31.470345092635455,22.88528168758318
c430eaf1-3815-430e-82ac-7f107096952d,7.379859328693774,6.495800615859018,7.4615151154113795,6.696813101108008,7.741082567238241
82ae9e2c-fa93-4087-b56a-49588f7ada79,9.72507072051511,20.872304258798387,18.682442785269586,7.2882648424816585,10.250906939995385
d1cba48b-f09e-4960-9f3e-1fa71688293a,17.051852854211948,13.521291533813283,17.67351487835029,8.408472347728797,13.510925097213876
12e2c614-cde9-4b89-b884-53f16b928660,4.117515264494717,17.63094835939804,15.313580121525673,7.369436147595591,12.681069384421935
2d02053b-e0f6-478e-a4a8-17bc80c9d49e,14.58277027650594,5.278773163749305,9.387686236814906,18.230945220077977,5.777485939555029
37449d8f-4af2-4ff2-9485-42b330a85d9b,3.213950372337809,22.87953843595867,27.364384778021993,28.176244130184145,11.203887326628442
a6d3042b-2fd3-4695-a87a-44117eec5511,20.873263959722173,9.854793520670569,17.729448768544657,1.1801479900406289,2.3409811388093185
076ebbc2-414f-4464-8ff9-37d54ad14512,1.3241609062720059,19.359815532738324,2.782834557803837,9.929623772208355,3.5770242161731955
937c1250-7b44-496f-a2d0-537a1b303eee,12.525305848256828,9.761376190734161,27.82095818618175,1.895455287224955,18.617603577744948
4cf9226a-b2df-4b8e-828f-b0bfacb90d6f,26.455546524757164,26.828570456363774,5.621437448305686,27.990966547016846,27.945293573948497
e15a233f-3f56-46b6-aa9a-5af0e7420d87,2.122977861932642,2.6015909183474992,1.6908120196679053,23.240367814671593,4.877505853423431
75354937-3254-4cec-ab16-1d0da2fbb5f8,1.6841163911206738,13.58919226208053,1.5848720479840557,5.193610396745214,14.036767230924006
4a9c6fad-50c4-433c-938c-3fb4f62fe379,47.11520059904591,38.01594965209451,35.067187263278754,41.294138780367106,27.579479939413382
a79690ae-9791-4507-bf70-ca2c4d12d593,17.084437190307277,13.287942728926708,29.178167204454645,10.590047303587186,26.16701278042397
2da63356-ccf8-4df3-af1a-7d88b62089b9,1.5825120734067044,28.58319743493486,41.06840118627313,23.25998756389182,34.03670246782067
1094a7c2-ea1e-4c30-8a90-00b92f56021f,4.2131109340405795,34.42317620553378,32.904729328568905,36.438003682397266,6.056780798162115
f55e45a5-d011-4317-a700-27a797be7541,22.8157635753709,1.7372513871155002,13.304115352090722,21.069427661007566,10.289446241660524
25fcf915-69d3-4be1-8c9d-b97bf056cbbc,0.9920020598889194,5.912661287758468,1.9990230233068258,4.025393293878649,5.254730889669227
f83c8ba1-176a-4d08-a11e-c119c0f65085,9.216894719126575,25.047020934473945,3.049513736552246,7.013592329576508,7.537186227529983
d85b5172-409a-4a60-a475-5b3a891d84b4,31.00298019265869,27.40741248295261,29.096771906119592,5.527796047650239,35.33675820511155
11afb44c-63c9-47cc-9b9e-185e96f4d100,3.8327090662045693,3.3094942884304306,1.8906368635119852,4.487475017701197,4.32479518007531
8411e844-9c30-48f4-8d26-f44f6c6c01a0,2.0366537582012985,29.52544530532245,2.797723783271432,1.9904439974391828,4.702233797877096
e8201f1a-e59e-457b-9465-9b0a57c4a7d8,28.11161129038783,28.070835081492238,29.336232792999873,2.551931723264457,28.355377520049892
e17a812a-bf6e-4920-a1cc-d65c38580f58,24.98630286809969,29.300315934206623,27.520003523477733,28.35356599719431,26.103127411146712
6121ea75-86aa-4681-b8ba-b9e79d43d221,1.950802629864377,26.18979671399585,33.47423570551665,6.118758309153272,13.986175541449253
efc46031-2012-4b0e-a7fc-a372bf9c5e66,20.39166041116772,31.468121277758485,16.479958656042704,35.62967384490964,8.659754387166021
b8cec272-5d71-4bd2-a9d4-7db728ace290,15.645136790947479,28.121550310439513,14.882020008038845,28.31049693316492,20.04162911711516
9a28c1ab-8f3a-43fa-838b-509ce9d8962d,31.945444215940505,7.796035045096918,26.757060377469475,3.9866505465959374,5.1798828768385015
4cc085d7-ca24-4be3-a1ae-ffc5aab5ea0f,0.7065323976523105,15.401439910650456,10.751323439402281,11.33084769315608,5.074480504885431
13d65cd0-3805-4ff2-ba9f-2c1d7d24aa08,22.98889196860174,4.721126053800898,2.217586724277288,0.5023056339074765,17.694131944381844
825e35e2-cfa0-485c-8796-a6e1d334a90a,3.56953745047561,3.110475248513563,3.599795749603506,4.34013684171447,3.4607530159412505
c5b04255-252f-46c1-8c24-5f1b798dc03b,2.288369078273598,2.4497161849636253,0.5887460366566579,17.11057237540995,17.657565922260027
640af0fa-985c-42d2-8761-7db8786f8ec0,5.170381499010771,14.891195342717669,23.867603833430984,16.63046692074745,9.694104239858536
580915cd-17a4-4918-8539-d5de5cd0d19a,46.447595287046184,3.4281687773542413,21.3663057706459,49.185054421818705,23.322336640462495
0ba55904-a02c-4b23-a329-0f8f67d07c2d,4.430211422539884,1.6770407382232055,5.717273752765804,10.977659861224643,1.6376265686860694
2715d846-470c-4ba8-93e3-1e82705979cd,32.40397142519995,1.82502018664494,1.58720574828043,31.34106885108627,36.147384532107
aeaa8041-cfbf-4d3f-a655-d9ca8af8c410,1.7457598164446626,1.4175373753320795,1.8571747250552613,2.0561714240288933,0.38764544333929696
2ac5a05e-b088-41aa-bce4-29f7d395dbb4,24.033497319641224,4.899762282376134,1.4329165818747551,18.56871007539326,22.03019572806214
807cbb8b-ae42-4097-9ee5-6ecb13ea92b5,9.97927020198663,11.463119914975529,5.25330507584377,6.3888891512333945,47.1513210380415
d8cfc0e8-399b-49b8-b9d0-a5e8e482a0ec,12.040774254166486,6.070394068010526,18.76583276795672,12.815322725328251,4.954725377878227
e1a625a2-5fd6-4c73-a3b5-ac2a3beb15c1,29.553687748217403,11.557522560077874,40.032030623261385,20.456570679479796,19.762286105193276
7bd779c7-9b85-4d10-a484-b1a3473767e7,3.3818529879491717,1.2316664342843813,3.2658022900882138,1.4512835365503007,1.2199476824257471
62578462-1969-4caf-b47e-7f3097e7d269,9.575914617774501,17.282257854683,29.887002690105977,11.77271169508351,10.179023521684119
7366c91c-2155-41be-a705-0366ac7cc69c,14.163833795505408,11.407348867787142,34.08094915191376,15.07048621569967,30.545126601980805
22323d4f-01ca-4716-9fed-9032bd0439c0,4.103257753579197,1.6405070755170215,6.150887689313832,8.62327226788298,16.270296208514697
c6dc00b0-afe9-436e-9ffa-6b29c194de38,3.633622539764592,3.8783602706656364,18.228676983060343,17.19349744702781,9.225898959955765
80046f4d-c9a3-4b9a-aee4-26fe64dd375f,2.635375785504512,6.601365632623709,8.52546914835589,19.674575947237173,1.832190892784118
83c65a58-8d64-47a1-8abe-9ef12273f347,4.951724654524056,3.7586076225247904,33.2107602669987,34.980889460554465,25.818262135110473
54978dd0-5754-4870-94f8-e71edf54402d,2.7752484656908574,46.780720583786184,40.59471175825033,39.33047823689976,0.5981035199479061
fee7c8ae-1362-4cb1-a687-a9faea7d1778,3.0175751819386933,11.11900922256558,13.504010009506942,25.207870234467986,19.21089899736192
7b53b670-05d7-4242-bd30-97d756fb420c,3.04274706841778,1.6547756455065437,7.948038067816255,2.7720795844508084,21.39421325903823
f35c1b8b-9fd0-4d69-baa7-86152c15c3e4,2.158386410116928,18.557215451116384,3.100861533848987,2.639049073322791,2.631837135689519
4638df7a-0b3e-428f-a7aa-e9c2dac6795a,1.3632404272285845,12.119066219277085,11.58405301424389,6.767363898376569,16.235670576981544
37d21efe-02df-4e8f-aa6e-21ae251f672c,29.20683916531126,14.471642801867876,2.607205107370501,17.161922678187192,3.2447036306508696
5f1c8aa2-5093-4c4f-a276-ba2fe9e81722,11.355511476603807,17.490591951771137,11.228332717765781,12.541758341813587,13.52247944279883
1b3eb923-a53a-4a5a-b156-4453bbf0bb85,13.651256889832041,9.515525904477528,9.198900709026509,14.592526859940769,1.41294335166487
fd488aaa-fb48-4648-9a52-d1df8b5bc636,8.51658880926522,2.295861310030839,8.49373685962281,1.1091785258919618,30.92324126621263
1570c698-c007-47d5-a9d6-97f67027c22c,18.907737923076603,18.38852821994232,9.780823747194773,17.300800543427634,16.641675686358305
17452943-bcc2-4941-8f7f-d3169b671917,22.32103565789066,22.83027453868185,12.58965708763315,24.30601983126863,11.082497716801484
b65d7ad7-3752-4452-8c0e-e5468e2b9384,23.062516946097986,4.332295041794744,13.415168172652734,5.751801930361786,18.038944908228856
694d2ad0-d92b-4d22-967e-28583736d61a,14.423557710324516,2.3113064812824087,9.64639673009292,5.234617708806464,10.12270079303416
5ae4f63f-302f-4bea-85dd-561d658cea4f,1.2949666689657606,26.410980868702048,19.123986314810953,17.245467572821987,2.383194800262928
0ebd25ff-76af-4e9b-a797-740714668266,13.525574539427806,7.433902315400443,0.6420555728762434,14.289397358710314,7.316590169923624
f70bba9b-667b-4b8c-b0bc-7a52beba2a9b,1.2252482332782566,2.884048298242362,5.06822362044306,17.339211488342453,18.06226128882917
ee9173e1-e2ed-4646-9120-9ba5e804e2e1,2.3166843232894005,2.8356803834710487,5.1840295458450205,5.338903898366585,4.08689870824267
dd1675b9-9b15-4349-8a06-51b86d318ca8,15.542927011533367,27.74458206814613,26.62299099092418,21.584507482707636,3.189877466919773
31ef8984-487c-4f3e-8be0-4c8e536201a5,4.333896398854616,5.960304808818497,6.569696620696249,15.688347304328369,22.389124653752077
faf1069a-68de-42d3-acc6-afe1f1c42abb,10.69998927820848,12.280563580343609,2.6410589801939066,15.694591774536512,14.677188159270049
8ca97728-660e-4e35-9bd1-90594f9248b3,0.611054286646449,3.181575061120742,0.7075713270051976,5.85047780760061,5.436430210464825
04230f6e-2caa-4b94-9976-3fc19edbec80,21.842782132167066,21.795653185051524,10.99247141192365,1.272127058745021,9.485118349124617
c0b7ebbc-fe18-416b-8241-aa09370efab3,24.22899545937743,5.610413429532204,1.2420485553620118,7.373430798464989,7.426344784068776
f1ccbe4d-cf1c-4615-b912-86f0876afcaf,4.913165169094761,26.43177377502538,28.24711664239657,26.986102721154207,29.961349618001528
630bd51b-ea79-4a2b-acb1-ea5adfa19a00,5.691625573010869,3.8156981802424994,28.075340379123038,27.714671937924592,28.5283961180979
845bfea6-5cd3-41fa-ade8-8185ed3a73f3,3.588575414667097,13.927330543725198,19.448813232466314,21.498037407884755,4.8558414261663065
d43c3e0b-dea9-4817-a57a-da3d333827ee,28.683906026599246,26.876974914162496,24.044136120079237,23.007323364532215,26.490509672064483
551c0075-52b2-425b-9d32-7d9195b54ce6,4.439826848998888,15.097268431129901,4.398096606283012,4.043381036438174,17.6735796860203
acb90e68-d51a-46b9-b194-6ff508637fb4,4.432954907820587,17.88312696592047,20.419832233397635,25.67751014360687,31.856309438697554
0afc292c-e256-4902-8b9e-a09fc5c06d14,7.025515763219398,9.830826327531302,2.2381157352985985,28.656759192631924,6.272492472148366
40edb678-ecd3-480a-800b-e9b3eb711254,2.1400764662689764,30.861127549146655,2.6783844770451433,2.2081511335172106,8.315276147885127
034a8188-47e4-49f0-b231-501ad7ef336a,2.910648002479447,5.395180588806337,2.3418603034845518,29.69072994842893,28.09161466355794
6f81f048-eaae-4987-afdd-fc6ca3b5eeba,18.837897519957604,16.565653095868146,36.856431424082956,14.542921831739815,14.933474477058558
c5ec1a4b-e0f5-4ace-bb16-29b385d85752,21.789772216248622,20.37001014979323,19.170460603745614,20.712547719605382,37.185882364625996
7f809c25-7ae1-494a-b9f3-7e530734043a,2.79983261223057,6.858460426130611,17.921625366105353,3.7283365955857724,2.0474926766158896
661790c2-cb05-481a-bff3-05f5aaa6f9e8,11.410617794126823,1.5981318218386886,28.403832218667688,10.752464874952167,19.51424057675181
9737efca-f92e-4037-b3fa-b13502fffc13,5.067435019690678,2.527387698003027,7.584823412868146,9.873779646601403,4.531370079096627
a08b180c-9530-4587-9ddc-442c76d4c218,3.231151803010708,3.5469616772136967,3.6035373771224952,3.607414881661958,2.008352891684397
f7f7ce4a-da54-42fd-b365-339f7c665502,3.0351188153149877,1.1749424086405698,27.43144528711103,10.414459878510414,29.652189307449827
0bac466e-7faa-4091-8cfe-157f612d1e55,30.257473640241706,5.653651292118271,8.617757064759239,3.005363898785702,18.519962881853445
6eb3929d-3cf8-4475-9178-464486e83c16,1.6371705996009251,15.817260330031722,24.63758758274179,8.797970733161938,24.254280925845954
158daa18-97a4-4f41-9b16-654923daed43,5.052743203836295,8.568404262289754,13.531025792361898,5.243384341367317,5.6655870469998515
fca523cc-292c-4c83-8d02-7f140fac2512,2.396202467577037,4.889416237459372,40.153140001749314,15.409388952126886,3.685824885853122
700829b8-17a5-4721-9597-aed2f2db0788,2.2102920569769378,4.461021118895479,4.2045212457235595,5.39957217914592,5.796054513729124
fc58e027-c314-4db2-bacd-a98c4c5e897d,12.963817687280159,14.582357156902798,2.859077619332829,12.47908904571214,0.7632952952893448
29985e36-99fa-4b72-9fea-49f8fe70e044,14.528221630937828,13.754775854949461,16.077025419613076,16.183826171405034,3.8928399588633567
58ae9ac0-5a7c-4f4e-9c7c-9d11e23fda3a,1.4414792648903505,18.09983460095264,16.74582557045147,16.490945329981813,1.0915641707304122
c3f03472-4589-4bcd-b703-3eb1eaf58c43,2.2626800008304433,31.73689004080931,24.68928696153962,29.10058166057824,6.0511251758344216
6b0837ff-fdf6-4a81-a2db-e668d91ebb0d,1.716522929088466,5.0379683632455015,14.55820022953928,4.446834178007622,11.556310883681737
83795ffe-f458-4771-983d-dc68881bb3ed,15.887644188131762,2.004574765715279,10.325339003144542,15.413348804987393,6.413787144340054
3d1b7ce3-bc03-44a1-9934-47a12e1f6468,4.911266539103024,14.92799496979655,15.149855940249987,21.50734887335998,23.313742990858096
b4a18b51-6db5-432a-88a3-68aca7dd9338,4.4722713497051005,4.069224626162272,5.410988503701841,9.99386415653537,5.469759256105636
a81480a0-8178-4381-9b37-a307cf4197a2,27.77011292660888,5.386644715234557,27.557314936016102,28.033811158993196,28.80128078104215
01c4b3dd-33a4-4037-bf91-a225180261ad,17.45078280744548,1.3248369486536304,19.394879355056027,40.71473172672274,5.6870108880510895
20f9e1a4-2d9c-4fbc-84eb-575224b63990,2.8816701240297817,7.894120704724799,7.571766347285012,4.921362029928872,15.501608908366872
85aafd13-4b9c-4af5-b020-8970d0eea118,2.4746913931095476,3.1460167870677065,5.278916793755965,4.746841001697398,2.3576731476821857
6f705a47-b33d-4d43-8c90-3a97dd3856c3,5.238905567978563,30.401160875945166,20.519330243540082,29.746093143178435,3.3939871625980134
8ce31feb-73ab-4bbb-8202-026d3bddb5f5,43.77212477662556,41.93572121929487,32.2756120687168,44.0711377677838,33.360466880552515
7d3e9492-dfcb-4aec-bc6a-cb15fa793520,40.30802116268989,31.514765797429195,42.303406624779136,37.57328048337145,31.795342899048944
f54344a5-7b31-4f69-ba95-ea34fe5b5846,15.035535345392846,14.05373522236227,24.79086428732632,15.371585855751997,21.199319440219142
2282d693-e9d0-43ba-8f63-7f90e077ded3,28.80810916723771,10.997485506501146,17.501677989180727,16.343981279026508,14.403614000373253
c304c934-16ac-439a-9105-e6f9f5413fbf,15.477945593621559,14.86183782880473,15.590231032313643,15.039370924723148,16.32502160241085
26df3683-fd08-4032-b6f4-a8d2c52d6aff,19.92852369182588,17.759676168786186,18.58787254404509,6.451210891911639,20.801141197420506
7efba8ed-529e-4ea7-9152-b5b6be777dd4,23.217015426330427,23.657749433977195,23.45040869552855,3.1648340479956096,20.176366121910977
96197fb1-b168-4e58-bb9a-762f615097f1,15.84616741983265,9.817438325168268,14.605228055972292,18.191514628277506,26.608837659654203
fcdbfcc9-8eac-4d89-8b3a-570e77c6836d,13.365344791498869,13.444860695986009,14.523143141444786,8.464669556287255,14.761569829551972
ef900bd5-b4a8-4e73-b157-fad71d594cac,1.8064284984926497,0.9672233122840147,7.648890926309382,3.2561295040407034,1.8859722556874312
0e606a28-e0ff-41c7-9f94-7d265d76138a,9.580399798807749,24.4820667982101,14.793942977436227,18.211948877617182,18.87713423768658
94f0a97c-4e2c-4803-83d1-c2b74379fcbd,11.939619721053782,17.390461085472474,18.518417083425515,8.422761149138317,14.155674471481422
c6518c05-37f5-448c-97ed-fd19a35bca81,21.668923454494667,9.263844306093404,19.427205993247696,12.848070366916499,12.990934163835618
108eeb60-2a40-47a2-8422-6bda9bf0b724,22.97315265033735,16.57630169123788,20.553853507701493,18.665142554346673,16.110339872512206
df3fb272-ad44-47dd-80da-f022e1c5574d,1.9009977199520247,2.1017339051086426,1.839787868565228,0.8573573710886518,7.698769436801989
02f9eb1e-1b4f-41f3-8c6c-3c627e98943f,1.9286380120939022,3.0603764413638284,2.155996508639908,3.222914787160183,5.724928598609399
f835be7d-ca18-489f-8a1d-dc3bfead4eac,2.980266848287944,14.571699893733687,5.109773070636498,5.114453729532123,11.005156351270363
2c204654-da34-4c9f-858f-93b7ef73dcb5,2.2473413646902722,6.017828671487699,4.865084403858063,3.3344007424731235,6.848716596983076
16367343-96e5-4c09-a20e-b2b2dfdb60eb,6.9370924171330035,3.2963481435082675,25.109825451652668,5.196353739404571,13.925690987528542
7c734050-d0c3-4fb0-9ccd-930544ef09bf,1.9135929551309445,32.207243836835865,30.037723228103957,4.497345950901533,30.069851996657018
a04c167d-c32d-4ebb-908b-aca29ddac18a,2.046202865941285,29.451014872287253,2.9485221165273936,2.162645227389349,7.114655743024072
7d1b8fca-59d1-45d3-8d52-5314da7eb27d,6.872792636300839,26.224312490584534,3.023269076285776,20.563464124161577,3.2271583469116383
ddaa2f92-e2be-49de-a29e-c990487f5016,0.7920332246159265,23.09199618062145,20.90264010918299,18.59489282025306,21.753021616643387
0f512999-4d92-44cf-95d4-a7b2e6e87dc2,2.23724808827948,1.0834703777638162,14.90145434323263,20.718471182999775,1.2788573845611453
8c21b745-f50e-4793-ad98-8a847b717fc9,9.149013177795,17.490995583567788,10.808646708874901,10.974470170343796,17.428114777074768
009b0887-c329-4f0e-943f-87c3053be68c,10.534643243753457,6.346136657932638,8.17587182675403,20.4883619844899,18.645911752242874
6547540a-b526-4b82-8527-3b2901cc0265,8.980535375827957,2.9082572743399346,19.577266542916057,13.543169684671987,5.674100946761007
93ac69a8-2099-404f-961f-5b663e7f488a,1.8963540873991678,8.133849771330251,13.260563653950738,4.64651568462113,12.883746504421229
134dee7e-1941-49f5-852b-3b8069d2288a,37.95990938231748,42.81168277817469,37.712057961006884,44.85924482220773,22.609727230289597
5872d087-b57c-44a6-acf6-a4f337b28da9,40.097692268900175,48.308397645830226,47.965265436950816,38.82435608121339,44.40633656582061
d291363c-38f1-4348-97f5-73ee2d9b52b4,35.11922102984598,25.989655263021,24.15751631052389,39.293476165989624,39.83027360107475
c34068a9-b54e-40fb-abfb-7827d3ac3c33,4.636773235242783,19.389394375634716,4.941688501736758,6.748586031769025,13.504955989928263
c513e426-16ae-418b-8a7c-6f64b8c85be6,2.3925875840638717,1.6470863994643494,3.655231221540735,3.2754973720609506,1.7381369110373819
6626c4ba-8a16-47da-97d1-504f9d339c11,30.631866781885492,9.305063144606278,15.895077161331471,30.353164374043896,20.48499329005913
d5e081b8-d455-4eb3-94b5-7c6bf73e71a0,1.747070475120541,4.668203644059784,5.760772975726285,3.355707716522489,46.38768354640696
d41c0c24-f2dd-40a5-960a-8168d045accb,5.569071719156285,3.4584951856424393,3.962641440695024,6.637761866045986,4.241472098203548
27e38803-92e8-4335-a2e2-8a3542d632af,7.187438964094685,6.75394418840561,2.9810071635816486,3.9523457251964986,4.789423124598816
dc4f6403-601a-48da-808f-6185f00bf2e3,13.265718925465187,34.20103757392829,23.418529703435915,17.61482510676929,18.964326621574912
557dfe2d-fc56-4f22-89ed-36e03e89d1c5,18.39328235100646,21.217625060630805,19.4373992071381,19.348379117966008,9.718158308636045
0e3196c1-45af-4570-9f50-4f4e241c26d1,20.484246291844876,21.231873053932123,15.812217021817546,18.937363371953474,19.318755999819523
90b8eee0-780f-413b-997b-b6a4c062e64e,7.523474371888261,7.1082604835412955,3.2769169394447464,3.9920573154784496,5.1248381832232806
c0d7e665-cc00-4749-9763-4889248ef889,3.0971823878482203,5.195690270412737,3.582483819483095,6.748304222070892,4.320478259574008
e11cfd54-02ad-413b-b729-a3c1780fcc80,30.59557497953973,20.836880923096317,30.33782707845487,9.595966772786486,15.484672153251339
cd12cd8b-c448-421f-a259-0b3e3b16095e,2.0795724231775914,4.631778063887856,6.166296022686179,3.789086162128009,10.42743587268803
34e3550c-1f47-4927-a1d4-248714093d26,1.2451532551560103,1.9923271074821238,3.3051826778281694,10.2615135253257,1.457611369381899
3f46980d-fec4-4d29-bbf1-3b46dc0ca52c,5.473227171430178,31.241974700406416,24.456939980875138,14.366143095742986,31.563939682455825
647251db-aac5-4c9b-b078-6c7c56dc0a31,12.610430472484548,4.515748068692918,22.232790171916655,26.882944148623494,25.709291228789887
6f03c224-5434-4119-8001-7c55fec61b66,9.47915200221215,20.969367145328533,23.507776618177267,21.467113913380068,19.051851634858085
731d902d-5203-469d-a552-333bbee3aa2a,3.3685310778346382,5.850671171047848,22.177065275092605,3.8508759371140937,16.727861953753653
f12d573a-02f4-4793-abad-dad957c3730c,7.757507693962589,14.274505576205346,7.802734229120942,8.01445880998879,9.868076215988204
182e8242-92fa-4060-945e-d6067a5267e0,20.670028240171177,19.05318902994335,19.502737089404228,19.72721761390303,19.380060187381794
be082bf2-a148-428e-9918-3f4719401f77,14.72150141513394,44.33730550455729,17.329819244312336,16.948449623515867,9.02237644027518
d32cbb39-ab19-4f04-910e-30a10c930082,15.76876634240846,7.51228619940789,17.60781387763796,13.915457063613694,39.1492635697051
5d6627ae-999a-478a-8407-563feba81c94,36.95816360444893,8.880690937980553,15.501220776825313,38.069745341862486,18.486556384936083
82103c6c-2bc6-4362-81c0-d9ea6e331714,26.32627785596216,8.88786746314116,37.01825763449314,35.960014469220894,36.57569183553645
4d63be37-9c45-4ed3-bac6-e9ab39ab51d4,16.73024059650612,12.786010146836933,38.55552302615824,18.28084849140401,34.96685268181431
537cdf42-40ee-4f7e-b66a-91d8b790733d,13.559082690025303,29.55085113509012,11.793123603024394,30.545054449883374,8.412462618242579
805e76fa-5012-4876-acbf-731cf1199249,32.524492075164844,10.142050199452003,34.3969648264695,15.856687426297253,16.887002876482498
4fb4c7b8-9991-46c9-a8c9-7b75dd09a0fe,10.44158962205086,5.67138246563041,11.539530496815146,9.526856157346934,11.54626761356836
