2e7eeed6-f016-4c8f-a392-e8e0ffa09c64,0.6613400642877121,6.613648201601872,7.993320473428032,13.894180510488765,3.5148488157540805
28ba908a-bdbe-4d07-85b0-472208aa198c,11.148159805194124,3.8086185915714297,11.035242568575066,2.133337899158811,9.829248005620196
b2eee8c2-68a0-4898-9809-4b6e2c1cd440,10.6240262265974,5.102098868421598,17.519798138996695,7.639218692725031,3.5725374243205064
172df1e5-97ce-43e6-954e-3d519746112e,12.660874469337948,2.049750891256421,1.3668325584769183,21.998246619474823,21.998246619474823
3d28fcfb-33d3-42cf-9832-f8ee733b7d33,9.779039622677502,9.779039622677502,8.627511963820393,13.771079490792921,40.048146761720986
1325bab4-7248-4fb9-a66b-1544a079d5cc,58.15872866667186,29.17383400530303,70.75745748002174,11.100699643871392,11.100699643871392
f501dea1-08af-4565-823c-55addffc2f4e,3.349607540085011,16.6079438166435,16.6079438166435,12.258238566475102,19.182265594491533
c350d108-9ed1-452d-853d-aeabadca138b,3.2940278210075618,3.2940278210075618,4.69874716319179,22.555241654517467,7.008812199980545
70775176-fdfd-452a-8593-a65cb5de2bb2,5.961674421128151,5.961674421128151,13.18389018015931,13.611097951230645,4.385377935343787
4d1cab8e-f3b0-444a-a685-add11ec40267,13.37858439216403,13.37858439216403,6.099065460074031,2.9396618382980932,9.499996908785265
4d815e44-0888-470e-b23a-5440c7183f7a,12.807660955293828,8.265975823240499,26.78670926316529,6.123242571635207,6.123242571635207
6b1f308d-2837-45b7-bcd0-3e921e1ae6e1,7.310691636593578,17.212086165054483,2.7428676969512575,9.612877623118333,14.789964451354729
89db8fdb-e549-41f4-bcfc-7413d0b81349,9.379571729635698,14.77420122679359,12.863993104073009,39.88416519961037,39.88416519961037
88dac0be-bf0e-4932-a521-7da38b233b0c,12.792331296049188,7.144488350204264,10.454262130111859,4.329301373144735,6.6572522436181405
3085983f-5162-4ab5-aa9d-4c3d493d254b,4.973117233043948,17.51265511745336,17.51265511745336,11.55599748554417,8.927100969389025
5133015d-a428-4fac-8ac8-153e9094d0c2,54.273899022560606,17.653463543597066,17.653463543597066,3.459270408312482,6.683562736420363
59c22bb8-f2e7-4ce4-bedd-df05b683b168,67.59973746690922,5.090899251506978,23.282923215181967,27.02488447240922,6.261608537365494
68123624-a9b9-4de4-889e-9782edab1f3d,19.580630884384277,19.580630884384277,13.451217377316077,2.782102506696842,10.901748705536571
28c6207d-a1c9-4306-bd8f-ac84549e1c58,1.2849647300564524,3.959101516137198,8.968908949237731,2.023869409054249,5.912042162762385
a5e001af-ffc8-417a-a310-d506dae5d4e8,0.05906134875565851,4.50381586321286,27.153443162076552,13.963306385382316,13.963306385382316
ee4263ef-324c-4d3f-9096-f1f8dc5c74fd,0.3412466323587704,51.031927936849705,12.218875924465346,12.218875924465346,13.336765965652
c84db741-4332-4636-a42d-7ef93a3d510b,0.5150907547938534,4.379398461525661,12.646590073578906,12.646590073578906,10.022622042887749
a036d33e-0b3c-4a0a-ad16-48f5139f8421,0.9275423542513368,0.5300173803169905,0.5300173803169905,8.997620888399945,1.2570973213935472
019441cd-3154-461d-b523-b9a04aa5f522,17.253831779630385,7.860475687279453,6.784262866132582,1.9346027191629318,5.060796621822979
c1abbaa1-071c-44d1-989c-471d631bada9,68.45038594878393,16.07535198739749,4.980817473546038,59.09933164308431,25.984136275528396
ead7d5f7-2488-496f-b83e-18a561c28a61,12.011606543024355,26.5345471600181,2.4636199223518163,1.5073766719223216,2.273970819041629
7f0fe132-d622-44ef-b698-4b060f421401,12.694637376645883,6.563653824286791,3.903831661841249,15.452207975753472,3.870077254648916
6d0dc6ba-df02-4444-824e-f6935487bde4,2.808959590617291,63.679526795242964,9.377036859879125,21.55958698844676,8.298039338037201
22f39347-f58d-4a08-987e-0f5bbd7d9c30,5.617614167122582,61.61263194886948,9.193310135188934,64.99303795309746,5.764234979043381
0bf51633-6669-40ae-b0f9-13848d997f87,15.258094875761934,15.258094875761934,12.293239745015274,4.64877346414233,41.11460804355346
076e9015-fd2c-4142-bce4-ef6e3bdca362,9.6636442869846,22.40363181047387,1.9918544817523713,63.492241045986944,1.1218509855957823
39f33a7e-360c-446c-bfc2-8dc1fc0a8c63,15.056251558583197,17.94347966715638,5.069776404834787,11.808551504933748,11.142561012766144
da59fc5a-dc78-4608-88da-4fbc54174437,7.501553835007582,56.74302462694803,10.656590646111535,58.39570691256018,8.871869706238106
083fbdb6-a3bc-494b-8daf-cbec863291c9,94.2819002566261,97.36042602248692,18.166110024357458,49.90862035543205,29.900629524413723
83f6c1d3-a60a-4999-bab6-69060880df13,78.36212448810222,15.42194279274768,1.467790061710771,7.345199821644643,3.887505911187741
f26c2378-0720-4e86-b0af-986bc898be15,30.265524033286418,95.25996386502239,20.978356164655942,6.0651904159142385,6.0651904159142385
4463fd39-0be9-468a-8743-bc48f694b268,9.02226889088185,6.358492890040737,3.4867850006805385,4.047531112800002,51.231974576657684
9511795d-6c6c-46fa-ab41-d495d11981ee,87.40632198851326,4.160640510246592,88.32907806849148,20.32639816805538,12.936426639536519
ed65d2b9-6a61-410e-8464-05bca3e9163d,11.533518876057752,11.533518876057752,16.45563059393916,10.847396750430395,10.847396750430395
fe77b8a7-1ddb-4cbd-8432-f2553c88050e,74.94653322261323,44.83960402669924,1.359929521903542,0.191638591392624,0.191638591392624
ebd6ac5f-794a-441f-9c9c-cf311326f2e9,93.57526077385836,93.57526077385836,1.6714786849382275,0.13393285020148912,4.034356612669354
dcd165e4-a550-4732-9eaa-4c484a1668ba,1.5157819186746164,78.934553097977,77.70203137417985,0.6090871414797921,2.736744275787843
94f9964c-7c57-4b91-bd4e-f83e0b7514f6,1.636866210358952,2.084932591963429,46.36419251303319,38.386976739748405,38.386976739748405
d72bf8d5-49fb-4104-8b54-32ce4fefd8a3,64.8615448383117,3.5096657521393326,9.113555474989418,70.74272293811781,24.37258329875876
952e0462-2aad-4d7d-ac68-974746ed50bb,0.5166832758435749,3.5801056214556173,3.4456291589448824,4.849758031895586,9.164276090170134
30417072-8a5c-44f1-8108-b885e55c1158,12.57050238147065,15.459785894211498,12.465986486344288,5.014672802447508,14.354864616005178
d92c5402-4de2-4e8f-b6f1-7d5fd71552ea,4.001126480541935,8.092811650023773,12.956803382811401,48.679551884251815,7.050989669746888
9dfad59d-1625-4e1a-9bba-2c58ccfac43d,2.1074505390151232,8.508583654164347,19.403906866591157,12.412433540093788,6.037413554738898
8ea335c3-bef3-4646-b8da-d12c554f8652,12.345527905632236,3.00772726330869,23.929478238104334,42.85454649890212,2.6012478312127683
50c3dab6-8bd8-4415-8684-853f4d98d7f5,72.27485625239207,72.27485625239207,66.72648494832717,10.40035977411668,4.6206030375673715
f26f2a1c-1066-4f80-ba0a-821c4eb1d2db,95.63778549553096,30.337722323928773,21.070308076141366,6.1577619056845405,6.1577619056845405
42f271ec-2dcf-42f5-a869-ac59fcb66b69,78.57561934572634,5.284409343091131,1.501921420863106,7.177277379001034,6.4944376914370485
43350f55-1c78-46a3-9b82-f76a75a27693,94.23081460195932,9.541589784402625,49.858294376413156,4.420097624810435,4.723033584000021
8710a546-1618-4722-8838-b6ad91bff884,9.289785905203114,7.050144493110348,13.74119089019709,8.74591808395164,9.02563912933542
c160362b-758e-4677-a07d-c0732b649593,88.3294135880823,86.08839959207091,8.676931361404172,0.5078728931200349,35.381210462705795
66e9d17e-e0bb-4adc-9dc0-54cc451d5214,9.818697168237568,80.10794853253228,2.4021971650974434,2.4021971650974434,11.215436907421456
44be80a8-f3ea-4da1-b958-b5d2145c225b,1.27729395261373,29.19776616071673,5.228518368112109,6.214098723306204,7.4904721715738285
41ad6aa7-2ca3-4059-9a8b-b46a23906c5d,91.43282096315149,88.93243252637072,88.93243252637072,84.50893304838853,85.45607152733851
4b417e69-2a02-4d48-9edf-c7e2cdabc950,63.05467795584201,24.72853582736119,85.13502636258508,15.752844488547545,5.457547378439787
4a1d78b5-ca51-4658-8198-84d7e2ba4669,10.393988215993888,3.6550808273712785,64.392313368858,6.836317794480999,6.836317794480999
bfa6c48c-e1d8-4ed9-ba01-3f984fb27d8f,16.796717225650323,18.934626157618908,13.558932608325735,2.151316087100757,48.74090610465089
d101be6a-09de-4d05-ad91-ded55a496f5b,6.282922401448973,0.3564081018895647,18.16935664018169,3.459569835667338,1.330569092819967
c8d8d8fa-7227-4c83-85a1-cfbdbc08fd75,9.116820504696847,1.4628422382854687,0.19652154275011582,0.7151979060297635,1.0773420818523998
cf47a3a6-b71a-415d-a6c4-96b1eddc6f96,0.46940558401325555,5.349643102293667,101.49111318780763,72.6333309772961,2.105819464805412
23528451-790f-4845-b69c-a8ff485c7949,6.436737122153438,12.016873426206274,6.133103638923493,6.952311012326162,15.058629574974818
2f38bf1f-c786-4add-bf58-35449e84f955,1.2829898677230098,5.460655204081814,83.7387136267073,86.12458714764834,23.730032875510254
a62bf665-fd59-4f52-a682-d13b8ae444ec,4.0744596449397985,58.518314600967656,4.536790048315705,0.31023735777021316,62.375699619494185
eb316ede-a55e-46a0-95b1-3bacb0466c9f,5.136370384151752,13.038795691393776,10.962251471309509,35.426080022052346,17.658217399432306
ddbe1055-be68-469c-badb-363ca360cef6,4.657498742509285,1.2523609388314072,15.99118378074933,3.194225698767677,7.749030027885947
fea8a829-740e-4a0b-9173-8f342be97b59,2.6579606281105836,1.399063590305285,1.399063590305285,28.064082318261157,43.64742355478868
c968bfb4-f9cc-4b4d-a669-51b86462abe8,5.2431547123661115,5.621226122810678,3.5370673533406967,18.049401048952753,5.702719040796431
3e993c9a-e6af-4c93-8137-8b3d24b39f2a,3.8984469652724827,59.12194864775788,10.44860127190325,10.44860127190325,66.86170097019293
0b9eb4f5-20ac-471a-9d51-0db326fbc0d7,3.946057103859779,4.168052283535562,5.851865127547774,5.465405386326419,5.465405386326419
d621bbb5-c98b-49eb-a651-67ae00f1d215,3.663540320258215,31.13529181902021,56.40470264598417,5.620070085814131,27.260083097877125
8d17d7ea-a48d-4dbb-a664-16c89be23c06,4.469968716972147,1.177329676889006,43.036140007281816,16.87656747531156,13.549236786454887
91785c99-f4be-487f-9170-92bd3e9d8b2a,22.025015907287298,22.025015907287298,7.307815143937388,7.307815143937388,4.800103112230131
081dfdf7-1451-4077-a0e2-36d5ad020d94,1.3645793103334056,9.18798121189807,9.18798121189807,2.044834796774854,1.2789805094387696
f939cd69-85b1-481c-bdb6-3ebe84747de6,22.806916191967066,22.806916191967066,24.587706673781085,9.772029193028624,4.1849529973083905
608326c3-06ee-400e-bebd-e571bd0cbc78,30.680507239588415,5.481360970644497,4.613659591413321,6.163393088191773,6.644445616778935
ea4dead3-1def-4abb-817e-db217bb4e2b8,57.68753314878854,4.709467327319981,7.12098997400422,7.12098997400422,13.277321408806428
31ffe60e-58e6-41a5-b356-5aeb7e4a41f8,4.6028823364642,1.539173968113806,7.757459135231301,4.377083389298699,2.855237068922445
4e85fade-1ff0-4bcb-9dfe-effe7ce9c642,3.1102540730974626,2.4937870974027647,12.51462527620699,5.997048810262154,6.001636242732251
35e4d320-e7ed-4b7b-b0ce-f85ab289d80e,8.418692003878112,7.6522669624407165,2.7783375888050568,15.115005097107714,4.739119759224168
3f82fe12-0f4b-41f2-9487-838ca8aea716,9.134235405013149,18.99921271753171,22.12329782497304,7.757824884550727,35.20888747369221
9043824c-fbd0-4652-973e-de1a133861e6,1.8867749833147933,65.52931972735024,19.213665005390258,6.1247881306587235,17.700520780602147
ccc518e1-9945-46e8-9bd6-4a9d7e9a5a95,18.487505661524263,18.487505661524263,29.740573307805352,31.066550083046018,31.066550083046018
1458cf3f-2308-4747-90f7-18dbbc0abe6f,33.59032111255171,28.080539686705364,46.99246558635175,78.53292499657212,6.653869446065357
06ad8444-60ff-438f-a983-75f58dbb9516,11.700174815819661,11.700174815819661,4.439459104939206,3.5491994903158313,14.385475571816501
b4ea6877-4d5d-42ff-92a6-1822978b8eee,107.63621263603956,52.61626423280205,52.61626423280205,67.59630501923114,1.9500981938302677
c0189fa7-3b36-4624-8e8d-2d84ffcbbc5d,33.015949290532234,36.526727688843934,40.97664527859317,40.97664527859317,37.5631282223751
6e82129c-a789-469e-93d7-6e11eecd9f9d,15.616099191877437,7.485056445683368,15.204154210011003,5.720624957212269,17.37242524736013
d5a39edc-8e1b-4ae9-acf6-b4c053386f18,1.3085341747262065,7.000979866601322,7.000979866601322,43.26481108055603,84.92486647943917
ab1024bf-f8d8-49f9-8360-4078af605405,1.63822663296623,11.547720106435476,5.577046414620226,5.577046414620226,1.7100098653174074
b9034c96-2996-46ba-9b6e-869f8045f02a,1.241803426400485,2.052257791159186,2.052257791159186,7.429850181382474,4.510262279612902
edf7b8ca-a429-496f-a452-0693f812efa9,41.4360450730486,16.160412639216286,8.364854905120453,13.59122605857002,13.59122605857002
acb0e299-97a5-4c41-b3f1-64cb21806fef,2.7640787853023823,34.5428849984178,34.5428849984178,6.003312144390176,34.042751290965434
d69ccc54-4572-49d7-b658-4c424759dbde,18.539756153188137,10.864195157790427,13.590421651732013,13.803746848933892,13.803746848933892
e0a27dad-eb36-4836-b087-344fbbbcc4c4,3.5691442662767128,3.9958174336930847,3.9958174336930847,80.80243632350171,4.208227158500952
ed8a5e11-46f5-4601-adeb-f878951b6151,36.386607822512715,37.95002676827642,35.83687890822766,34.934000284864425,2.006119295241833
f646983e-5008-47b0-97dd-8796e9909f4b,1.4157271032969398,5.685337531513576,61.52698002966871,15.598412441785806,86.75828170999405
4486a182-6aaa-4131-8ef5-141afbd965f4,80.01668288352573,46.80927976562157,31.01656241373089,9.549024438806189,39.748523850987596
84471902-8943-41c0-8f70-bebfecb9e274,10.276837971001145,6.012434289744221,9.811930323243546,90.10393872980511,105.02599803930305
0a171f22-554d-428d-8b8b-da8be1c1c906,20.686152293180616,34.21142552510711,9.347372461837347,26.201086934115754,9.85164487039196
ae5e64fa-9b94-40e2-893a-679bbffd8685,97.10832077694974,1.278424182294349,1.7057729438039795,1.7057729438039795,1.764517428969385
f67c75a9-bb8b-4239-b4d6-5fb6944ad7c6,12.76363519837335,8.438898384547965,12.987274616114027,28.22753060420166,5.854558829641349
047d2a72-3186-4d57-9832-402bd10cd169,6.747903495356783,47.38963167342342,12.741285127620955,20.17352647311785,20.17352647311785
5b6d4289-02a3-42bb-b5dc-25174b81dc65,68.78215704553467,68.78215704553467,57.44114577684817,16.22180546491551,16.22180546491551
4ca8c207-4fe7-4d2f-a1e4-b862454bb756,5.068477191734526,0.5679477888881119,15.021814993467629,0.9123801661756239,21.05834163157724
ebcf4773-e7d9-4f23-b0c2-7ff96e0fa197,33.318302998465036,33.93694814306852,27.592718766377963,30.511024915143004,35.45239693253622
78abdf0c-ddce-404b-a160-f9a46b8b4757,40.51732560401148,2.413376031581064,2.413376031581064,3.724637443618876,41.59816743984904
11e45f69-b35d-46f5-89d7-fa594b9bf455,88.16191113254035,3.8269754594493035,9.781114999336305,88.0004749209473,89.55691279079063
36618cf1-bf02-4a2d-baf9-7dc591c4e174,40.44299990488726,96.96969507153175,3.252884733955082,9.055743853595173,44.46511827199439
9a925dff-949e-4078-a5a1-9beed5014f6d,8.791014102044505,21.293120684722037,9.280611032700518,9.280611032700518,5.507830898872819
8b4e6ad6-bb97-4a21-9829-8c557e4fa918,16.198309424277074,71.50102802658289,4.222411002241483,5.644094995833798,15.426719323044388
727da620-295a-431b-8755-3489e0fb3fb2,16.076478379278967,12.921567316558987,11.063941977569806,13.341731214049327,13.341731214049327
37c59b72-a1d2-4037-b9c4-60845462476e,2.395522240621071,4.356323771254036,51.66301702689203,9.753787972989246,9.753787972989246
5368556d-719e-434b-87b3-2d4ea1847b30,63.19116880057484,14.801048846847719,1.3041723304066803,57.35918878123729,12.523511959920706
f485950f-77df-480c-bfa9-f65099357558,10.158539955325452,6.341455293699115,3.825108283585004,26.237346425896572,10.853966950933806
e9abba12-8039-4d56-9269-e04aa81721aa,7.213027366119028,1.3758705662916086,1.930917745338849,1.1452087408250846,2.327019375155382
26047c97-96d2-4a1e-b447-676ab1507e85,0.5398558849920255,14.611728123154743,17.576992690025264,4.895136068585844,4.895136068585844
ec8a8091-52e4-4461-a4f8-a2b2c25670a8,13.487425490686396,0.4034184377188103,54.41926059129816,55.31671891123005,0.3738913040974963
788d456e-7e10-47d9-baf0-34b23b994071,1.8940730089753988,6.370551682352192,9.171768426672077,9.262908881004558,4.395237840175241
03bdf5b2-82b3-4f1f-aaec-f71a836f69da,3.8627073814243245,0.7538028914717797,1.7917397033650808,16.451487320811943,7.167818675838801
9ef051b8-1eab-40e1-846c-c7c05d088ef4,1.6894824396540433,15.58202253345602,20.19018758998895,20.976842848918785,5.942770018792297
93a7031a-e774-4129-aebd-6887a508cf99,4.595980416556129,6.193112503123521,6.193112503123521,72.47395408059428,72.47395408059428
d5a7b11b-83f0-4cf8-819f-fac7f587318b,6.460281942533847,20.897103792248046,10.881401567657408,20.60655708315168,13.574216601765018
e2d1e3c4-c53f-4811-a349-2b1385518c2e,0.6706831701646909,0.9721475679215528,1.984815025715884,12.195683217080795,10.41868258925855
74a40563-bb0a-4d5f-8666-2f8d48491999,12.36413272175786,4.575780083634325,7.565041849588898,7.565041849588898,7.433111674412797
2e840179-2d23-4dda-b751-e3e9ace569ed,29.689297869562065,4.698868782510818,35.14785737268143,2.825718559797963,14.320701823262421
36c8d3e2-4953-4665-a3dd-a2fc2204ca00,17.670907712704455,17.670907712704455,2.824144681699375,47.24995833486973,15.298099908713848
4200b42c-e592-45a8-8624-e36060ab117e,9.508651196543882,9.508651196543882,14.652948734725333,1.2923024833545664,10.180798454244824
0bad6f0c-0d9d-4ac7-b311-3219798d781b,31.860850067742398,5.048975094834914,17.981082115386407,8.775101010578968,52.285307006487095
38928928-93f3-422c-8389-8b4958b9262c,25.53430042586318,30.617596667746643,3.056983351350298,64.57530659788515,64.57530659788515
cb5586a3-119e-491b-bd59-c59a8f10bb4f,1.8742613686547989,2.9837725657053356,16.245064163786253,7.187066949892822,18.7202982217734
bb063cd0-e0aa-44e2-9486-bd5d29e563dc,41.92111716759344,9.312765487215698,37.01053430112862,37.01053430112862,9.798192735920955
55974b94-2089-4844-8a3d-b42d592983c8,3.1881366043533776,3.1881366043533776,13.717240212483159,2.2137711944143077,3.1037081994473663
1b35acb6-d4ae-449a-8de5-c61b937a26ce,14.93792333107979,14.93792333107979,6.000328535674999,19.932356038690987,8.17734748567805
9288f564-6fba-4833-8823-9106e7beb8a3,11.098554701991224,5.078970774284153,50.998153042845985,3.0100954551631802,2.413234157296695
90aeb077-b449-4ba6-ae8a-dbb9996487e2,84.58366552212699,4.305536898981734,1.4273816596428461,84.79661649612935,2.833733450559912
c6ac8f14-8d93-49f3-a91b-ef0ee1ee8389,2.3635344303157457,4.632254506080472,4.255188193572715,5.585140473628473,5.585140473628473
eb1c424c-50ae-4fc8-8b9d-672b60038246,5.264851093389691,103.66458798784124,106.00690509770199,101.96262796517057,100.24618722571982
595f7289-0095-4dcb-a84e-c08452a197e7,6.790740059666425,6.790740059666425,9.503847305068438,9.503847305068438,21.12502734459342
0dc01df0-b45c-46fa-b82e-ddbda1045a21,106.54839424884973,100.68122280820343,104.80178396428866,36.723821717759506,64.44156998062539
b6c71df1-6b3f-4af1-8a87-af1fd5aeada0,28.89757701822557,55.85580986839955,61.73375725740085,9.93592706999894,3.80891773265127
ed875e04-787c-4517-9b99-62f2e5db0d2c,7.497131973475878,90.58901606232261,10.372850162706373,6.546629628716027,90.1279309730457
8ef01f80-e833-4e5b-a1b4-c28831ed2237,66.4847161969779,11.057982475308,11.057982475308,3.846531197249991,3.846531197249991
a784c04c-ecef-40de-b918-d6f5c7642c61,9.79834905374398,72.17951805976774,2.225045916063079,2.225045916063079,75.15670902944258
fb8b858f-28c6-40c7-9e39-1c5ff816f212,29.67641780643798,8.070441165177504,8.070441165177504,49.74704954488975,9.444920046280538
b55fec8e-7a7f-41c8-9fe0-0337cbd49f35,2.2797049457720644,8.756650539092517,50.91720967181163,6.293693127821251,69.53061945145573
45501030-bd04-47f4-9e1d-0057a2ef9ecf,1.8993755542906794,13.540237488861786,6.033819775151292,2.740574211346966,9.556150978010546
9e635bd9-7e17-447b-ba26-fd9d13abb6c1,14.064386065961957,16.77599924687276,24.541578346869976,11.151106951606154,7.3516736087855215
107324d1-4156-4da0-8a99-f6e4c66ba472,56.810362063433416,61.028844316668454,60.21683603780413,8.440992343017712,8.440992343017712
9bd8ff5b-1478-41ca-a138-c037c5ad4d29,1.6505621159856614,5.670165915360834,15.373440715954741,11.693919025576244,10.351462837052448
add01ec6-0961-4acd-8c3f-1750e9b47aad,9.045193212594915,81.32257092339556,81.32257092339556,10.40177195463166,10.40177195463166
eab2cde0-9fb6-4102-9f13-006342e33339,0.431204396112871,0.6764941799549554,9.892543831395077,7.590363185520205,8.137233708278847
63b44d4e-ab2f-4927-b53c-f91b8d0e0486,6.699762502081262,1.1029702120075828,1.1029702120075828,15.179932096874266,8.631039269752817
fd7b64d9-9018-4084-a872-feac96398603,19.828809145182593,8.498409606328979,13.010817281006327,1.6646218589634516,13.684664521350836
dd41d549-068f-4b1f-b8a1-8365cbd0ec34,20.731755037554912,34.03487148187035,51.70761343463046,11.622668903775326,15.31323188100181
06d706ab-b4a8-409d-af12-6ebae6dbef59,8.500648732124132,46.606786459024875,17.761664500418554,17.761664500418554,18.87450118026392
03219747-f724-4e90-9003-39096abca75f,2.116375760898285,13.015391054154636,5.835267391814411,3.5978213855729475,16.943338240838052
4b03930b-d048-43f8-af25-782f038be6bb,7.827843204957832,88.93354503603118,6.834197863504541,7.7266157150105,104.35135862454284
4134a65b-0ce1-4bbd-a6c0-19ba290a8881,15.268208433877431,10.970988377845126,30.748385852447985,3.385835223406258,15.37838535573341
ae1e15d6-19bf-4e54-b769-8fc3e7743840,0.7454585277485245,13.870794971422823,13.469715596471163,13.469715596471163,12.681521190775197
d740c7cb-6bef-4426-8c08-993a5e4543ff,9.639363655098474,19.578956414338297,19.578956414338297,33.98770526921712,75.94480905139974
b4aeddfe-c90e-4e60-8f88-d73c6efd345e,4.687941138367362,11.969190420603686,5.220777762038067,7.503891070536877,10.657293055209394
96ea015b-d9b2-40aa-8940-59c5b9026427,42.45491536685528,35.99199229476676,35.82550927981193,5.1501344886829985,43.001631040866805
60f43429-af98-4173-acdb-66e0efb3a222,30.671351831269245,0.7322562619494634,37.13464206721698,54.877556135925765,37.79928209487576
cfa022d6-f7e7-4aba-aa2a-b7adc37b3f7d,5.459144520416142,1.4920286174992954,81.00738295568641,83.61118322605485,32.89722037350258
e9e60d39-7ede-4219-8083-1c8ac2aaebb6,56.576853853521165,9.837029372911756,1.0357506449841754,1.0357506449841754,22.318580370837783
19b07f15-7152-439d-a3c7-ef2288da7f1d,25.79442562290781,15.815975267621349,58.91991455024984,19.514242769320475,24.42812444257933
d2166fea-3073-4787-89b3-d1c55262f725,10.657842631554765,1.3429966585439015,1.315978429696799,65.63896786258347,61.20816614421663
2bfe5865-625f-46fa-8332-2661c0b2e9de,84.3518502344692,86.69697719985732,85.04224246171637,90.65723158144512,88.59946798137233
05da5c01-9cae-4a2d-884b-15d8a2ce814f,49.57275032300847,18.16153103534302,2.1953988106004654,82.59841993317637,76.64559084605214
d259779e-f982-497f-b1fe-fe43ccd10139,7.140229659847694,7.346210368256651,5.909251757154077,6.57977228412347,8.233458517003182
293338cb-eccc-484c-9ac6-46c1b8145cca,60.56567579660695,11.503638216317185,12.560654164189485,9.59813698027739,10.6350739574463
6c9bde9d-7753-406a-a27b-28ba0de50b30,9.166192487389639,6.340451923560485,83.3760730627521,0.7619119007394372,21.244975118333944
9d574a86-7fb7-4d87-805f-d354bbad171c,3.685388633970254,0.07490166588609491,2.989748603696818,8.943658407808567,8.735003031155372
e0664376-20a7-4d47-955d-613c4d9021cd,27.557464563237023,28.483503918785363,4.653282108857018,41.76759010968202,41.46516524536373
d329108f-f325-492e-ad43-4137fcf6db69,16.950589137920474,53.90750882990071,7.574863241698118,7.574863241698118,1.3369757802677968
4f944b2d-6fa8-4e60-a769-c6c9f67fa487,2.6016502737794847,16.585970964220092,3.272987023330387,82.92624034699821,49.368949308136294
ed38bbf6-9430-4ed9-b946-85c207d2c0b0,0.9733535108775772,4.502492363189186,6.434009015946901,4.352056980993927,2.0120847210404134
bb8b6478-f7ac-49db-bdfb-1f3f85c857f6,1.2303788075994688,92.53349955622016,13.346062414869502,50.42139091084063,91.47552082752419
da24ba5a-3fca-41b9-b18d-d4d343d9f4e3,37.8874441371756,37.8874441371756,20.014266664974603,0.16343873862611774,15.002237312713472
158e632d-99b6-4cca-9a13-98b6e539e484,2.4338302997102144,1.2885507661324862,3.5861984172648804,11.132930094116693,30.47789123605136
b8e018dc-fbef-45ef-ad87-a11154a654ff,22.209785892743295,60.04847240940663,61.297822860669186,16.738919759843693,6.042047908276762
89758422-2ad9-4214-be07-fc7c83106f0d,5.247690331026251,42.841146642106274,11.144601353797546,88.48311549749499,33.64407267640219
114acc59-c3a4-4cc8-8764-a5613d0901e8,14.584772849830197,14.765147194906156,14.448986582508132,14.322983437694365,47.12883363097724
8dc9f2c6-3a98-426a-b820-45360f4ed6c4,12.235595633795915,4.3558019293318875,53.90851889073612,53.90851889073612,5.382242904401995
94ecbbc4-8a58-4337-9bd2-31c8dd3441f0,8.763967062758061,9.730724797720354,22.293522076875636,13.685672917111663,20.46396620352224
24ce7936-ca74-4b72-80d6-ff5b28896f7b,11.846747244922046,17.7126964397771,17.7126964397771,4.208347146075639,16.31386402864495
b1ec4abd-7b2a-42ee-89df-e855c3d0da64,15.185893823810606,72.07615238020955,25.16310661815963,2.6744960441029897,10.638591038197058
d08c7eb8-becb-4e97-95b5-340f8f2849a1,16.535108100001093,3.8378153897024454,0.40013937944924927,0.40013937944924927,10.415207435243227
8ad9ea31-4f17-40e7-85e3-1c2ec67dc4ef,2.605135984632883,57.635129779333404,31.822649491422787,85.26272245890057,40.7333284304804
4fb8fb27-2f65-40aa-b53a-156dd9e3be3d,11.913927344035942,10.353851422868622,5.569722073984145,70.37053141269011,87.4212105756428
678c211c-9d4d-475a-bf84-710723b237d4,22.037580880115602,83.074545708525,33.223560674283505,62.20180293838412,67.64577239452632
dafc78de-864b-4cbf-82ce-bf76cd94ddc8,5.896799466288941,6.778990951794071,12.285105729495202,40.201761831974856,27.18282039932297
15627f4e-df78-4b5d-bf43-f88e37f35ce3,18.00449808980795,4.563756150987907,39.261722754372606,23.1338332105254,53.921209159143864
69c719e7-c604-476b-ba98-496bf8c7af52,98.0277160257344,24.94833312123664,24.94833312123664,12.550716496223215,12.550716496223215
d5f71824-f705-48de-b434-f93db53e4988,7.8720487599111015,49.69929098054033,28.80159056592494,68.2354828287709,68.2354828287709
de34ed85-7c3a-47f1-8f0b-cec2922071ce,50.142903184865915,1.9714550200316343,0.5274646123762392,15.946202567557856,15.946202567557856
d6682eac-0b97-43fb-9f5c-326daccc80cc,38.166591921897556,3.310891009103155,6.7846809615554236,11.076164258887825,12.236244317255807
1f3eb4bb-1acd-45e7-ab81-15bfbfd6ccba,0.5489965531079325,0.5489965531079325,18.22205918313871,4.839640435662376,10.809072570218207
8624818b-97e2-4ce6-a74d-81c786e26ada,14.889298035069821,6.1382413748452915,13.634127610364523,7.860421504312857,24.167147198876165
b52a3936-4bab-4964-9752-d824a9acd0d2,26.28636651361886,15.32199489607786,50.392636568956654,45.75504561061955,58.019287017363496
ff7fd786-7439-445e-a0e9-757c3373123d,19.00565110524383,7.339125094312248,8.821268338668261,16.09738960151299,15.806547054854201
672cb287-9d60-4f33-9eb5-6937d987ee03,63.13603422049363,26.091909031435712,29.560933324389026,36.80315027157423,36.80315027157423
3dc503db-fdfd-4388-8ce2-c6fceec74d55,37.59240357588362,5.696944070178545,18.95331604526212,2.813413074700779,18.78147255567882
9165c0cb-b6cd-4c04-9c43-0a8956cdf4b9,4.055624796198218,9.132379435758654,11.885130834437792,1.458698359834111,60.95088456752406
38b85292-5e62-40fa-981e-54ccfed73974,58.0936184265382,8.664683615027817,8.664683615027817,10.778705478454535,58.157688312299506
65633159-3801-4f8c-91d9-53ea1c17c824,3.9534770396853514,4.666817771694657,17.43450414671159,6.478967027380245,13.797122281725619
64d369ab-df55-4a80-a065-3976453e21fe,5.419079297261081,45.88896892530246,48.99312433807378,26.1191640456319,10.207718730137854
a0b7457d-d564-4b2b-ac47-b0109fa248d9,0.857875273790433,31.60690156621662,3.2065550292679936,18.394051768479947,6.812256939417532
1569b336-2577-4dc5-ad7a-3574322e2cdd,9.400805787974933,8.270734929945512,56.84611616774157,56.84611616774157,3.098847565473214
4b7aa8d6-e225-4ca4-9e7e-da1ea8025c3c,92.15538547888572,89.08878828274213,59.69713670211644,8.133219480990642,3.917933831367913
a0989d6a-ede4-4985-b621-60fedcb35ca4,34.71081504440991,94.48638510353913,94.48638510353913,89.6568142245393,7.147725581696442
1314babb-d43c-48d4-9d5e-4170ac9b804b,15.041528179610214,75.32697526408363,75.32697526408363,76.70681069980878,7.530323102450843
9058ac37-deb9-4005-9e89-367390d2d2f9,88.01448941467524,90.56679731719453,89.61716567832599,73.81097322860231,7.1116286591540145
ae98a6a3-9e80-46d7-b04d-788afaa38d54,3.312785109565503,3.4973171552097284,96.7313840627735,104.05110631743517,53.31334566372521
300a99b3-534c-4d9f-b0b9-0f65a58e87bb,63.52174838415669,63.52174838415669,60.59706723013376,72.57065402470073,72.57065402470073
cc0ff4d8-4c26-4de7-85a5-3263f09fb5fc,30.65064841504405,42.850741616828735,42.850741616828735,31.184842542520318,2.7977808394106214
edafdcd4-c301-441a-a51e-75890094f638,7.17226928117677,9.30226712697404,9.30226712697404,6.081542755259366,14.12312723703373
f5d247dd-8fde-45f1-a7ba-35737e7031b3,54.662548051929775,76.81599861010055,4.55525498207655,82.68086170553757,70.18167108733019
1b09a9e8-7d69-4d9a-b2d9-a394cb7385f2,6.71835457747616,3.062078797271741,0.6071108764136901,9.15338988008271,10.746376553901518
305bdce6-eef8-412e-a500-5b851783fda7,2.7838551291435474,1.5498064594975203,13.128978509928917,4.433267701436317,4.433267701436317
b602a548-218b-4dc4-a040-f30a68ef6158,5.2432567555172644,3.6097025351438177,19.887182568530996,3.303522364297811,94.48661906992336
4fbe9b12-fd1b-492a-a0b5-363bba26b7d3,18.832787401836562,67.85401298002942,64.19393866244027,64.19393866244027,11.18851400124996
81b85011-0c9c-4562-a1d1-a6ab469f340a,0.7689290364056357,7.574796953488064,7.574796953488064,6.333393483249723,34.85722003149169
8401a1f2-c309-41d7-af44-1468361600c2,3.020575827363105,8.511913061350857,8.511913061350857,16.515751975180777,4.610425271094467
f678f32d-9b32-453c-b51f-ce3eb4d897db,1.5431531569565826,1.5431531569565826,9.059144219003848,11.841699711200725,3.518968927587643
40fb07d3-342b-4e34-912b-db6aab263fc0,3.0313055444536805,63.421534218939755,8.970352707031052,21.04629251792283,8.680578029602836
e9f31687-9761-4b69-ab89-b06b9a54a104,44.64510211408043,7.050579928919701,39.353168943200025,0.7137159069555995,7.721021614987954
f0dcf458-c3df-4f0d-9a75-3b271d1d09f8,15.769278149680835,15.769278149680835,16.003917014259372,13.057461232112466,13.281592997655574
ac925d2c-8eac-4fb5-85ff-787d6ad418ec,58.376482363809615,4.651305872115858,67.72500381663093,15.345410984575498,16.62525675631751
ba916bd6-e558-4219-854e-dca37bce5adb,5.758130556741459,60.77021555357351,5.672296100974252,8.351042168694125,8.491887083781585
d79c2b34-d882-40b9-9773-398cafd85c21,11.361828575713071,27.176211317892367,1.5175423484867694,1.3929921514809467,0.6908916999934426
c30ef3c0-3eec-435b-bb10-06723b20b16b,5.432967339030779,12.867242444356865,5.418974818328648,18.06718964534489,13.466397883140624
6a8bcbf1-e4c5-4a17-8b88-c2cb9bb1df38,15.67948018901713,5.693046877040944,11.476379304462746,18.566761921370823,11.687461639662272
3bb23aa7-6aaa-4d5c-bce6-1cb0a65ca590,18.69032401744319,30.79489218778406,1.3742288584559204,22.288905235735598,22.288905235735598
ed093644-99dc-4327-a0eb-63bfce0caa44,57.64729946928866,57.64729946928866,58.08526405715949,22.583441485193624,8.19145219583025
993d7f74-6954-46be-a00f-c861969fa9f3,28.727521549874584,28.465960592931854,28.465960592931854,28.62477234484405,4.634849979273203
7f91199c-9563-4131-8857-b72770020be6,41.162801762899946,12.914439010745706,54.51192006360068,56.93211046333955,52.519120553659036
2a48d8fe-f871-4130-8675-530ffc99eb83,9.372473038565955,13.23264378240632,9.03665497811137,8.340624867775942,55.789597644478796
eeccba05-50ea-433d-b2e8-18d09880fa59,5.833150804814674,3.752971975228002,4.441557563425761,25.68934775264474,37.605953497278634
9c5a0bdb-044a-4985-bce7-9a5d06703e64,4.443936465546912,55.45270766403928,1.8956643364418337,60.29419188633936,60.29419188633936
95f3e573-7816-4f07-bbc3-733fb2a5dc24,5.5490969113744795,31.123507764366977,1.4431053953231847,29.453998138790915,34.33169108035562
a39c4622-b15d-4d19-a5b4-b1edb69b3cd7,15.272416720023273,3.704623901990281,3.704623901990281,44.14574799723439,10.157845924934234
87b4c9e0-2e11-4bad-8218-93982dcc8f48,6.449219627728731,50.18224776814393,5.329117736162309,4.31373775779533,79.09246670335436
7134c19f-5603-4cfc-b2fa-1e5b46fb28bb,2.1419458944796346,91.7452050542447,26.63981170126945,90.23440129827038,10.39424424919181
b329c390-a33b-40b7-8aff-624efa0c52de,59.68642780017729,15.797264281377016,6.880099782947433,85.99809415291365,8.981040658209889
8985b5aa-889a-4704-b29a-97d2cef4397e,28.032965146028314,11.243758738386814,30.130801653200226,74.08336511345769,66.9915025132118
afa9cf03-d5d7-45b4-8ef9-eb2a117f2bd5,30.70773699439352,30.59288793757551,27.51880533635277,30.736606687571527,26.87312315653472
3a6411f6-01c3-4353-ab55-c8402da5a32e,31.53378546112179,29.765058846541855,37.21788542866176,31.395364798906183,8.65515879525878
f7707fe9-4a74-4198-ad3a-db3990eb476d,4.830974336222333,73.06400189052646,73.06400189052646,62.969879274810744,3.975801025264609
25b50431-ee81-43e0-b50c-8dfc5d6f1f7c,6.612711178627605,4.968292947028328,24.67913951817444,71.29636583178512,71.29636583178512
50454449-bfdf-48bc-8f6a-8070f9850242,5.230811626052187,4.196727538105504,6.327073356300151,4.695009472205015,9.51308395892959
07876d24-c7e0-484c-8e0d-14f72a124e5b,79.04810895624674,6.927168835823068,6.927168835823068,75.64810532879035,81.33950128511307
42b3ec7e-005d-4cff-a244-ad92f437b66f,5.676221270538522,2.651238003571193,7.629673229336684,9.432515534077188,55.31143964756373
c82cb87b-94c9-48d6-8e8d-dd1b48f62498,32.588582907259806,0.5878649786024467,59.87008816345658,59.87008816345658,10.697498073712548
7dd11c7e-a99d-445c-9a72-4989c6490522,1.9130209921621895,55.82860348641051,55.82860348641051,6.17451325323164,5.515781326580609
41c63073-a4e8-4b9d-9954-38d582ab2825,11.229217349150746,40.75881660424486,7.849826462054754,35.94179467403121,35.94179467403121
3bd2bcf9-e20a-41a4-9382-52e0f9c87b4d,18.12645122998972,15.268175902088675,15.268175902088675,14.323619551419407,19.98910248243494
06c71c35-d3cb-456c-910d-bc02bfc98246,12.675825587201563,18.716555424702257,18.716555424702257,2.367477591683436,9.350313554702932
2e01a889-5906-4f87-b238-240bc2f18dde,7.908298272449186,8.536216558553715,17.398031399530034,34.826201287799904,16.878904786593836
1cdc1442-6382-4028-a010-0ce48d4e05ba,7.702441972718483,1.3863591574945053,3.3584148623398558,12.548933131547223,4.818874042754884
63f94eec-deed-4f7f-9067-8f46889bfd34,8.35617245703423,7.505548409936855,7.280432931211345,31.149106725229792,3.721554400790909
33157cb9-540f-4f0e-a5f5-c287834c215f,11.829695747124207,79.81187623608783,73.11195411272337,16.37016978053734,6.296765881560109
cfa12def-8fd4-4beb-a0b3-23a08f657995,2.682415011299683,19.197745934936744,19.197745934936744,19.38661309137187,10.513824606567585
9b3ee6af-22d1-460e-b856-e5b761685a6e,13.166362902864575,2.851288361479131,14.177418791656594,3.4301669509818575,1.490977947705483
038f9a8c-3225-4ed5-863f-ab8ff2845325,12.356857455972733,3.0284743297962873,3.0284743297962873,2.895693936566836,3.148199970429304
9b3802a3-6c57-4488-ad74-bd07404c7239,20.836786232226213,8.422671130577504,16.02814047567745,16.875768484377762,13.913950655051721
8250fb6b-42d4-4ea9-9adc-fd68111b1693,6.15865448494724,11.60924461037624,11.60924461037624,4.391248857864022,20.35484683632672
bebbe248-ac32-41a2-9390-3f8f3e867161,7.461455414449966,18.14956048697359,10.385936877661488,10.385936877661488,47.43794036415782
c2dd3bee-9348-4f85-abed-e21e36471fef,1.955681594965902,0.5149841627960585,6.489748293543607,8.427300232986283,0.4539315941948069
470fc643-721a-4ee9-a450-635c610faec0,1.1348163668679003,1.2235898067622815,1.9107345184844724,20.2025571020868,16.169734981073987
21ff49ec-ba83-4379-8403-80bbe914080e,82.84164881889127,5.8816358769472785,1.4681682062432087,1.0085947397386679,11.504933510505401
19c0e8b7-b2b0-4a8e-887b-7793560a3492,94.88611438429487,91.80390543172648,94.06184312820989,9.755587957085147,0.9255635140614302
98f70b02-fc23-49ca-92a2-7d09b77ba99d,30.16537383222705,24.09849019739431,27.065032170520436,27.065032170520436,10.50811967220632
c717c0cd-82f5-4c81-b323-f7fcf0cf0b28,1.3134760405871095,0.5326289316457805,14.831629171676145,0.7294003816309459,4.750281144589233
4864f991-dfa2-4896-82f6-8669ebf70e47,15.788568322041973,15.788568322041973,9.063140371723366,9.063140371723366,5.8463340404543604
d9856494-9678-45d0-a81a-8148ff006509,6.353929133524875,4.868013140521129,6.196174350670081,14.19880168387532,73.03139471126308
1c834b57-963c-4574-a12e-9b1eef8b08b6,3.7087331823843406,93.26776676602309,93.26776676602309,2.438695489536035,68.62810573604725
185aaf91-c1c3-444b-afc2-b05347c01d8b,69.86587378997524,2.8952621713672064,2.8952621713672064,74.00544002356254,9.37590244258415
9f4d8aa1-68be-4798-85cf-0dd3ac76cace,45.620562330891254,57.129472776437545,23.73998603380064,11.120128216011233,7.9285896912028395
5d989d28-0990-4f3d-9896-3a6ab67c3059,35.75827170590373,2.406544551193695,10.572927878583796,71.0815233420703,30.120592800739946
d85ae06c-c288-401c-be07-64dbe4bec5ef,84.03805074700931,4.36106542696546,4.36106542696546,3.511789188675009,90.15920871261147
3c562137-42d8-4418-adad-4418fe22ef56,85.76140861915117,92.1794489428565,2.7895698460152736,87.32333204498381,88.14399277546588
416a1b16-9f93-4681-a0aa-d9dda9a92183,80.9898758191931,34.788956373932905,87.36056498717909,17.259143998184413,65.89463320034734
bca93c5a-e570-44f8-82e3-393149ddd79e,7.29742002605609,8.493570458172998,10.385170219269746,3.6647356286915107,2.944505052053275
19729f12-b566-4ec3-901b-84b3b07bc9ba,7.994075946592942,14.194395459333117,60.241811158451554,15.112979342143461,14.41150369030941
f5931bb4-9b58-46ab-a9fe-24db31d87de9,19.886933923625232,95.84006522776079,1.1280704586581571,20.600311703802692,73.29515471680074
89a3ed5c-8546-413a-b83b-dc16adb1a809,2.3762397543985854,18.54668204555562,5.133537330721454,22.533114281726096,8.841808824538306
419420dc-a4f5-466e-92e9-792eac18969e,2.7860794928760044,14.241636938362273,12.165697243019075,30.500520761350817,13.880682093804902
9573e6cc-7626-4821-a6ed-506eedc90545,6.686016342798654,5.571228715239934,3.275812795403491,3.77752542252098,7.5086411011392995
59de321a-cb52-468f-a60b-d3bff7fcd858,22.892241797330225,52.20761270582118,95.14458786150918,44.11241449627191,19.75463761959741
7d9b3811-7987-4efe-aaee-d0c8002a9b7f,16.58516844836012,4.405912971416541,5.807079954720743,19.400561626217588,5.385704654262966
f6e5bde8-222d-42c0-a761-7f0324b35b9e,24.518848335061616,14.813949616192831,87.67155854761637,24.499895664667758,1.7577479894687937
c64d197c-92c1-40f3-ab0d-6c96c927a386,29.231218649594904,12.181271704052818,12.181271704052818,7.681273770452459,12.05023865437193
453c176a-c131-40c2-9307-7bc1ff9588db,1.5816009596934466,3.0652252730891445,13.233931742760344,12.095552885193634,1.6807646931136344
093bd345-fae4-4c18-a6a0-ea8bb95fb244,13.359114652036036,40.99337489400572,45.16495135170394,16.17214022721828,92.55568205974382
8665ac6f-40a7-4e22-98ba-6f578d8b4ee5,4.829468696335642,5.243106905414748,6.8225991315786425,0.34645732794413736,17.69404206846752
4cfaacfb-f781-4c7f-9d5c-7406fc2dbe5b,15.348963830866763,53.39436367900022,50.00902331651021,8.119370948050632,1.3145209574513597
ff2b3ac0-71c7-4e0b-8ca2-5c77189feca3,11.561273168354026,34.743940527753104,5.325852724333467,4.294850748426984,8.475295984854789
687af0b1-e516-43b6-9a20-cb8962899d1f,7.566801335498384,7.6720271311192745,11.571575700205731,4.75373452319988,92.00447218373634
4814f41f-9d07-455e-952d-82f938cf8db6,0.38285825770735504,0.38285825770735504,9.519454799431257,6.997887164519816,52.09729798001134
d44483e7-6ff3-4cd2-8d2a-9c837eea8fa2,14.100450369807056,50.57709523069067,50.57709523069067,2.5932600259532257,4.846792445973805
801a604d-ac40-48c0-a410-0559a299c11a,14.234677978818345,2.9425800737644776,9.391865549474101,2.620545126032985,9.414515422537809
19a52e1b-7e2a-4345-a74f-221f7461e183,2.851815108681242,13.152784027537416,6.804744426252491,7.979378392065758,13.161463131836163
d6653990-b30f-4783-9708-7d64428a13f6,32.411272631097944,32.411272631097944,62.132449316773545,5.3944825398148195,5.3944825398148195
bc2f528b-6d56-48f5-b2cc-506460db3ac9,9.94363842258567,1.2210650677430803,12.424221762286988,5.443215753496251,3.553401556326423
70460467-006e-40ea-8b2b-ab37852ff7b1,3.5064345137970347,0.742601126825854,12.759125793841198,3.3789342626107643,6.824572333074468
8f910658-c046-4a8c-969b-7d87b9b32669,0.6579496650825439,2.6549625097029597,9.640797479727777,10.481310995161229,2.308843141593735
407238c1-6833-4ab9-8edd-e0ad1c1d4c54,38.870031077367436,11.175480690991792,1.796427323011143,3.4402357397688887,3.4402357397688887
3e75d43e-54f2-4092-9872-30265e30d918,5.006841543523623,3.520972252621237,9.457145349328961,12.308334363799874,15.142198984041102
cee3c652-7e12-468a-815d-90e84509c218,3.680402127355275,3.2519013020942964,46.87476468657295,1.2987478691229082,7.3654467014409715
33f70a4d-680e-495a-939f-70cb852101ec,4.884481965506554,2.754149715281739,50.41560101113071,8.680738822431575,43.10278664303117
bca97e3e-247a-445e-9c02-611d614ea1d4,3.2451369747971426,1.7655214502908065,12.21878047965305,20.796062856228108,14.943161408516168
0f2a71e7-bd9f-4d9b-a7d6-e9958c90a686,1.0713313852262818,3.748446151064843,16.423712872048824,31.624094170489975,13.765568973957697
494d2ad0-b39e-4c44-b247-ad9e1f652646,7.663453960305293,4.725700830779168,54.514864270083216,54.514864270083216,48.658345192297055
a74ec2f1-99d7-4c28-9efb-82d835d20533,8.577700553841169,0.1496009211327436,19.83314355071366,16.96253798298129,5.449900830820153
81418068-87de-4f75-92bc-48475e50e41e,13.070807430715439,18.414471721773413,32.92728303840407,7.8661327919690125,19.71117820936878
9d79dc7b-7fc9-4b3a-baed-89ad2a7dfea3,66.38523094166335,66.38523094166335,19.56489576564865,19.56489576564865,55.15286162284071
ea9fb424-e749-420f-81d1-fcf10d18fe08,18.022524973536164,6.063391176164163,17.320382113653594,17.320382113653594,8.497309876781932
b9d1821b-c2a5-4b5c-bf65-1eda7ae623fc,20.673642059392563,34.085814406396715,51.67204533432605,15.020240766827078,11.55950994636768
40e6d62b-3a90-4841-9744-bbfddf397df7,8.861211881318246,89.39219390692777,6.357219461615997,8.56406776426632,104.59847960433203
fc975218-883f-41ea-a38e-98d9bffcf2ac,68.04630695689146,68.04630695689146,7.484754970430327,14.854849827981573,14.854849827981573
8757ceaa-eaf4-4c6a-bd5c-4a70a5ca975e,1.4058548896333143,13.56604567247818,5.335709115629462,20.295609410519955,4.282275164370895
1ecc1cdb-2ba5-4bcb-9f4f-3ee3e0e76352,14.387021145327978,10.083232022549902,29.863991361490154,4.224016849226669,14.551924588375384
e65eba96-c55e-476a-b38e-b239681fedb8,7.761014150986633,46.89293806006234,18.70271417192617,18.70271417192617,24.90028910051399
c83e67d6-2afa-4361-b295-ed2a8bee9f25,8.341896085712524,9.326756997314295,9.852253203295316,9.069112440515315,10.669033624658267
b0bede82-dee6-454b-8253-d69a49e2a3b1,27.333273849734365,78.39638288778607,78.39638288778607,86.21981135527207,2.51343889725796
2e561dc1-e7df-4fd7-a32c-34ba67982719,35.57785353017808,1.8048395224565712,2.242098608789829,5.552273408531687,9.194773781217194
263faaf2-09b6-42eb-8bfc-5d52f101c4a1,3.5452172980146095,12.549679969953209,5.607360346350985,1.2891695698479209,7.324635754486582
d9abe078-c3fb-47c9-a616-9e3bc550692c,2.159071734688418,86.26762661113108,63.916856255782335,72.11081436917942,78.24600031917622
e63b8f9f-13f0-409f-9f46-2132b36fa8c8,5.653294029411292,6.633259856799187,91.89354592277161,7.327434092153619,3.180746081472043
06666a4c-bde4-4155-9fb2-7471aaf518f3,6.119602544024676,14.663085113273935,7.127390089337574,6.035305399576632,60.518597909636604
03e38799-c5d8-49bf-a7d1-9c40860bb32b,0.9566094921714802,4.139142590321993,85.202549092603,13.891056095228372,55.92612216931966
127294b2-7346-4897-b657-c64fb2743b70,7.212819005925746,9.63818427281357,5.487153593041392,15.82042409157325,15.82042409157325
1c54dffc-2967-420b-af39-d3076ac1a5fe,0.4591941836606499,36.128290793999476,1.732738856935128,16.220970746067707,3.7659441318844618
88b1d085-cbcc-4314-82ca-e0607ddb2199,9.187831973052768,11.840859104006913,4.598759147998501,1.9456404161762122,0.6947048313271507
225f3462-a043-44b4-af2b-8bb64e41b1d6,13.1474618967401,3.2221722602761718,37.81992754003158,37.81992754003158,40.05440479305402
47326c96-d162-4152-8dec-45ffc76e1b97,7.475106376238752,48.73206691494786,60.132797370538015,3.1725360017674546,55.44937759406162
5b870394-9f86-442c-ab87-fb3400dcb568,63.40898978554288,5.644085033878615,45.99132872053536,8.785204353537056,3.18370917168807
d2a0787e-5e49-4d7b-95ff-88b6f5cb175e,4.853861676538245,7.12300416898248,6.4314868565717545,10.710660296374064,18.46254288649848
bc8e266e-f1ae-4b2d-a0c4-2d2cd7087b79,0.48621849534676526,5.632432736421969,5.632432736421969,6.8041525580428255,19.600939691438352
65750d13-45cf-4728-a2a6-a7c585ec5a60,3.597101912245216,0.6979153569272631,20.152441953706393,1.3485931396532254,1.3485931396532254
d4e08648-aa70-4409-9dad-a4059159ea4d,8.948990782067456,8.021516997014043,52.67066255526183,9.42422939071873,1.993360320102793
252c101c-28bc-4ee6-bf91-0d1d4287c12c,41.63559947165052,17.342233842461056,0.09113313965449171,7.166174993143341,3.6868858018883346
d8f467f6-3428-41f7-8508-b36e7750b950,7.255369620196201,7.08087451849958,80.3724669353919,25.335405250818575,6.641939591869382
1b52ac57-8039-4d53-b072-f62377eeb15c,6.532709970745346,10.622321728817603,5.194267914563812,5.868827017315441,71.95550202692326
38580ed8-02f2-4845-ab4e-bba29987e463,71.72584461206425,26.763719422304593,26.763719422304593,10.025613843803077,10.025613843803077
ab04a507-8406-4395-8d71-fde727aefc9e,12.609788854708661,0.7274650576776813,2.8401795493022646,4.701922523910528,0.418475164302341
c4c1cff3-e894-4002-831e-1a84452a2802,18.998732278624896,0.7310039031008786,4.167908982253176,7.270144520084972,2.0274085987352435
3cbb72e4-edfc-4547-acba-7debb00d4e52,18.59490354400812,0.41011802600376734,3.9087770599297444,3.9087770599297444,3.4114357924105634
b77ee129-63e6-4ae1-9e01-5e54659c5d64,11.346848190975063,0.5115998473286103,7.293540008037868,8.348755091966908,7.722382956192815
0d40beb4-d01c-45ba-b67c-e827dabe1522,63.517469929389726,63.517469929389726,31.23587285724246,56.92490756365613,10.103057377520011
bb4a4939-3b0b-4aaf-ad88-a28fd804353a,19.152796158896912,19.152796158896912,42.50463050891389,11.653197563910304,57.33679516774555
f739fee4-be73-48b3-892b-2a7590e7b5a8,4.197427612480609,13.957125671678925,10.465790233559058,7.514862722712236,7.514862722712236
06e63489-f656-4cc0-b26f-e755c42a2293,16.831017350369397,14.565496632013925,14.565496632013925,7.982226589924408,16.665258173995973
06daf7d2-e0e0-436a-a2b8-42cfb48d11ee,3.8893830867318893,3.8893830867318893,23.078618651190173,7.392888783632658,1.0316143350395925
98199195-4f4d-4ecb-b821-03c24e6a4494,2.701344708015563,11.175940333060158,15.461949734704922,0.8765079238133026,8.170990440817585
76135077-d40a-4b80-a1c9-e6eab40e1366,6.611036182710491,11.542692400275936,4.040410722953737,20.121949823515592,11.20571602010882
8c1aa9e2-959d-4857-ae40-4a194e4e5bc5,12.475507754917645,16.761666092578757,2.0550892457150383,32.24611784106188,5.776713023941868
9a2f1f94-7482-4f4e-9c51-02d9c76cc138,20.44902848569801,34.01314745356469,51.50886925266284,11.442627817326972,14.999815575125707
d87d8a89-032b-4432-9111-971578772ed6,6.6758738189781575,88.49459261433891,7.548778227028188,6.905192576095937,88.90794550678326
1554b59d-918a-47c6-9135-ae95f1ff02ac,59.42638584514376,59.42638584514376,24.08001800222717,50.34021877184849,11.070140818267765
a7c64087-6a57-4d40-b0f2-96d595259e59,6.974225087989228,5.733857978028133,7.4870217622497695,95.31038141082844,102.41393175024592
0c3c518d-6bad-4b5d-a037-923e89d63751,8.844165387097986,89.01943479940724,76.40128094079122,6.180472304741205,87.78938957968435
9b1bd542-a6f6-49b5-a4c1-3f2ca1fc2f62,18.35605505697693,29.65926298129447,0.6086706366143898,41.203639165743816,49.40077618056809
6b01e454-05cb-4644-bb76-b0e9cf62cf62,9.946910647304355,82.39709946055181,20.667072339321336,11.4533193745494,14.640686840521159
dda5f3fb-ed70-4070-9723-40762cdcc0ee,83.20757104105707,4.446971823928377,7.331263735466569,85.42574117777635,17.150784968606967
a47dffe0-b3da-4504-ba45-ce35d4de173f,72.28352792387511,2.5668836119440273,13.906174026787696,14.6689990153195,0.4621602683468758
1df27fdc-3481-41c0-926f-7aafbcc577b0,0.9023533709633053,9.253434235029173,9.253434235029173,9.128482389193625,14.505700702363614
d671167e-5c39-43f0-b804-4c14378dcb06,7.876735396952881,1.2327076854051093,13.740473645816765,13.740473645816765,15.439835700480161
d6c533fc-43b9-47c4-8a6d-4ce95e5114f5,9.05334401402141,18.524771217107745,0.9864437517103023,2.4432758055043413,3.2973655913194633
68bb0ae9-e98e-4445-9a65-ab0fd4e03c04,50.52705959942243,11.053888057469953,21.498817882701086,6.756079750967479,10.598459228308773
6eb81eca-17fe-45cd-99de-1fcc446787a1,15.195017374082965,13.99933411325359,0.45100234512896353,6.591503362357057,4.114716027999561
e162b61f-a832-4742-af23-631feb6f0982,9.201629198670869,6.658562410648855,70.70796064576928,67.79073804955351,28.971731571545824
75204a89-0881-4f24-94cf-4a3f008802c8,13.823750661930404,10.808100038651412,10.808100038651412,17.992030631889357,12.571880239928785
7453e58f-fa45-4585-b048-b069b7dd6ede,3.0643125407998006,4.737923667462474,7.501856849671584,2.165493499690635,6.968093192183787
5113d7a8-f062-44d3-9a68-0804e079ca12,4.141690273713954,1.1235865699766834,11.525589214006255,4.681543831108136,21.064774232916875
9b3fb81d-3208-4897-a6a8-4a7f0423c44c,34.52110576991153,5.879024091962281,5.879024091962281,5.315318379315722,2.508717166941151
84cb4211-9d87-4386-badd-a4572c581054,10.367891002873414,12.851625318600737,9.258801628082733,6.319850680632612,6.374676513659767
5d2f0f84-ff0e-4f2f-b832-d3eb059e2f65,10.035851238307087,32.147055596287274,7.792877256745533,12.405836295851326,7.344238741652328
6e52c6a4-90d8-49b5-b231-1adde522c8ae,6.223515641557257,15.260710134262608,1.3445950321064735,15.122227836913748,11.616896031151473
9b452b74-7f96-4f6c-85fc-0659b3da69d5,11.223112247073662,1.3138053259823752,7.874928516314861,0.29778890611278613,17.13921801237587
68882078-585d-4bdd-925e-73df3ba19904,89.74338614397608,78.8202777884199,88.93583399918596,89.22633979206084,83.03206710658448
a5d254f2-7ec7-4094-8f5c-d746beab30f5,88.59509171606943,94.61927725640186,94.61927725640186,85.03976668950631,91.27782439087547
19c0cfe3-ef54-46bf-9448-fc964ec77a43,76.59193984330273,1.9360628840273553,42.66518423885718,15.317329324161058,15.317329324161058
ed040aba-9c59-45e2-a3a6-bf8a5183e57c,14.290227617781353,2.0469037974549518,96.48915459746264,12.810139110479295,2.9522805945076778
c4f86677-a35d-4004-98ed-3c2a545dafc5,1.8883240473602798,9.956515262515367,0.6563643297155674,23.464798372203315,57.69097376748516
57b77f65-30e7-4655-86c8-06bd344456a6,5.364131077201367,56.42709087172419,4.12713587671502,16.108371994690167,2.0987601672840803
0cfc7b3b-b3c6-4552-a6a6-57edbc2eff52,14.819738386430146,31.87495185967249,4.656560271963042,11.323971945515169,29.618445038640658
45101578-e07e-42e4-b8d1-08acd90dfe32,88.52984324887662,51.50687469483933,31.738356495913,6.64775517046223,6.64775517046223
99280c15-c39b-47dd-afb8-839a5370660e,82.50887045373779,73.97378082167239,10.442011460614335,12.19351686006019,15.212688719367073
2aa9ab25-7269-4b55-aa17-c50ff32c622d,83.58026446931804,83.84504299898693,2.101238260775491,2.101238260775491,75.54124306792974
8d6795b2-58df-4490-be02-6570c301c615,7.3953044448588665,28.47818605086912,2.679990261527699,10.934047928586597,71.42382835139014
33aa04d5-8ad8-432a-b841-203ecf499d86,14.165681430287504,2.9857329860850177,4.074096106967379,4.074096106967379,11.379539679254126
29a73ad2-1804-4037-98bc-8c5cdebe7576,2.315455288971319,94.88577638765712,95.66544706959846,4.631830378745981,2.8542697449270635
05027720-084c-4aaa-a3a6-08c85c708b85,10.847026076426554,10.847026076426554,65.76752626162893,10.330629355463104,20.52075047255416
94deaea0-c6bd-4f78-a768-b3e59675aa27,3.3627375174852148,13.072508065886423,1.8655446205154154,26.69076366105548,8.442060240262126
fc679100-9b6a-443a-b75f-6cc6c37ed8b3,1.8732906809396748,40.70969373959756,5.267167368147919,16.82601936050323,16.82601936050323
ea07a849-72a4-4792-953d-e9a3309ea0e6,2.2095329432244406,3.565525047213952,39.50875374914051,18.635098906374818,4.736527766872787
b52a46fe-4404-4ba9-aff8-1ed9f99498a0,39.892954511720184,39.892954511720184,3.746572835703055,17.895877771830644,2.5703032901932916
cb3a6aa1-5e45-4ef2-86a9-aa713c06d646,60.32157980908478,16.84413858788948,49.209948371313445,5.766942401734157,56.56761119497384
1d50a5dd-d444-4bea-ac22-f0e5b0f21798,0.7920484710017723,18.632815275405857,6.75650277660006,6.75650277660006,1.2965993453529459
b862723e-ebde-4d25-bba2-993cb7fd1364,44.741868764053166,47.45229508260025,48.426782588191784,14.37276339128268,43.10446555120267
e40cb91e-de9d-41c7-99ab-799c1a61550a,14.39179738654712,5.053300391325363,5.053300391325363,11.248839651561854,1.3762604190270853
0af8f082-e835-4975-a592-d69732c75c37,6.222911981920737,8.618939744140013,5.316377865167405,9.187238763728958,5.040442832201329
b5984ba4-d9e7-409f-9019-72ee0f26a81f,2.2178685527402893,40.636257827799206,7.96574713437843,2.344932147712109,3.6256037945227053
e8fbef5c-44f4-43a8-8fb4-9c8b61a2b63b,13.907250812353272,1.3581155278473953,41.14039584940502,16.185921049416127,10.288210593815698
547f391c-9ad9-440e-9222-899f8a305f27,7.681795997117654,7.681795997117654,29.68404652988017,2.915225252084713,2.915225252084713
f5d04dcb-a99a-42ea-8d3e-d7cc8189ddc6,0.8633802293077094,59.063293730873006,11.061466897555118,29.311967764589628,7.518095680217479
b4f0d90b-cd28-4353-bce1-de1c55fbc0fe,15.983936137699844,36.25215373207293,23.829565418559884,36.53379539727412,19.25429545821507
9599e15c-f4d4-4a58-8ebd-a9c04ce24981,3.4881585578007503,27.10149548502151,15.727261199227057,82.05388512927597,76.15420949787467
538902e5-edb3-4d8d-9148-70be50577031,85.77669752308795,21.07925904911839,6.5927114153234205,6.5927114153234205,76.95243421288266
aee50232-786e-490e-b4d5-64abd9252270,4.111732445525381,2.7519936483777503,66.38044307613102,13.903680245111453,44.150172204164626
74a4e553-07d3-45c2-bc8b-32dc9dc171d2,7.055502876903813,7.153780450911462,5.342930766415304,7.315392944561928,25.212694746208598
e193f511-f575-4387-ad4a-9a781c152139,10.362812684705705,3.984936628661299,69.48585113939598,6.655873220839403,4.199519234133683
1c6176f3-a007-444e-867d-095f15663c3c,3.4109349890484317,3.4109349890484317,11.237919207585515,11.237919207585515,65.51661926632052
0a94e47e-a766-4ee6-8544-39953418134f,9.524813170808045,11.769817904299577,2.2672950944069763,2.2672950944069763,61.32133972847139
e452a51e-e915-491d-a48b-a60f337194c4,8.412090218095699,10.4975283302717,6.512012795241925,1.160947525012377,56.02993757389194
41ba1bec-38c5-4dd6-a8cd-9dcc33d9472c,8.46310130610176,4.502501150208148,1.0746055715194596,7.355215771672734,7.355215771672734
9defaecd-7f65-4bbc-b37b-3f8090ee2ec6,5.642927031262777,4.635533190541382,4.635533190541382,0.5115259148029212,90.05490029557261
0be2c922-386d-4fe9-abca-52142510fa07,15.606056807321748,11.3429210220733,11.85094096755248,17.08437363117449,17.08437363117449
7a01292d-932a-44c1-949f-7a0ee40e375c,62.08921498655637,7.427650525334983,14.849025871616101,56.62797978648556,2.5419574783437953
0baea830-9232-4b6f-ac81-cd4465712328,17.667561559927798,17.667561559927798,30.29643938824927,58.50141841454986,27.913628034592406
6bba474b-a8ae-4494-91be-f05e9300c05e,2.5576540630192675,84.70583452716691,84.56502650289038,81.6596440176987,79.87652641037656
b1e956be-07b4-4082-8be9-d20653ddaa5a,12.079583165257445,12.079583165257445,8.079229808073215,46.92020593821512,4.335265372667692
fa5f25bf-1f82-437f-80a1-199ed848f188,29.5858072707764,36.36211015308095,3.54524467922002,40.55966238593494,40.969904851010305
732001fb-79a2-4a77-b0de-0d292a3725c9,3.793106188870476,53.594889672177075,50.28728884686484,3.156654820761508,12.90548096609766
2937e9f0-6fbe-4a49-b0a2-cc1281568a72,90.88309058242812,88.49781932902525,19.96470491764406,3.4507047115258445,89.10842013429063
c7059080-d3ee-4b53-ad11-9c391e7975a1,1.8428520175476797,11.039942417001175,54.138689778796135,54.138689778796135,9.38817882079713
efec2ce1-1cd7-48f8-9635-93268f80fd29,83.10013622379768,22.876421596332523,21.875431477931507,22.93171757005533,9.362669328196212
20459b89-1c09-47f9-a58e-3e204f4c20f0,70.0317028467517,69.85838887814563,10.725109960003696,6.890744380610948,6.890744380610948
ce5f1b46-0707-4805-b69b-03e0d1dad82b,2.1986616732114674,1.8216088770629912,82.63431045398212,49.327051446960844,58.42292026200896
ee07b080-6635-43c4-9555-f00fae884535,84.28948375814043,19.32208520826744,19.327128834112454,20.069025634428215,9.876315330301459
8178c3c3-1329-48b5-8f1d-803b9bfeeefc,13.578820641405672,10.671308332304555,17.610324704134946,43.99651454730168,43.99651454730168
9affb97d-886c-4b27-afc9-b87759e711e4,13.920366292923482,66.7633895966589,93.72036113249959,68.40533341807529,68.40533341807529
dd48eebe-e822-4ccf-a7d5-fd2550e02687,3.7540984457263016,69.12990576506314,69.12990576506314,13.690663395956749,6.343163107690908
ebbcb0bc-6567-48f4-b441-84ad54a319b4,22.86808539525955,11.026129479863819,35.714034473901876,11.06794221663155,14.0927663580057
91fdf5dd-7842-4bb5-bcec-2b9766df6659,98.54253481969444,21.644223483567693,21.038984085699,96.64613068511369,98.98883528420508
453ddcd6-7784-4279-b8b0-2967799b5fea,8.093269527558796,7.13545845829189,13.65927162129692,16.731598716755038,54.74758600447487
8cfacb8d-0005-4e70-9319-1d218969370c,11.492905505107922,17.935051528729243,29.305485296514284,0.6035508382269047,83.33740232379218
7fec8b9e-4649-46a1-a254-0f28c8a29864,3.4448262303466457,6.143852754293556,28.282314219374737,28.282314219374737,6.044223049733754
a55adcc2-e753-4365-9a8e-741620c2f2ff,10.89800509121747,2.738344419856095,5.7698355597766335,1.3002119487886232,15.118568816700996
c8241bfd-eb6e-405e-a983-b9e188305166,13.543965053965511,3.5970471795780523,3.5970471795780523,6.634141931111616,67.10416720966943
ff6f2c47-ec9d-40ca-9cb7-d3b6dcb3b42d,11.197130170141575,5.6609827731907965,25.14075991737382,16.00366169302742,13.980370326525561
0cc2163d-bf6e-4987-94ba-a5cf9496b66d,12.812751856859082,0.49261946919511024,0.49261946919511024,88.8699235671969,94.17966328779808
90eff986-9150-4e56-aa8f-11aa840babd8,7.171961970742592,91.88606296891285,2.7455217147661566,91.68600084561749,4.5113841261757655
99504cb3-c96c-4ec1-a3f3-63450dd6b200,5.693531447928283,65.56945481104836,6.977389494873772,8.816518826297843,0.34313357602771205
0469822b-2615-4f13-8967-06edc98bff66,87.98037087177035,65.57204757385753,84.95549205849449,8.49640537338391,50.22313407590677
685ea82a-8588-4aea-9ca0-74245bb3bc4a,57.868174180743054,10.138486027733846,22.319857215635984,32.512653246167226,53.688791170698806
b5d9b575-3f4b-41e5-82b0-451b5bd15a02,9.740156248708779,7.36307481623963,51.75326162810813,10.104114923652787,1.9405676700912418
39214745-a655-42c3-a23c-f1771af96247,7.3160613240810415,4.359702282492447,4.359702282492447,89.35507609879706,95.08738440799682
d52e9314-deb7-4b08-8544-92ceed3a23a3,57.166387012497424,53.54335400971327,6.4441861139589065,6.644522943876648,79.63984746443501
ab1d847f-9ad5-4000-a351-1aa742e5ef74,70.88292248472541,8.932514433756868,10.743146477084608,10.743146477084608,25.908064034679285
b03b3f29-3ca2-4793-918a-cbf5d8f5d170,2.387901639422423,3.406889336506812,65.56774296946968,65.56774296946968,9.152263222124338
18dc02ed-5c1f-4239-9192-35c8638b4355,4.504272373725751,12.507525176811976,9.384434978439641,12.620201713570493,4.9331643154099485
e2e2bfd9-cf22-4065-8948-e0118a26ce81,4.8270174715494285,9.617504155989577,15.823505785641178,9.101870953008973,44.916735628242265
241a57f6-8950-4b30-8581-eb7a39b09f3c,5.704888643841319,11.975757433179117,16.597385460128102,35.35122114936368,12.974267454390375
80eec055-3d3e-4cce-a3b2-004f893d9baf,4.674185897271386,23.400397118638036,50.48201742937655,63.350193626117374,2.796637767112726
f8cbe5fc-a68b-47e7-a914-d312ed19974c,4.212108919012769,3.1328903736547327,40.11318824730984,4.308192948343048,11.654486179320973
bc494edb-f624-40b7-b37d-67d344b5ed48,6.125738725095326,5.483503033679229,2.855994433667137,17.366481539060196,6.198268264348574
2a3bd5b9-c109-4129-a77f-ffbed4913454,3.94243744040853,1.2295463121790895,16.43956223407544,42.60709253747383,2.7911413404788545
5ba57263-e153-4111-8d0a-b8bd0cfd430e,4.6614391186283,13.706027360588674,71.07103378936971,71.07103378936971,15.975673738450567
6573ed88-c827-42f3-9d88-186cdd802032,4.119353982075638,8.217589605751934,95.65051274078347,95.65051274078347,31.630046865451966
40da37fb-1b51-478d-b335-c2aedd175a89,11.431492096670667,10.748223715994575,4.720632550029677,4.947103886155178,2.7834542445801973
783aed3f-e544-42e5-a746-ac68c38df9d8,62.81413654843804,0.7619217741905467,63.70902526033703,83.00712646444396,14.028544562156169
3f5309b1-d089-40bc-88aa-20231bd5b6e0,91.19886311750808,85.99219344933016,0.3962461774458878,0.3962461774458878,89.99301155430905
f97018ae-a46c-4c96-8149-9248fb716507,1.3575201173302758,0.3744487242259091,76.59011093396063,16.22885047646361,8.659277638141079
1773b923-f096-46b8-aac2-f10fac42f314,40.932506614510395,8.125883423396887,63.558368656244326,71.61722945244797,8.589812124853493
656a84c4-27ec-42d3-a8e0-239b4ad82571,2.983612713860662,34.77221325422578,35.894232668939786,40.8374096908057,34.7872048640808
f68ca5c5-f566-4cbd-b7dd-b020a1299d79,1.7772931682938042,25.895889410205385,16.809019335307674,30.358199121508335,30.358199121508335
fd528c80-6ac4-43fa-87c7-d2c789b85a0b,57.028121805888965,57.028121805888965,6.8883148554833165,16.289655371736767,6.880968795412302
409dafad-d7d6-4ebb-ba4b-45166b15221d,17.602006873841777,27.595497889380116,3.1287373917852,35.29941507426694,28.027117338367987
262c9692-0a06-4861-9c95-bc98a568f049,94.63048174059645,104.22186694462424,104.22186694462424,26.8191817658245,94.82670922177286
eb06483b-bff7-49eb-809b-9992c554e14e,3.58927914919183,10.006470837550081,5.7783209606727155,46.1084635582304,11.042476037992074
c12bb7c4-493a-4f7d-82a7-385ff30d969a,9.986630675126104,12.064213455665914,11.39899523570386,7.887944354057431,7.887944354057431
9168989b-b459-43f8-9f90-c9b132ba1272,7.05208941486694,2.838523080223043,37.45357243098755,11.068352126969742,10.885662715043981
a39079c1-3df5-4795-9319-98dd0d3db06b,7.4327879413843965,9.61528594315148,8.948417168116553,12.565222790654593,6.831029176329248
a965f07e-fffe-4d38-8066-8ca325503480,9.42531926959942,43.57249328736763,7.216724182961832,4.263559247254099,2.220325950588273
bc2cab7b-ea85-449f-a560-24666c4a336a,0.525794269371182,2.47989486170219,2.481580022408222,34.60142668921123,6.746153586409876
2b6373e0-229d-4c7e-bbfb-e08e6bd087b6,0.9482359810366203,4.940138773867567,4.136207972072496,54.42528525201308,1.8231837964611477
8f5a6ac4-aaec-4105-b913-8d1b928eb2df,0.0604654247525817,13.681865589207028,55.33434193289298,94.14362223099634,6.021390086188334
ad138947-ccf5-4058-b851-cf0c4714e10b,2.377164357675166,19.714514682067236,18.367817499856834,0.9331048831751717,5.336202484898407
531e01d1-bd35-4077-a856-5a054a6a7f54,13.08533686534316,5.931284724186427,10.606424727224514,3.7523412239254608,28.610506689703264
bc35996d-b0e3-481f-983a-7d904bc09bb8,0.8270642167545295,12.467669680034344,77.43120167440439,1.1320093846173322,33.27234697804556
8b89c937-bda8-4ef0-84e4-34c8ae2f6e2a,53.477629180087526,53.477629180087526,29.196812317434492,2.6371662904139135,39.65360178100397
48c8d431-8d6c-42fd-8456-f9f2615c57f6,64.95332968543431,67.84925988593862,8.983238671342004,1.3876211788096595,1.3876211788096595
9fa8d6d8-b446-4a4a-a0c1-a5b921721f7f,30.38058862971261,2.721155661046932,5.4287765857007235,19.385377699518635,55.61625536641631
a2f7eb84-e739-4204-b7a6-8261eeea0d36,5.707064240062292,32.96107107520543,1.9393348748714314,6.466664188653582,6.062063580723956
82f48653-4cad-49e6-9748-253e2ea406c7,27.56081379704592,27.56081379704592,53.584683799135185,9.599868731881479,67.98335772157262
9e084fb8-2271-4c97-b5b8-cd8666bb7742,57.81802946109744,57.81802946109744,45.48885239454951,1.5726848063620673,22.42564601929121
0d2062e9-f72c-4138-803a-42073052f0d6,24.55877139158807,77.08633536763566,13.054641576886725,9.04580580677307,9.04580580677307
7b9d3674-dbd9-45a3-bc6c-c52899332fe6,53.956280417168664,19.550101688946405,3.523333220341458,1.0636480078319535,42.00178010631286
e66627a8-e866-48f8-91cd-0cbcc0fb968a,8.886339256340325,90.4672283678392,90.4672283678392,85.21895710339186,92.34864306790963
0f11215d-c4d2-4c6f-b141-4ffdb7641d64,6.506446827675664,5.518699400481401,5.592439549320604,2.958773989206299,14.421216150185378
f6f7e826-3592-4dd5-97d2-fff62a762464,7.6886783000824295,0.8929823939183726,43.95022899210045,41.161715096196424,39.01020096418904
680684f0-a305-4f90-8dec-2e77d98ba0cb,27.865304924374858,27.865304924374858,2.2178452253663576,81.17599626877066,5.069322251811564
f4472eca-acce-4dce-97e0-cae20b186224,4.872124775603617,6.109577630038845,6.109577630038845,34.12570999832638,1.3283346569967573
d514a609-1b86-4b46-8504-a8fef206ae07,2.343835105185353,8.178179067997645,6.13664206093914,0.894502811989816,0.894502811989816
2d8d6f36-7a93-4de0-8ffa-93db49d43a2f,0.35909909792491884,4.6643435907109,4.024278589532005,2.1624415775227246,2.1624415775227246
675e1023-f608-4cac-a947-2aac279aa7c8,15.266981931632186,17.057780679356224,43.08996788016002,44.63159091855902,36.19350503548458
eaba3c85-a426-4106-9e93-aab17f4d74bf,64.98690872512557,74.30460539332422,42.568948197765,74.94066789319918,74.8889928286749
478f1f34-8854-4b7e-aa1a-9329434ebc0c,15.312887814332662,19.031952974400493,2.060493124092933,5.023939567342303,40.680482889685784
61314f15-e440-467a-9c9a-1414bba49df0,18.666579041536153,18.666579041536153,27.17772604630748,14.908971277351423,26.829569210617958
710d9fa8-84ab-4d0f-ae88-2f3f707114ed,5.09700548491958,4.445934595042625,6.88706332167548,16.355823890873122,6.067862513860207
9c3a4847-b936-4351-831d-816276b82c17,4.426828017367226,5.961791030849351,91.03030063490358,6.239659658719798,91.58922554330785
8c67ecf5-7c0f-44eb-9fdc-4ef98dfdda1d,28.01861417377639,22.83373435771404,60.919556715978686,83.91106226945091,22.51285048503916
390cd5f1-b861-44de-ac07-6853a9036954,6.956971151930528,7.3461449631225095,7.571751185914446,3.1465469221990583,15.680394017553875
23f76b24-c298-4562-a4f0-3439317d9274,6.686842891127982,42.8598077907805,8.007549092022046,5.1433813799851364,12.332264131861164
52af48ca-313b-4f30-886b-d3dec07e150a,6.610818674824917,12.729915088660722,8.410254015621426,104.85396616162673,7.183252180236821
8c62916d-1638-4abc-85fd-686da3963c4e,5.701925976532202,7.397241963363065,7.397241963363065,45.905121330667974,2.5044081258314437
29263b0d-35a7-48d1-a42e-f3f0c4f5f127,4.595357917482207,3.2696359051073847,0.6139765536139841,7.086957378484967,13.91983845565058
106991d5-f46c-433a-a19e-9e316d70c22a,58.349838053084675,52.777594274514485,52.777594274514485,5.219448447930898,89.22100678479069
8440cb42-a982-4b14-95bc-13bfe3f79589,22.62582447520258,37.11001470772964,81.49903272450904,3.4574549617258725,9.438247201650473
bff151e2-318a-4649-9c88-6a635e254275,78.38976034365274,3.503040503892012,0.4659343990585311,1.1732662265892202,15.853386210915597
4c508212-e3df-4d1c-b72e-759a2bd82837,44.561708095387736,5.858697703959786,1.0010732679895633,37.29726676188695,5.10850532639707
2ee42eb4-af79-4af7-bec0-a21e5e29ae19,1.144663061865078,4.807819870450849,24.380288886974643,26.995575936508807,0.358333476157198
bf00ff22-bfe5-4625-b83f-7d1fdf8650dd,9.050011729264448,9.021400603419561,49.06251859738257,11.257119841973948,1.9368031465981852
433e753a-55e5-417a-a75a-411eb1cf07df,80.8473609269855,34.008544939822364,15.720611298472885,79.31583058980101,84.58803671662804
b5b6ed0e-af4a-4e60-81ff-1ea6eaffd655,88.62782672652654,86.17393455178602,16.81474513234378,89.91145809369144,52.722206861513605
8aae0ec4-e2b5-43ee-bda7-aa09fdab0aef,86.97456485154909,4.815772900352768,79.03593963407505,52.3593557253966,93.25449074829928
d619f02b-fc9c-4b0f-b17d-966886161f89,13.424435163895376,63.860822167518194,63.860822167518194,8.717613893964431,73.28414273723102
92e4f284-0cf9-458d-96c5-f398f4345e37,44.76169481337108,44.76169481337108,19.136479431944355,3.527319036633643,3.527319036633643
121e72ef-52ec-42c3-87e9-1d8e93ba3416,10.117326897299174,40.84687000045659,2.764343391062455,2.9327097489439593,2.9327097489439593
9cd31fee-7297-49ac-a917-1c7712c3cf07,2.717647460087159,31.619278583130292,28.153297883888833,28.76588071862341,7.489675017260537
afb21b54-12a2-4de4-bc0a-0d8f99e1d860,1.600234029987095,2.890905576602222,2.890905576602222,12.896628335757017,13.039903094898646
ebe2e7a6-9e2c-4724-b2d1-d524551cbfc0,4.43626906501846,3.1773967939743484,0.6143682317109594,2.041072941227428,2.74927530410272
c61ee5dc-074f-49e7-9bbd-e1411794e461,47.72648748557355,106.08222748222524,7.190710015924059,44.742918537205654,98.11928256032874
c613aa74-71f3-4f24-8498-a7c40e3acbf2,6.486417153330396,3.6434490054005995,7.242196600951583,4.716682770657423,2.759429326441722
32996b15-f7c7-4c0b-9fbd-193be4f3ec7d,1.6771553812363063,3.67131960828741,48.5719725731463,2.5184275601747412,1.7719802291798694
44792414-b943-4201-8fcf-e76f673555f3,52.91398483949724,79.93063413023243,79.93063413023243,80.488235967369,1.2944905592977258
2c72d274-5198-46dd-9c5f-12857202d4a8,5.549344383324056,0.1163039543770522,6.402165169688021,1.8300678825342982,2.8906329421076267
b0d87c90-6d7c-4731-bdc1-a539f58f8c89,3.9390666766353024,15.798352037342239,13.05780540887533,13.05780540887533,5.959188069029136
930dc005-a550-4fe4-8472-887ae4b85459,5.778815990659768,12.232555679153606,4.168696108344266,94.96456008943795,6.785278499772924
76c57bba-0546-4b7f-a93c-ec80f9a290e5,7.954005061127225,10.273423777396253,36.39544528303109,4.105443430704155,0.7796561444775185
d3053840-6b3e-4dd1-9775-b8cfe2957e55,48.84229714899419,8.937071983736965,44.5887293504059,5.289866219817896,49.71768871565918
03c03486-e442-43f5-b264-f92ec6a316c2,92.69020239514468,12.482536511056344,30.97301425061935,4.944757210741354,0.2731123366576068
accf5a73-5326-4d94-ab7a-9f83b507461d,1.6699468333915526,3.594335322320306,10.471759593738076,1.7848452900309,9.74564663670703
56a9134c-cdb5-46ec-854e-906e5c734352,3.2689713104948486,7.5351937954796355,42.45956308850676,5.511351788683833,1.6823369112296864
5d6a5c2e-bf03-48e6-ab3e-03fee83399b4,6.9219218663029345,25.114460990071667,48.43916688043292,6.8112258892724835,22.7574059901126
e71d9cf4-0fa3-441f-9b8c-94fe8f0d8573,24.967621357918336,16.15247967458536,54.908617680524856,33.69084151516346,9.319286409021945
b0d478c1-eb4f-4aa5-ba9c-fe0ade8602f9,1.053091118721164,1.053091118721164,16.37734388023738,18.410535354753385,9.613347454320946
edd8c853-5b87-4ac8-8733-f9d18dd588dd,3.076862480069564,47.29029541074235,32.318664605452774,32.318664605452774,3.1496572124250655
6a0689f1-be2f-409d-95c1-567a96b8a270,64.19535613155865,64.19535613155865,24.98361847827981,19.88028345431669,31.99714727669095
07e1052e-6d47-4863-a788-83ee3db6c20e,2.354034855838282,16.573510198065573,17.67082990094622,1.3017284189389435,3.4085596383399808
a8ba5d39-30e8-4d35-a5cd-e882c244aae8,52.13355165791032,14.074523679742303,60.16372858082015,58.39375254572278,58.77862296128706
a92301a1-8631-466b-86f7-9304b4cb2bb9,3.7291941564131186,6.056686289793283,4.726878957450105,25.622692144273785,81.23743188968287
4844579a-dafe-4dd1-bf59-72845c74f90d,15.96091689291255,15.96091689291255,13.27706673661969,7.60923088290749,19.06232931813398
27f16461-41ec-4d23-9b05-6640d39993b5,2.7266799904636256,4.563791731190645,6.741155063508138,2.057331209551243,41.10923553382074
48f67fca-bd3d-4d95-94de-d4ce85cb0896,18.809051161810682,1.9726985862078643,1.9726985862078643,12.01278629226697,19.89948627810047
28f860b9-5fd4-459e-bfdf-fff26f3660d4,26.39319701672954,62.40112206603303,62.40112206603303,43.04422681421694,43.04422681421694
5dcc77b5-0358-4324-ac20-837bad0aa9e7,75.83839731630572,96.65993489505476,96.65993489505476,59.35787624469415,58.311980667634465
cb76b6be-c988-44b1-b9ff-f923e30e9ef5,13.224960087956177,1.4593978150728508,1.4593978150728508,4.348848693739956,4.3318379677934935
8470b92c-faee-4055-85cc-cabea2769285,72.47829108974744,23.001150540754434,6.022109142717697,42.23797730690609,13.40661008636654
ffd40db0-700a-4042-b66f-d79b1bcdf873,7.8365759208121935,6.268629512631871,26.39076420331244,71.34991980107932,92.32075327966143
e0496b3a-f0e4-4eb8-8542-05a503907a5a,1.9591218590969661,17.72629377406656,4.001928742951169,80.26810781882271,80.26810781882271
b0c69f91-f43f-48a6-91fc-586757e265bd,9.95423430590694,78.94900868596781,78.94900868596781,6.621185754830477,2.0867815179247207
8089c9fe-2b74-4d2e-b0b3-cb2b306c07e7,5.3924746657646265,93.54154659989555,45.706404368433,31.80359081964915,28.117438890807936
32e2cc1c-3ffe-4840-b526-4f948de65451,0.5246078652934332,5.8105198569068275,0.8161544453490012,3.1130379573501163,8.988423917194773
9db37369-dad9-480e-8f2e-8f8c4c657186,11.353924064313883,6.649106875792565,5.965906650851493,20.570626586871246,18.966342875615585
b6ec4f98-f3cb-4ac5-89fb-4d76d6c88bb2,29.244330373395883,21.482879305779957,48.951684598755676,38.920295182155904,23.800592259451268
64300810-4bba-4874-9b9e-eee523ecbcf8,40.123624310734016,30.721287700275507,31.048223510667135,35.35939342898333,35.61961182080225
dc13522b-854d-429e-934c-c5f38ad8d28e,8.367572089752299,51.56850591369346,11.427708204042666,73.51520688312976,63.519585729064566
ff30c31a-a626-43a7-864d-e7f7535685d2,3.879056633790894,14.139824658764205,41.37694879325489,0.8495676020392441,0.8495676020392441
86bd7570-25c4-4b5f-bfd5-05371dc98d4b,37.69712899681478,1.2877924648977646,15.05314013538878,3.3614317750084206,11.124600278396892
08f7b0da-4f48-43fe-9350-b04e73374c25,11.539599875861363,3.8850896255995657,12.53545865744717,10.005735615575798,2.3726471190887968
1d7a0cf6-6327-490a-b66b-f00f95dcb2ce,12.991140388778899,4.360935222688185,10.80671873667194,15.876558072483277,15.876558072483277
94412b6b-0694-47da-ad57-965897476fb5,5.458084525146713,14.497275029828277,0.32281935056433625,17.910862967168697,3.979797152977931
5a0247a9-6083-46ec-8ae3-fe4449b0bc6e,7.434886767232898,4.678399779742523,4.678399779742523,61.906975595957945,3.970002773983823
ad02ff38-c579-4f1d-ac41-f335155e7f6f,0.6380569951924767,5.3418750216138395,1.379277275040598,66.98020428907877,9.538166955334775
efe300a9-af55-4244-af58-503b0e52a885,8.29713436485342,5.5379747354539886,2.24906372479896,6.654400926516403,1.485265529606907
dbeeac3d-607b-4752-b438-5b15708147e7,0.5806015653978779,4.631341951989289,1.6796205733785516,88.52730798033276,63.98867484057158
664a1725-5c60-4630-8c8e-5c1287b30d14,0.38349818285960646,13.755000639473542,8.312046861770565,4.3315078125394395,8.990793230211658
5e9ed4d9-48e4-4c4f-9832-61a4f82674f7,4.194676584903802,4.194676584903802,59.59141066188633,37.17300570896858,12.091148805215086
e5b41ee0-7094-4fdf-a496-32b7fcd74404,62.075695993264176,0.6260786364492507,0.6260786364492507,77.92741184907365,31.3041407465877
3f3f9a2a-ada5-4c04-bfc3-7596e0815da3,8.990811280390886,7.6351367117106035,99.75886665850281,106.15761948466661,1.7907597746443635
d0d9514d-b7db-42db-afc1-4db9074694b5,10.93589606611604,7.216889026157336,75.97829478239301,2.529432311603218,7.3822174091598995
e312b62e-1dcb-40c0-8a32-6a5beb765bb3,94.6794821160003,99.51073256149505,12.715334500646398,12.715334500646398,91.781836971012
5482a0a4-359b-464b-b9ee-73d1537e7eb7,12.89715282491021,33.714244462939554,33.714244462939554,8.705579232480831,9.791850731231365
f3ff8897-ad64-41cc-a5fe-68d83a53f475,90.07605500401166,84.3263442375525,34.39761648633946,9.155755203043984,9.155755203043984
32d78f19-560e-4011-9430-29a05c25c8af,87.50127991599358,4.418387849568554,4.418387849568554,9.482695221175629,72.10239946508858
10f6bf72-9450-4f80-bac1-150d057d4a83,3.9643052897048134,3.7667220811727486,94.67916348796217,97.46348252983302,97.46348252983302
a262f462-1fa6-410d-a728-dd0c8a29ef48,8.254735687409065,100.78794903058858,4.100251673596167,103.4510731945989,103.4510731945989
295c6486-1326-4fe1-8ea9-4ca35cae17a1,9.98403206326141,11.368678327590633,16.32075860781029,8.219819378966772,3.448122498269837
d6bc0b8b-911f-46ff-ba28-292119b7a0f1,1.0486076036944425,5.316690042128331,90.69977477386392,7.694496572900677,52.11584436136876
9dda7805-0752-42d5-b915-3bd932f43554,0.8858100149533149,0.4820859462875583,2.9992335157826746,1.3686075426059103,2.5854186717600958
2789812f-f952-4299-a10f-de962b66b2ed,6.253063115294578,6.253063115294578,3.1166712022053016,7.181268566500007,62.655411434708235
463e72ad-8ad3-465a-acc3-8ad2150c3c9e,33.419544769529494,24.23873366331258,1.1562586170157114,27.286031129761078,4.331979195428297
1f326622-64be-44e2-be54-8481137486e9,3.7931339603483583,3.89174601705391,23.825467301962945,23.825467301962945,5.585046523919712
6699d417-77f5-4dd5-8e1f-42bd69f51dce,2.633216536485359,3.0649838062307264,1.9827599398845424,20.439024604752248,12.278120022327982
97bcef75-5b2b-41bf-a229-c9862c4f6323,2.3366907091953224,4.599455163355683,7.566144728125253,3.7490794180903335,2.3425466458526696
d03afb59-cf0a-4608-b70b-e23bfb2971b5,93.45570541366698,10.893780503755258,63.40507002440429,6.8069353187726325,85.21911105919202
7539467d-f144-49ab-9fcc-ab3ad6cd3636,69.93500757360955,69.93500757360955,18.81618305237732,79.37338210757338,79.37338210757338
f99f5b86-ac50-4d35-b167-39014c5096a8,99.58898079682224,22.386789542408643,20.89230794568161,69.59701582447205,13.01560666090428
3862ae82-a207-4fd0-9295-0280563499ec,79.18370526325764,81.72404759628463,85.89609511796789,84.81770719155465,72.77255179760176
2f10ca11-56b8-41fc-8841-3ad03cd41472,10.271296208379763,55.1867520360646,95.90308097733632,5.9002814303353,81.96383111332403
4b85e2a1-5cd9-46a1-a280-1bdfc4c7badb,11.883470003872572,11.546295595837506,13.762896072559835,11.746532986081297,63.14541634811564
ccfe40d1-ccf8-4153-a134-a8771f35cedb,11.569307464872812,13.888519516835316,8.99334250395315,88.89708277284855,96.8831823426271
b7bb3882-1ddd-4a01-98bc-7960d7176473,91.57449255346542,91.81489048106893,16.629674077480423,94.67160757516022,47.33191168121236
9372a5cf-a64c-4a85-a601-a3a2258654aa,78.780497738628,12.37703019631996,11.94620145382325,90.13344079184202,13.819673399221092
c16c52df-c90d-413c-aceb-84ffc0ed4b66,83.9266085691419,33.44615784755911,86.15322196783536,5.189736531010036,23.52121042324232
d5baa05b-fdb3-4d91-97bc-d13fa1b8e5e3,3.6606094388974193,9.14633049816595,1.1970750584542085,6.942735447068891,3.3545550271384452
b2d1d7e0-f464-4e3e-9f1c-c3bb88073004,107.84372407423257,106.78394771401959,106.78394771401959,106.55184460842783,106.55184460842783
9db1a7f3-8e6d-42f8-a50b-4e13debc04ae,54.383460219643354,79.84297939833748,47.29686051408288,95.2938974833161,28.727259930408476
fe3c6d90-6054-4cb1-840d-e338aba0cbd7,23.774079339686672,60.0464021893942,25.67548145373466,60.37455875074021,5.654514385031969
55330814-28a9-4d65-81c6-0f9ef56ef284,1.703871003600649,55.71780144120018,19.883990920436805,19.883990920436805,17.511137087735513
92a8dd95-e785-4117-8c60-f04096f828b8,30.864209878516107,6.5944903904488905,8.845013058215365,1.8584319825981963,1.437516854479001
3fb83803-3efd-442a-818d-a6609eb2fda6,36.58219029462736,1.3946597160438523,16.468876735040045,27.37793979378599,22.106011101864677
48b96976-9f09-4fe7-a1a3-10e1c59ea0cc,1.3593061157750082,87.0500750893051,36.66981539630857,87.00199714707865,87.00199714707865
495f162e-af26-4e2a-aa0f-d337619c351a,38.543807414864204,34.723124521558766,6.568262746850752,37.852192477248856,32.43291587398417
3d43a468-2f32-4ae1-a4a0-3abb55968faa,8.127476900292615,7.387968246383801,7.387968246383801,7.4244429694246135,79.42250689657469
4dbde533-b260-4348-8143-23d4292a6bbf,17.59079087572467,68.4261677406572,7.681810878269331,1.2100236722177207,1.3176991277019534
750a8cdf-9bc1-45a6-99f1-2aea2df03e11,8.003974944556234,8.890871697339303,7.119501397185995,3.2779757264968943,4.80436579686305
4ccf112e-abe4-4413-b504-cbd960019a8a,41.62565003395957,43.761158838156646,34.400034616305824,1.7072627558686821,6.006991480075757
b9eabfad-9dcb-46b8-b02b-3e86c977cab4,14.955679702664648,6.7094676939048155,106.59627528286144,9.421113047500853,91.30124190874982
9a9746b2-44cf-4529-baf3-a5a396c2100a,9.37299541776423,12.190593907212085,10.858229623083144,12.687552653813386,12.687552653813386
7738066b-d395-48e7-8c0e-000f0d0d5e0c,55.32520738113656,61.834330978799,61.834330978799,7.460638046011641,28.036410619283046
9ca47b23-e88f-4d34-b035-d952b018203d,7.9921103302922445,16.567786284701278,102.2065407766195,104.85597997508808,46.73521472758074
c2b252f5-b813-4551-afba-c5a79c77b8bf,11.90645180955831,59.348005177693295,57.233628910467864,57.86752879634034,57.86752879634034
a7ec744c-e073-4d70-a327-1b7156eb5fbb,86.1686710831671,97.14298443752409,92.03483633080359,92.03483633080359,2.883203236182586
b28cd77b-86cf-4b89-9e9f-71d7ceb01ce5,18.70485243021721,66.70244347192657,2.6934878402687987,19.093297206990755,5.362317975900549
781f52ab-ace5-49ad-9e88-6585a3ff423e,64.52766021112042,13.422100124965475,0.8564466737365448,11.614106116287656,4.067208697699019
972eb68f-d481-4756-a2d7-91946ef14487,96.95313120808107,67.02279509488561,4.418833939091198,4.418833939091198,1.2525278563585753
edd1d813-9410-4cfb-8b31-a7582eabba0f,90.2134445098411,53.54856907865132,53.54856907865132,43.79292380981478,77.61318778041749
443c4a40-51a9-4c68-95dd-0863579ab175,8.055460922348498,56.49145359292944,27.615973472351126,71.8716376297091,7.18693714967728
b5c95548-af90-4b4b-8127-e46a61f1100c,4.7220584887595685,1.8156241580919752,52.6968916567464,7.189907629474545,7.189907629474545
f0977088-ca74-451a-9397-85a603f3a1fe,1.327692439933868,42.13395051695387,41.25720071331104,60.059907010940115,73.1447145519395
2c74eaa1-b566-48fb-8070-24b6d8229158,2.1843394438755253,17.742774926956372,74.53992767796205,39.958147622978224,34.13745153481526
5f7869fc-4c80-40ce-a89d-92096ce8c06f,0.9067698182207032,2.5620142533900188,3.002191266896816,0.8918983315718522,2.5209795199210285
cafa79db-3553-4313-bbf6-635b2fc8d2c7,2.6131217558722306,2.761931380090781,2.761931380090781,17.69200578864102,0.6483160309394135
597af24b-fe38-4e91-9a8a-b167c17dec20,1.7534416393258798,73.0877969825782,1.6584815862103819,60.77361395633587,23.211729230715555
5fbbdf3c-954b-4b41-b5e1-f72f65eb5768,0.48004249353806283,5.437725843097137,10.41411822584991,2.3698581107080634,11.475464662153529
3dd9019f-2085-4397-86e3-7aa7e5df6b9f,2.955313488094574,105.31305442539815,19.970540726014622,34.75367580984963,5.844680379562007
d6e109aa-c1c9-4389-a512-4437c43af1a0,0.05351480057675286,5.3638824864972765,18.363389190278326,9.646109772934892,4.978140280479856
0b5287de-d621-44b1-a4d3-c824e1eb43dd,3.412870969395149,5.615918116606497,4.2587812288650895,14.35722242324505,16.935275535553348
7edfbdc7-78cd-4a93-a4a4-df64150716c8,7.092161809822616,3.7083747558296523,2.334532774623096,7.8402998563034485,13.058238749382856
ec098581-0a35-4d73-8165-a0b76a5fcc72,40.92347222248108,28.04544220633596,19.824109528825964,28.664059525086696,41.4316626609084
2202fecf-5079-4ea0-a453-f9b2e9375bb5,10.676538169546898,18.28965867441796,11.648565570537269,52.372816913813665,18.119305038213398
3b53019e-fda9-4c94-aff6-08df6f779e23,4.062462679034986,8.957420654290006,4.812885591778934,4.602119669917678,9.14758909458183
5997ca9e-65a2-4bd1-a6eb-37eb34cad7e7,35.8873786735754,1.5003534489672314,20.708177007142677,19.278664494721607,35.66886336260945
15e626a0-ee44-4144-967d-901de064bded,2.856972435080401,38.580057062552314,11.643595861290393,3.7354847773925424,14.776302215363732
39491016-3817-4581-b3bf-51332f4636d7,5.991067296390786,69.37262326445489,78.88473334881532,78.88473334881532,76.64111462939196
e22619cc-1827-4e85-a604-6e26b7634181,3.652016777426398,33.15375605424992,2.6551592761328067,3.2833418950559743,13.410402029373236
36620cf9-ee40-48d6-9456-4d117745d4d7,13.610168775317792,1.413109823879326,15.31593562175237,4.828142676472607,16.52388812808378
7e65fd2c-302c-47b1-b7a6-fb98b7d3e9ac,16.642996586254284,10.893583780165484,12.138338531440942,8.659681597491351,16.21669496623889
6a219318-4383-4862-9723-76836f6379df,43.323323066489245,16.77737159111105,46.08807918402405,41.37637618940471,42.327738682392756
c9359f77-1a32-4d4b-bf59-c38542d83c39,20.4996403824711,1.9604508763878612,9.684789479134237,31.876245531648063,2.042844391778676
d427daba-bcea-4212-b1e6-f964701f8377,0.6907278663830971,62.370218765091025,58.73507061745794,15.974254373467348,60.579239202228145
bbc2b39b-7959-4b71-a771-d443e698f522,31.037531327958114,5.010587035451405,24.833073637852177,24.833073637852177,34.12494292054031
3e493d55-8863-40d2-8aed-d5b5a2347819,7.018669180017337,63.208003584947754,63.77634142803268,94.15513083915303,5.968504453734554
2b43830f-556d-43d4-84a5-8269f550cc12,35.581423233615205,35.581423233615205,13.88066207071183,15.890188004623017,11.92747322018317
3bee290c-0c97-4471-8c85-e9d584bc63c5,52.8084481049733,79.82629616680252,79.82629616680252,80.38446331970334,9.449740114204472
3e490d50-c155-4dc0-bd92-6cefba607b78,10.006967386996681,2.65946595680231,40.81837854252937,3.0748837939781977,3.0748837939781977
a5426ca9-4610-425f-a4f6-ce8b9d086924,6.427450018474966,3.7166726847386626,7.282824678113544,4.796034125168581,2.8420905919902357
c4ad4823-7d6b-4329-86f3-f431092cfadb,2.6630527803232327,31.504020761467327,28.03807797574273,7.380926238796258,28.651033944951443
ce41bcb5-9b72-41e4-be1e-9fc1a2ab0833,3.0126168098331,3.0126168098331,1.5011462943709741,13.002399153278665,13.136472536256152
2fe5c4e8-b98a-4145-b672-8bb5975d65e1,4.532135826359324,3.109914520621442,0.5542567139307685,2.8379338680916915,1.9453770082548898
d1f3b07e-abcf-4729-9824-dc36dd08b725,47.79744766257443,106.15823948651837,7.114434333202615,44.81197873881654,98.1944774950298
e7da6ba6-93a2-480a-a48e-63d76e7da394,1.5457289515845698,3.7803457552080486,48.488484436861064,2.427576430519919,1.6369918781751354
61925ae6-1d8e-4f2f-8849-45cea7fe76ac,6.397597036393186,10.425662684779452,5.985769759910991,7.256885414817307,5.007580771087452
afa6341d-734c-4d10-b1a4-f59d3d87959d,1.2161961410469588,6.9190858245571585,6.9190858245571585,15.440285191265547,16.455914600964828
3dd16c2d-4344-4cdb-99eb-e7d55acaa568,1.0648054743904112,40.97286412685376,15.939712190312981,17.719439264136657,1.1903827747037135
4ce290d0-9dcf-4b55-807b-ddc221c18d6b,19.322568704192815,9.478142238508074,12.117969889759443,12.117969889759443,16.955597349490006
9ed01120-9a1e-40cc-b0da-03f14f44cc5b,10.268263586922311,6.426201204503583,51.17253556600573,0.140972062533854,44.976273569071495
b1a7b007-dd69-4681-8061-56694eb73f16,17.525483390019673,0.9164430365719408,0.9039594748318066,6.138072803713456,5.347414786240248
db325316-f5ff-4452-bd63-4444c6854f40,2.499224344463282,5.030968825587906,0.7950659786610645,12.496248028548425,0.8447456282939867
14a2f9bf-f05b-4d3f-857e-120b34b049a1,0.7302610915668798,11.247249358690324,1.2150579888240987,1.3877842141559051,4.028712516876201
ef4fb258-a870-49bf-8146-db32c3b223d7,2.097094695332342,0.5571310641899642,0.5571310641899642,11.486263469107232,18.643188723619982
b775be83-e760-434c-817f-2058d7adbadb,0.2225096675745884,3.634774894599941,3.634774894599941,2.1763999779212755,87.5715134385681
53630620-0140-4244-8d37-6090bae3c011,99.08760302140502,1.6502845931020234,1.6502845931020234,98.08527632989589,3.4334658546898225
fe3317f9-1e08-4ebb-b763-21c81e4d12b6,55.338315612743166,48.780026633182295,61.46559054121188,4.471293087908145,2.1050056712211096
503976b4-ea74-41da-b422-670d63bdb966,42.43751048235099,39.806559265720026,23.244198552400224,37.58477282751566,9.81966167423667
3ff8f409-ce71-4cde-a84c-dd5a470c0167,9.826207197477085,7.781723223035188,7.781723223035188,6.641537154616209,30.808529057154388
1a5a8067-39e2-40ff-a4b4-9a0237e0ded6,93.30087784823193,82.114612603116,3.1424081243993682,6.808225556863092,59.04457804606078
5c65c646-e79f-4b30-bff6-f014f1d1e5bc,5.475881366312459,68.74358691449883,6.07986590319968,67.06542646068915,5.080257150366804
99bce352-53b3-4980-81ca-7a963b82ca3b,4.7094449677496915,1.230327161861398,24.378456054696606,26.99051720279314,0.34402655711638835
392c7eac-8070-4d1c-8ad3-a98ebf2abfa3,44.508837099603525,5.901650158733155,1.0539438180394405,37.25379878739744,44.091790468914255
57fbde74-3998-4879-98d6-7434273956aa,3.3269025743416973,1.3609729237999404,0.46132378456965994,78.4569025734498,16.044261331448713
1883ffe5-6eb1-4851-935b-150e9fa7069f,3.386534564812093,4.474022866666315,7.104020952918439,0.6309109922573128,13.89800287583362
7309c0f8-a682-4327-b261-591afa4baca4,4.511919214683952,3.7971616115942934,1.6489081334707734,1.91414080760779,7.317568164114012
0ddb6dd0-62aa-4e04-be53-e73b216fded5,37.223865496926514,22.740537261223466,81.61368397823352,3.571001725639232,9.252911426866364
995181cf-c059-4b89-9245-8457e5f2944f,6.593419375161402,49.00157036216533,61.21496145045915,1.575741150910026,8.433567891115265
93298a70-2a39-4869-82bf-1bd3accfee71,5.507126634556716,2.2571319738346154,42.78551848394046,7.802181771380681,7.802181771380681
bc809b4c-a50a-4871-a6bc-14a60add00a7,40.97408160608974,1.822619964257005,8.536623976853875,7.269639455791622,8.165560689564971
cb64fa8f-53b1-4e72-a5ac-93681117de6a,2.009620356411186,2.324556761436183,18.1382432461953,2.2033884131348556,2.1086123189393247
ed086bb5-f8b1-4399-8f87-fcddf44f59f5,3.2534776594190746,4.624066565068885,5.813167383169493,17.928328463156163,16.89036001578756
a5b9db23-3a20-4082-973a-b4fbcb691c14,51.162396061886106,82.87010724116641,18.044498089224575,6.3450334533937465,27.900211648636766
58b9b2b6-53df-4a03-a0ba-09c4dddfd30f,5.385625062103867,13.749791248321715,10.410469023109249,94.75988513700092,92.43763742510362
6d1044a3-af52-42a9-9139-4fc80a98d884,17.784783684914707,12.04520224903333,19.653819029686957,5.831544098617814,9.471044571409951
0e575019-d95d-4bf6-ae81-9734572bda11,19.388274149781687,3.1610019912420997,3.1610019912420997,6.649791661254842,18.80439572127729
3e499ca4-5a31-493c-b22c-30d710519205,14.347883606406995,5.007550875995943,5.007550875995943,11.203796983709704,19.483968648468856
1ab1820b-b7e8-470d-81f1-22c59c9a5a8e,57.082441326752814,1.7045425934137697,10.076826389603601,5.805521765789977,14.42970952879363
7b5809bb-29cc-44c7-8b54-09610ca4ec62,0.7119073051664019,6.796506489204468,6.796506489204468,0.6346186254860787,5.92745580011517
584b7caa-ecfd-4c18-81b2-4554b518d3d4,1.7888839074289735,40.86648121960508,16.97769792062226,16.97769792062226,36.8887334115891
eee119f8-6f5c-47a7-bc9d-e2d16cd8df03,6.530556371674315,6.259508865641943,64.43876034699055,64.43876034699055,29.335349066631622
772c25d1-60f7-4f9e-bca4-66c56c069f54,23.920450754750963,15.119132402971635,20.791901684276567,18.32637396389092,21.663239377802242
fa2c8d1e-d19d-4bdb-99f8-674ed1847d10,16.39417178600403,14.412336567729119,60.05431226447126,56.33695372530522,58.305483012529145
6485313d-c096-48f9-ac28-e50ff49c1189,18.38559848081875,43.76022539787322,15.376688960681257,23.73779051386582,20.037255584420468
5fb412e4-b53e-4830-8f78-0ef367425461,3.3169593487079516,4.562632771204829,4.562632771204829,2.863984688463119,32.93420282445126
a6bef881-9209-42ca-878b-095aabb8f73d,15.378291930112159,4.138954116780576,6.742882365794168,3.975222604977277,7.780999970074738
5418007d-fcef-4156-8f28-2ee655897745,5.425303887011308,5.425303887011308,0.7838380904679682,7.206635576371349,89.34854432792203
b4e4bd6d-f71d-4069-b3e9-cd9ef22ebfac,44.31687180637861,8.90809335337583,0.6524741713490075,40.32350665492137,34.761067406507536
1db42098-deff-43d3-8b7e-4181459936e2,13.762937564064437,17.609792461830043,48.46641928750111,39.380202001305555,22.432221918877655
d70e7942-0f38-43a9-b31c-c259918140dd,33.57488355689583,1.1401285857038193,15.552705366330628,15.552705366330628,36.012130493012236
178c19a1-6ecc-4c68-87ca-af3c1e2056f1,16.2246953109314,69.83783526684554,8.030604998515914,8.030604998515914,65.76909397886669
7c92d5a7-1cdf-4d0b-b457-f4f486a04463,65.51771543720176,42.92656152632693,74.71857568004509,75.40317530187403,5.64962176320117
cca7f428-f5dd-4bac-9555-da670727e7f4,0.613062059943725,0.613062059943725,1.4819712145798392,5.555184723729285,3.1342924887114982
c4c9965d-81d9-4440-9753-6ecea027a639,10.625849135581232,84.49432132244118,90.60255213249474,7.475575462599953,14.526513271546351
8bf5aa78-aa99-4796-93ea-22b64cffb217,1.3681851043465987,8.262705990359052,7.523412657801842,2.3361654742602314,14.356018859205092
d07b056c-40bb-4e27-93a3-49bb18c26525,4.44566781810612,15.293964032335042,13.154809039833085,14.191521017186115,0.4989164099364554
d89b5226-dbb0-4da9-8553-26bb7356778d,8.256322048630727,8.682688217221749,11.45222294598195,13.777322979756491,13.777322979756491
9b2c659c-b3b4-41d2-a18c-8b59d8a1b8b2,49.68410459894993,21.648721194286956,21.383656267883868,23.1284253974858,50.32771128865568
6e1fe0d3-619e-4c62-b536-11eba6608737,92.06408932267395,86.08569291180707,17.151344122565686,71.83170796827463,84.6171495894973
ff340b4d-2777-49c9-898b-1ba25ab61cdd,13.24575461140699,15.762660395120664,1.8299782541229372,18.16760401868673,12.223217939037546
8393b261-613b-49f2-ab1f-6e774b12c536,18.061850894362177,8.811915380567756,1.4135940506706877,54.79610905718786,54.79610905718786
c36b0bd2-8d40-4d3a-803c-280081fcb1dc,1.649687546216929,18.123524452743872,3.868293243910677,57.76158924556255,5.263233101114347
e59192a5-b72f-4b1e-96d6-0b1fce0842a0,2.2832754278707044,2.2065787286641005,3.9271442915354,12.179491355081861,1.2665180719841116
4f8dc96a-d662-4177-aaf9-d1e1e32f037f,0.27391165800284095,47.93518026227567,9.3743838812017,1.4955804678924713,1.4955804678924713
3f8908af-c37a-4be5-87ef-50df9af96ef6,91.08317511328771,93.61262189229872,93.61262189229872,1.5961612986625484,90.27231621598347
a652e983-2ee7-43f1-ba45-349041fade59,79.14492935660623,80.50027761722096,2.595938619179821,13.555264767446216,19.64155665330539
c886d8cb-0fca-44b3-bcf1-d3201bf63b38,1.6526831039280987,15.754305887720433,73.81309368542126,44.858216235630316,44.20877126464502
277270a4-52e9-4903-838a-1a64a2622a3d,15.877878403563827,12.801462434685908,68.00039733764726,9.636123205206289,8.954725652014542
4d41b777-45e9-4ae0-862a-80a0ad9d9686,18.55286462428218,18.762319677510735,13.603119009957853,19.229232778210907,3.531294120879075
97c10bed-5b24-4a4a-bb8c-f67b445ec7c0,21.273335953524644,80.8776356619126,7.820373225754367,83.77786059662175,50.02777993578711
7a3c64c0-c6d4-4914-af4a-fbaf17dea0b2,13.207417048925015,66.93341243405607,14.157750748181272,58.91170063750324,58.91170063750324
b26c2d49-4fcf-42c8-b6d8-84904309dd93,16.26134741352575,17.010522678835738,7.294960094360699,19.12912780546188,0.8060630714643922
c2253149-f39e-47b0-b485-6d496f639529,7.115967741207418,80.83564072331508,8.87569541945767,3.5298372076199325,44.62752811157883
d7c74b20-3be5-46f8-adbe-4546479473fe,6.019288231850453,6.019288231850453,80.06608570373567,61.84171176326983,16.66293948829041
59e9ddbd-091e-4058-86fe-6ef410a412da,61.053563200674475,5.201993427096587,18.938933220026264,8.987648649333474,2.1199026248381814
55e10c1e-d44d-466d-9ddf-27a37f138328,5.190384055115176,84.92809992085428,42.12502972735688,58.7215276736157,19.10504891442579
1db36069-cc80-46d1-bab6-1f6e9050af9b,5.776461509008113,11.11763016396624,45.1748944256889,7.6272243347276945,92.89614524165974
f2f18ae5-5c4f-4a75-8923-313ce518ee7e,7.836500581820342,6.864665484423373,6.864665484423373,5.900185239999235,0.8563933865724436
f24820ec-91ab-445f-8107-2bba25a14cf9,59.918408022727654,60.93520573801229,4.580025721020901,4.580025721020901,58.13619133340927
549a6a4a-e238-45e9-92ec-cfab79dba654,16.569359651492,7.131654496708661,7.131654496708661,16.761694649092956,2.9730749585229437
